-- Licensed to the Apache Software Foundation (ASF) under one or more
-- contributor license agreements.  See the NOTICE file distributed with
-- this work for additional information regarding copyright ownership.
-- The ASF licenses this file to You under the Apache License, Version 2.0
-- (the "License"); you may not use this file except in compliance with
-- the License.  You may obtain a copy of the License at
--
--     http://www.apache.org/licenses/LICENSE-2.0
--
-- Unless required by applicable law or agreed to in writing, software
-- distributed under the License is distributed on an "AS IS" BASIS,
-- WITHOUT WARRANTIES OR CONDITIONS OF ANY KIND, either express or implied.
-- See the License for the specific language governing permissions and
-- limitations under the License.

-- MySQL dump 10.13  Distrib 5.5.34, for debian-linux-gnu (x86_64)
--
-- Host: localhost    Database: xa_db
-- ------------------------------------------------------
-- Server version	5.5.34-0ubuntu0.12.10.1

/*!40101 SET @OLD_CHARACTER_SET_CLIENT=@@CHARACTER_SET_CLIENT */;
/*!40101 SET @OLD_CHARACTER_SET_RESULTS=@@CHARACTER_SET_RESULTS */;
/*!40101 SET @OLD_COLLATION_CONNECTION=@@COLLATION_CONNECTION */;
/*!40101 SET NAMES utf8 */;
/*!40103 SET @OLD_TIME_ZONE=@@TIME_ZONE */;
/*!40103 SET TIME_ZONE='+00:00' */;
/*!40014 SET @OLD_UNIQUE_CHECKS=@@UNIQUE_CHECKS, UNIQUE_CHECKS=0 */;
/*!40014 SET @OLD_FOREIGN_KEY_CHECKS=@@FOREIGN_KEY_CHECKS, FOREIGN_KEY_CHECKS=0 */;
/*!40101 SET @OLD_SQL_MODE=@@SQL_MODE, SQL_MODE='NO_AUTO_VALUE_ON_ZERO' */;
/*!40111 SET @OLD_SQL_NOTES=@@SQL_NOTES, SQL_NOTES=0 */;

--
-- Table structure for table `m_acct`
--

DROP TABLE IF EXISTS `m_acct`;
/*!40101 SET @saved_cs_client     = @@character_set_client */;
/*!40101 SET character_set_client = utf8 */;
CREATE TABLE `m_acct` (
  `ID` bigint(20) NOT NULL AUTO_INCREMENT,
  `GLOBAL_ID` varchar(512) NOT NULL,
  `VERSION_NUM` int(11) NOT NULL DEFAULT '0',
  `LU_TIME` timestamp NOT NULL DEFAULT CURRENT_TIMESTAMP ON UPDATE CURRENT_TIMESTAMP,
  `CREATE_TIME` datetime NOT NULL,
  `UPDATE_TIME` datetime NOT NULL,
  `COPY_OF_ID` bigint(20) DEFAULT NULL,
  `COPY_OF_VER` int(11) DEFAULT '0',
  `STATUS` int(11) NOT NULL DEFAULT '0',
  `DSCN_ID` bigint(20) DEFAULT NULL,
  `PRI_GRP_ID` bigint(20) DEFAULT NULL,
  `PRI_ACCT_ID` bigint(20) DEFAULT NULL,
  `ADDED_BY_ID` bigint(20) DEFAULT NULL,
  `ADDED_BY_NAME` varchar(100) DEFAULT NULL,
  `UPD_BY_ID` bigint(20) DEFAULT NULL,
  `UPDATED_BY_NAME` varchar(100) DEFAULT NULL,
  `CHNG_REASON` varchar(4000) DEFAULT NULL,
  `IS_SYS` tinyint(1) NOT NULL DEFAULT '0',
  `UP_COUNT` int(11) NOT NULL DEFAULT '0',
  `DOWN_COUNT` int(11) NOT NULL DEFAULT '0',
  `RATING` int(11) NOT NULL DEFAULT '0',
  `SEL_COUNT` int(11) NOT NULL DEFAULT '0',
  `SHR_PREF` int(11) NOT NULL DEFAULT '0',
  `CUST_NAME` varchar(1022) DEFAULT NULL,
  `SUPPORT_OPEN_ID` tinyint(1) NOT NULL DEFAULT '0',
  `ACCT_CODE` varchar(25) NOT NULL,
  `ACCT_TYPE` int(11) NOT NULL DEFAULT '0',
  `ACCT_STATUS` int(11) NOT NULL DEFAULT '0',
  PRIMARY KEY (`ID`),
  UNIQUE KEY `M_ACCT_UK_GLOBAL_ID` (`GLOBAL_ID`),
  UNIQUE KEY `M_ACCT_code_uk` (`ACCT_CODE`),
  UNIQUE KEY `M_ACCT_name_uk` (`CUST_NAME`(767)),
  KEY `M_ACCT_FK_DSCN_ID` (`DSCN_ID`),
  KEY `M_ACCT_FK_PRI_GRP_ID` (`PRI_GRP_ID`),
  KEY `M_ACCT_FK_PRI_ACCT_ID` (`PRI_ACCT_ID`),
  KEY `M_ACCT_FK_UPD_BY_ID` (`UPD_BY_ID`),
  KEY `M_ACCT_cr_time` (`CREATE_TIME`),
  KEY `M_ACCT_up_time` (`UPDATE_TIME`),
  KEY `M_ACCT_lu_time` (`LU_TIME`),
  KEY `M_ACCT_own_clone` (`ADDED_BY_ID`,`COPY_OF_ID`),
  CONSTRAINT `M_ACCT_FK_ADDED_BY_ID` FOREIGN KEY (`ADDED_BY_ID`) REFERENCES `m_user` (`ID`),
  CONSTRAINT `M_ACCT_FK_DSCN_ID` FOREIGN KEY (`DSCN_ID`) REFERENCES `m_decsn_hist` (`ID`),
  CONSTRAINT `M_ACCT_FK_PRI_ACCT_ID` FOREIGN KEY (`PRI_ACCT_ID`) REFERENCES `m_acct` (`ID`),
  CONSTRAINT `M_ACCT_FK_PRI_GRP_ID` FOREIGN KEY (`PRI_GRP_ID`) REFERENCES `m_groups` (`ID`),
  CONSTRAINT `M_ACCT_FK_UPD_BY_ID` FOREIGN KEY (`UPD_BY_ID`) REFERENCES `m_user` (`ID`)
) ENGINE=InnoDB AUTO_INCREMENT=2 DEFAULT CHARSET=latin1;
/*!40101 SET character_set_client = @saved_cs_client */;

--
-- Dumping data for table `m_acct`
--

LOCK TABLES `m_acct` WRITE;
/*!40000 ALTER TABLE `m_acct` DISABLE KEYS */;
INSERT INTO `m_acct` VALUES (1,'1381174553536_467_51',2,'2013-10-07 19:35:53','2013-10-07 12:35:53','2013-10-07 12:35:53',NULL,0,1,NULL,1,1,1,'System ClI',1,'System ClI',NULL,0,0,0,0,0,0,'XA Secure',0,'EXWC',0,0);
/*!40000 ALTER TABLE `m_acct` ENABLE KEYS */;
UNLOCK TABLES;

--
-- Table structure for table `m_acct_h`
--

DROP TABLE IF EXISTS `m_acct_h`;
/*!40101 SET @saved_cs_client     = @@character_set_client */;
/*!40101 SET character_set_client = utf8 */;
CREATE TABLE `m_acct_h` (
  `H_ID` bigint(20) NOT NULL AUTO_INCREMENT,
  `H_FROM_TIME` datetime NOT NULL,
  `H_TO_TIME` datetime DEFAULT NULL,
  `H_STATUS` int(11) NOT NULL DEFAULT '0',
  `H_SESS_ID` bigint(20) DEFAULT NULL,
  `ID` bigint(20) DEFAULT NULL,
  `GLOBAL_ID` varchar(512) DEFAULT NULL,
  `VERSION_NUM` int(11) DEFAULT '0',
  `LU_TIME` datetime DEFAULT NULL,
  `CREATE_TIME` datetime DEFAULT NULL,
  `UPDATE_TIME` datetime DEFAULT NULL,
  `COPY_OF_ID` bigint(20) DEFAULT NULL,
  `COPY_OF_VER` int(11) DEFAULT '0',
  `STATUS` int(11) DEFAULT '0',
  `DSCN_ID` bigint(20) DEFAULT NULL,
  `PRI_GRP_ID` bigint(20) DEFAULT NULL,
  `PRI_ACCT_ID` bigint(20) DEFAULT NULL,
  `ADDED_BY_ID` bigint(20) DEFAULT NULL,
  `ADDED_BY_NAME` varchar(100) DEFAULT NULL,
  `UPD_BY_ID` bigint(20) DEFAULT NULL,
  `UPDATED_BY_NAME` varchar(100) DEFAULT NULL,
  `CHNG_REASON` varchar(4000) DEFAULT NULL,
  `IS_SYS` tinyint(1) DEFAULT '0',
  `UP_COUNT` int(11) DEFAULT '0',
  `DOWN_COUNT` int(11) DEFAULT '0',
  `RATING` int(11) DEFAULT '0',
  `SEL_COUNT` int(11) DEFAULT '0',
  `SHR_PREF` int(11) DEFAULT '0',
  `CUST_NAME` varchar(1022) DEFAULT NULL,
  `SUPPORT_OPEN_ID` tinyint(1) DEFAULT '0',
  `ACCT_CODE` varchar(25) DEFAULT NULL,
  `ACCT_TYPE` int(11) DEFAULT '0',
  `ACCT_STATUS` int(11) DEFAULT '0',
  PRIMARY KEY (`H_ID`),
  KEY `M_ACCT_H_TOTIME` (`ID`,`H_TO_TIME`)
) ENGINE=InnoDB AUTO_INCREMENT=3 DEFAULT CHARSET=latin1;
/*!40101 SET character_set_client = @saved_cs_client */;

--
-- Dumping data for table `m_acct_h`
--

LOCK TABLES `m_acct_h` WRITE;
/*!40000 ALTER TABLE `m_acct_h` DISABLE KEYS */;
INSERT INTO `m_acct_h` VALUES (1,'2013-10-07 12:35:53','2013-10-07 12:35:53',0,NULL,1,'1381174553536_467_51',0,NULL,'2013-10-07 12:35:53','2013-10-07 12:35:53',NULL,0,1,NULL,NULL,NULL,1,'System ClI',1,'System ClI',NULL,0,0,0,0,0,0,'XA Secure',0,'EXWC',0,0),(2,'2013-10-07 12:35:53',NULL,1,NULL,1,'1381174553536_467_51',2,NULL,'2013-10-07 12:35:53','2013-10-07 12:35:53',NULL,0,1,NULL,1,1,1,'System ClI',1,'System ClI',NULL,0,0,0,0,0,0,'XA Secure',0,'EXWC',0,0);
/*!40000 ALTER TABLE `m_acct_h` ENABLE KEYS */;
UNLOCK TABLES;

--
-- Table structure for table `m_acct_role`
--

DROP TABLE IF EXISTS `m_acct_role`;
/*!40101 SET @saved_cs_client     = @@character_set_client */;
/*!40101 SET character_set_client = utf8 */;
CREATE TABLE `m_acct_role` (
  `ID` bigint(20) NOT NULL AUTO_INCREMENT,
  `GLOBAL_ID` varchar(512) NOT NULL,
  `VERSION_NUM` int(11) NOT NULL DEFAULT '0',
  `LU_TIME` timestamp NOT NULL DEFAULT CURRENT_TIMESTAMP ON UPDATE CURRENT_TIMESTAMP,
  `CREATE_TIME` datetime NOT NULL,
  `UPDATE_TIME` datetime NOT NULL,
  `ACCT_ID` bigint(20) NOT NULL,
  `USER_ID` bigint(20) NOT NULL,
  `ROLE` varchar(128) DEFAULT NULL,
  `STATUS` int(11) NOT NULL DEFAULT '0',
  PRIMARY KEY (`ID`),
  UNIQUE KEY `M_ACCT_ROLE_UK_GLOBAL_ID` (`GLOBAL_ID`),
  KEY `M_ACCT_ROLE_FK_ACCT_ID` (`ACCT_ID`),
  KEY `M_ACCT_ROLE_FK_USER_ID` (`USER_ID`),
  KEY `M_ACCT_ROLE_cr_time` (`CREATE_TIME`),
  KEY `M_ACCT_ROLE_up_time` (`UPDATE_TIME`),
  KEY `M_ACCT_ROLE_lu_time` (`LU_TIME`),
  CONSTRAINT `M_ACCT_ROLE_FK_ACCT_ID` FOREIGN KEY (`ACCT_ID`) REFERENCES `m_acct` (`ID`),
  CONSTRAINT `M_ACCT_ROLE_FK_USER_ID` FOREIGN KEY (`USER_ID`) REFERENCES `m_user` (`ID`)
) ENGINE=InnoDB AUTO_INCREMENT=20 DEFAULT CHARSET=latin1;
/*!40101 SET character_set_client = @saved_cs_client */;

--
-- Dumping data for table `m_acct_role`
--

LOCK TABLES `m_acct_role` WRITE;
/*!40000 ALTER TABLE `m_acct_role` DISABLE KEYS */;
INSERT INTO `m_acct_role` VALUES (1,'1381174553961_175_65',0,'2013-10-07 19:35:53','2013-10-07 12:35:53','2013-10-07 12:35:53',1,2,'ROLE_ADMIN',1),(2,'1384865595575_514_52',0,'2013-11-19 12:53:15','2013-11-19 18:23:15','2013-11-19 18:23:15',1,3,'ROLE_USER',1),(3,'1384865596089_534_71',0,'2013-11-19 12:53:16','2013-11-19 18:23:16','2013-11-19 18:23:16',1,4,'ROLE_USER',1),(4,'1384865596487_131_90',0,'2013-11-19 12:53:16','2013-11-19 18:23:16','2013-11-19 18:23:16',1,5,'ROLE_USER',1),(5,'1384865596929_757_112',0,'2013-11-19 12:53:16','2013-11-19 18:23:16','2013-11-19 18:23:16',1,6,'ROLE_USER',1),(6,'1384865597290_930_131',0,'2013-11-19 12:53:17','2013-11-19 18:23:17','2013-11-19 18:23:17',1,7,'ROLE_USER',1),(7,'1384865597651_382_150',0,'2013-11-19 12:53:17','2013-11-19 18:23:17','2013-11-19 18:23:17',1,8,'ROLE_USER',1),(8,'1384865598060_225_172',0,'2013-11-19 12:53:18','2013-11-19 18:23:18','2013-11-19 18:23:18',1,9,'ROLE_USER',1),(9,'1384865598408_618_191',0,'2013-11-19 12:53:18','2013-11-19 18:23:18','2013-11-19 18:23:18',1,10,'ROLE_USER',1),(10,'1384865598763_379_210',0,'2013-11-19 12:53:18','2013-11-19 18:23:18','2013-11-19 18:23:18',1,11,'ROLE_USER',1),(11,'1384865599471_480_232',0,'2013-11-19 12:53:19','2013-11-19 18:23:19','2013-11-19 18:23:19',1,12,'ROLE_USER',1),(12,'1384865599892_230_251',0,'2013-11-19 12:53:19','2013-11-19 18:23:19','2013-11-19 18:23:19',1,13,'ROLE_USER',1),(13,'1384865600738_786_270',0,'2013-11-19 12:53:20','2013-11-19 18:23:20','2013-11-19 18:23:20',1,14,'ROLE_USER',1),(14,'1384865601224_939_292',0,'2013-11-19 12:53:21','2013-11-19 18:23:21','2013-11-19 18:23:21',1,15,'ROLE_USER',1),(15,'1384865601509_935_311',0,'2013-11-19 12:53:21','2013-11-19 18:23:21','2013-11-19 18:23:21',1,16,'ROLE_USER',1),(16,'1384865601775_702_330',0,'2013-11-19 12:53:21','2013-11-19 18:23:21','2013-11-19 18:23:21',1,17,'ROLE_USER',1),(17,'1384865602132_927_352',0,'2013-11-19 12:53:22','2013-11-19 18:23:22','2013-11-19 18:23:22',1,18,'ROLE_USER',1),(18,'1384865602410_54_371',0,'2013-11-19 12:53:22','2013-11-19 18:23:22','2013-11-19 18:23:22',1,19,'ROLE_USER',1),(19,'1384865602698_212_390',0,'2013-11-19 12:53:22','2013-11-19 18:23:22','2013-11-19 18:23:22',1,20,'ROLE_USER',1);
/*!40000 ALTER TABLE `m_acct_role` ENABLE KEYS */;
UNLOCK TABLES;

--
-- Table structure for table `m_acct_role_h`
--

DROP TABLE IF EXISTS `m_acct_role_h`;
/*!40101 SET @saved_cs_client     = @@character_set_client */;
/*!40101 SET character_set_client = utf8 */;
CREATE TABLE `m_acct_role_h` (
  `H_ID` bigint(20) NOT NULL AUTO_INCREMENT,
  `H_FROM_TIME` datetime NOT NULL,
  `H_TO_TIME` datetime DEFAULT NULL,
  `H_STATUS` int(11) NOT NULL DEFAULT '0',
  `H_SESS_ID` bigint(20) DEFAULT NULL,
  `ID` bigint(20) DEFAULT NULL,
  `GLOBAL_ID` varchar(512) DEFAULT NULL,
  `VERSION_NUM` int(11) DEFAULT '0',
  `LU_TIME` datetime DEFAULT NULL,
  `CREATE_TIME` datetime DEFAULT NULL,
  `UPDATE_TIME` datetime DEFAULT NULL,
  `ACCT_ID` bigint(20) DEFAULT NULL,
  `USER_ID` bigint(20) DEFAULT NULL,
  `ROLE` varchar(128) DEFAULT NULL,
  `STATUS` int(11) DEFAULT '0',
  PRIMARY KEY (`H_ID`),
  KEY `M_ACCT_ROLE_H_TOTIME` (`ID`,`H_TO_TIME`)
) ENGINE=InnoDB AUTO_INCREMENT=20 DEFAULT CHARSET=latin1;
/*!40101 SET character_set_client = @saved_cs_client */;

--
-- Dumping data for table `m_acct_role_h`
--

LOCK TABLES `m_acct_role_h` WRITE;
/*!40000 ALTER TABLE `m_acct_role_h` DISABLE KEYS */;
INSERT INTO `m_acct_role_h` VALUES (1,'2013-10-07 12:35:53',NULL,0,NULL,1,'1381174553961_175_65',0,NULL,'2013-10-07 12:35:53','2013-10-07 12:35:53',1,2,'ROLE_ADMIN',1),(2,'2013-11-19 18:23:15',NULL,0,NULL,2,'1384865595575_514_52',0,NULL,'2013-11-19 18:23:15','2013-11-19 18:23:15',1,3,'ROLE_USER',1),(3,'2013-11-19 18:23:16',NULL,0,NULL,3,'1384865596089_534_71',0,NULL,'2013-11-19 18:23:16','2013-11-19 18:23:16',1,4,'ROLE_USER',1),(4,'2013-11-19 18:23:16',NULL,0,NULL,4,'1384865596487_131_90',0,NULL,'2013-11-19 18:23:16','2013-11-19 18:23:16',1,5,'ROLE_USER',1),(5,'2013-11-19 18:23:16',NULL,0,NULL,5,'1384865596929_757_112',0,NULL,'2013-11-19 18:23:16','2013-11-19 18:23:16',1,6,'ROLE_USER',1),(6,'2013-11-19 18:23:17',NULL,0,NULL,6,'1384865597290_930_131',0,NULL,'2013-11-19 18:23:17','2013-11-19 18:23:17',1,7,'ROLE_USER',1),(7,'2013-11-19 18:23:17',NULL,0,NULL,7,'1384865597651_382_150',0,NULL,'2013-11-19 18:23:17','2013-11-19 18:23:17',1,8,'ROLE_USER',1),(8,'2013-11-19 18:23:18',NULL,0,NULL,8,'1384865598060_225_172',0,NULL,'2013-11-19 18:23:18','2013-11-19 18:23:18',1,9,'ROLE_USER',1),(9,'2013-11-19 18:23:18',NULL,0,NULL,9,'1384865598408_618_191',0,NULL,'2013-11-19 18:23:18','2013-11-19 18:23:18',1,10,'ROLE_USER',1),(10,'2013-11-19 18:23:18',NULL,0,NULL,10,'1384865598763_379_210',0,NULL,'2013-11-19 18:23:18','2013-11-19 18:23:18',1,11,'ROLE_USER',1),(11,'2013-11-19 18:23:19',NULL,0,NULL,11,'1384865599471_480_232',0,NULL,'2013-11-19 18:23:19','2013-11-19 18:23:19',1,12,'ROLE_USER',1),(12,'2013-11-19 18:23:19',NULL,0,NULL,12,'1384865599892_230_251',0,NULL,'2013-11-19 18:23:19','2013-11-19 18:23:19',1,13,'ROLE_USER',1),(13,'2013-11-19 18:23:20',NULL,0,NULL,13,'1384865600738_786_270',0,NULL,'2013-11-19 18:23:20','2013-11-19 18:23:20',1,14,'ROLE_USER',1),(14,'2013-11-19 18:23:21',NULL,0,NULL,14,'1384865601224_939_292',0,NULL,'2013-11-19 18:23:21','2013-11-19 18:23:21',1,15,'ROLE_USER',1),(15,'2013-11-19 18:23:21',NULL,0,NULL,15,'1384865601509_935_311',0,NULL,'2013-11-19 18:23:21','2013-11-19 18:23:21',1,16,'ROLE_USER',1),(16,'2013-11-19 18:23:21',NULL,0,NULL,16,'1384865601775_702_330',0,NULL,'2013-11-19 18:23:21','2013-11-19 18:23:21',1,17,'ROLE_USER',1),(17,'2013-11-19 18:23:22',NULL,0,NULL,17,'1384865602132_927_352',0,NULL,'2013-11-19 18:23:22','2013-11-19 18:23:22',1,18,'ROLE_USER',1),(18,'2013-11-19 18:23:22',NULL,0,NULL,18,'1384865602410_54_371',0,NULL,'2013-11-19 18:23:22','2013-11-19 18:23:22',1,19,'ROLE_USER',1),(19,'2013-11-19 18:23:22',NULL,0,NULL,19,'1384865602698_212_390',0,NULL,'2013-11-19 18:23:22','2013-11-19 18:23:22',1,20,'ROLE_USER',1);
/*!40000 ALTER TABLE `m_acct_role_h` ENABLE KEYS */;
UNLOCK TABLES;

--
-- Table structure for table `m_act_user`
--

DROP TABLE IF EXISTS `m_act_user`;
/*!40101 SET @saved_cs_client     = @@character_set_client */;
/*!40101 SET character_set_client = utf8 */;
CREATE TABLE `m_act_user` (
  `ID` bigint(20) NOT NULL AUTO_INCREMENT,
  `GLOBAL_ID` varchar(512) NOT NULL,
  `VERSION_NUM` int(11) NOT NULL DEFAULT '0',
  `LU_TIME` timestamp NOT NULL DEFAULT CURRENT_TIMESTAMP ON UPDATE CURRENT_TIMESTAMP,
  `CREATE_TIME` datetime NOT NULL,
  `UPDATE_TIME` datetime NOT NULL,
  `COPY_OF_ID` bigint(20) DEFAULT NULL,
  `COPY_OF_VER` int(11) DEFAULT '0',
  `STATUS` int(11) NOT NULL DEFAULT '0',
  `DSCN_ID` bigint(20) DEFAULT NULL,
  `PRI_GRP_ID` bigint(20) DEFAULT NULL,
  `PRI_ACCT_ID` bigint(20) DEFAULT NULL,
  `ADDED_BY_ID` bigint(20) DEFAULT NULL,
  `ADDED_BY_NAME` varchar(100) DEFAULT NULL,
  `UPD_BY_ID` bigint(20) DEFAULT NULL,
  `UPDATED_BY_NAME` varchar(100) DEFAULT NULL,
  `CHNG_REASON` varchar(4000) DEFAULT NULL,
  `IS_SYS` tinyint(1) NOT NULL DEFAULT '0',
  `ACCT_ID` bigint(20) NOT NULL,
  `USER_ID` bigint(20) NOT NULL,
  `IS_CONTACT` tinyint(1) NOT NULL DEFAULT '0',
  `IS_PRI` tinyint(1) NOT NULL DEFAULT '0',
  PRIMARY KEY (`ID`),
  UNIQUE KEY `M_ACT_USER_UK_GLOBAL_ID` (`GLOBAL_ID`),
  KEY `M_ACT_USER_FK_DSCN_ID` (`DSCN_ID`),
  KEY `M_ACT_USER_FK_PRI_GRP_ID` (`PRI_GRP_ID`),
  KEY `M_ACT_USER_FK_PRI_ACCT_ID` (`PRI_ACCT_ID`),
  KEY `M_ACT_USER_FK_UPD_BY_ID` (`UPD_BY_ID`),
  KEY `M_ACT_USER_FK_ACCT_ID` (`ACCT_ID`),
  KEY `M_ACT_USER_FK_USER_ID` (`USER_ID`),
  KEY `M_ACT_USER_cr_time` (`CREATE_TIME`),
  KEY `M_ACT_USER_up_time` (`UPDATE_TIME`),
  KEY `M_ACT_USER_lu_time` (`LU_TIME`),
  KEY `M_ACT_USER_own_clone` (`ADDED_BY_ID`,`COPY_OF_ID`),
  CONSTRAINT `M_ACT_USER_FK_ACCT_ID` FOREIGN KEY (`ACCT_ID`) REFERENCES `m_acct` (`ID`),
  CONSTRAINT `M_ACT_USER_FK_ADDED_BY_ID` FOREIGN KEY (`ADDED_BY_ID`) REFERENCES `m_user` (`ID`),
  CONSTRAINT `M_ACT_USER_FK_DSCN_ID` FOREIGN KEY (`DSCN_ID`) REFERENCES `m_decsn_hist` (`ID`),
  CONSTRAINT `M_ACT_USER_FK_PRI_ACCT_ID` FOREIGN KEY (`PRI_ACCT_ID`) REFERENCES `m_acct` (`ID`),
  CONSTRAINT `M_ACT_USER_FK_PRI_GRP_ID` FOREIGN KEY (`PRI_GRP_ID`) REFERENCES `m_groups` (`ID`),
  CONSTRAINT `M_ACT_USER_FK_UPD_BY_ID` FOREIGN KEY (`UPD_BY_ID`) REFERENCES `m_user` (`ID`),
  CONSTRAINT `M_ACT_USER_FK_USER_ID` FOREIGN KEY (`USER_ID`) REFERENCES `m_user` (`ID`)
) ENGINE=InnoDB AUTO_INCREMENT=20 DEFAULT CHARSET=latin1;
/*!40101 SET character_set_client = @saved_cs_client */;

--
-- Dumping data for table `m_act_user`
--

LOCK TABLES `m_act_user` WRITE;
/*!40000 ALTER TABLE `m_act_user` DISABLE KEYS */;
INSERT INTO `m_act_user` VALUES (1,'1381174553951_982_64',0,'2013-10-07 19:35:53','2013-10-07 12:35:53','2013-10-07 12:35:53',NULL,0,1,NULL,1,1,1,'System ClI',1,'System ClI',NULL,0,1,2,1,1),(2,'1384865595561_85_51',0,'2013-11-19 12:53:15','2013-11-19 18:23:15','2013-11-19 18:23:15',NULL,0,1,NULL,1,1,1,'System ClI',1,'System ClI',NULL,0,1,3,1,1),(3,'1384865596083_873_70',0,'2013-11-19 12:53:16','2013-11-19 18:23:16','2013-11-19 18:23:16',NULL,0,1,NULL,1,1,1,'System ClI',1,'System ClI',NULL,0,1,4,1,1),(4,'1384865596477_536_89',0,'2013-11-19 12:53:16','2013-11-19 18:23:16','2013-11-19 18:23:16',NULL,0,1,NULL,1,1,1,'System ClI',1,'System ClI',NULL,0,1,5,1,1),(5,'1384865596920_377_111',0,'2013-11-19 12:53:16','2013-11-19 18:23:16','2013-11-19 18:23:16',NULL,0,1,NULL,1,1,1,'System ClI',1,'System ClI',NULL,0,1,6,1,1),(6,'1384865597286_739_130',0,'2013-11-19 12:53:17','2013-11-19 18:23:17','2013-11-19 18:23:17',NULL,0,1,NULL,1,1,1,'System ClI',1,'System ClI',NULL,0,1,7,1,1),(7,'1384865597641_196_149',0,'2013-11-19 12:53:17','2013-11-19 18:23:17','2013-11-19 18:23:17',NULL,0,1,NULL,1,1,1,'System ClI',1,'System ClI',NULL,0,1,8,1,1),(8,'1384865598052_866_171',0,'2013-11-19 12:53:18','2013-11-19 18:23:18','2013-11-19 18:23:18',NULL,0,1,NULL,1,1,1,'System ClI',1,'System ClI',NULL,0,1,9,1,1),(9,'1384865598394_315_190',0,'2013-11-19 12:53:18','2013-11-19 18:23:18','2013-11-19 18:23:18',NULL,0,1,NULL,1,1,1,'System ClI',1,'System ClI',NULL,0,1,10,1,1),(10,'1384865598756_360_209',0,'2013-11-19 12:53:18','2013-11-19 18:23:18','2013-11-19 18:23:18',NULL,0,1,NULL,1,1,1,'System ClI',1,'System ClI',NULL,0,1,11,1,1),(11,'1384865599464_140_231',0,'2013-11-19 12:53:19','2013-11-19 18:23:19','2013-11-19 18:23:19',NULL,0,1,NULL,1,1,1,'System ClI',1,'System ClI',NULL,0,1,12,1,1),(12,'1384865599886_234_250',0,'2013-11-19 12:53:19','2013-11-19 18:23:19','2013-11-19 18:23:19',NULL,0,1,NULL,1,1,1,'System ClI',1,'System ClI',NULL,0,1,13,1,1),(13,'1384865600730_157_269',0,'2013-11-19 12:53:20','2013-11-19 18:23:20','2013-11-19 18:23:20',NULL,0,1,NULL,1,1,1,'System ClI',1,'System ClI',NULL,0,1,14,1,1),(14,'1384865601219_129_291',0,'2013-11-19 12:53:21','2013-11-19 18:23:21','2013-11-19 18:23:21',NULL,0,1,NULL,1,1,1,'System ClI',1,'System ClI',NULL,0,1,15,1,1),(15,'1384865601504_643_310',0,'2013-11-19 12:53:21','2013-11-19 18:23:21','2013-11-19 18:23:21',NULL,0,1,NULL,1,1,1,'System ClI',1,'System ClI',NULL,0,1,16,1,1),(16,'1384865601771_733_329',0,'2013-11-19 12:53:21','2013-11-19 18:23:21','2013-11-19 18:23:21',NULL,0,1,NULL,1,1,1,'System ClI',1,'System ClI',NULL,0,1,17,1,1),(17,'1384865602127_986_351',0,'2013-11-19 12:53:22','2013-11-19 18:23:22','2013-11-19 18:23:22',NULL,0,1,NULL,1,1,1,'System ClI',1,'System ClI',NULL,0,1,18,1,1),(18,'1384865602406_66_370',0,'2013-11-19 12:53:22','2013-11-19 18:23:22','2013-11-19 18:23:22',NULL,0,1,NULL,1,1,1,'System ClI',1,'System ClI',NULL,0,1,19,1,1),(19,'1384865602694_325_389',0,'2013-11-19 12:53:22','2013-11-19 18:23:22','2013-11-19 18:23:22',NULL,0,1,NULL,1,1,1,'System ClI',1,'System ClI',NULL,0,1,20,1,1);
/*!40000 ALTER TABLE `m_act_user` ENABLE KEYS */;
UNLOCK TABLES;

--
-- Table structure for table `m_act_user_h`
--

DROP TABLE IF EXISTS `m_act_user_h`;
/*!40101 SET @saved_cs_client     = @@character_set_client */;
/*!40101 SET character_set_client = utf8 */;
CREATE TABLE `m_act_user_h` (
  `H_ID` bigint(20) NOT NULL AUTO_INCREMENT,
  `H_FROM_TIME` datetime NOT NULL,
  `H_TO_TIME` datetime DEFAULT NULL,
  `H_STATUS` int(11) NOT NULL DEFAULT '0',
  `H_SESS_ID` bigint(20) DEFAULT NULL,
  `ID` bigint(20) DEFAULT NULL,
  `GLOBAL_ID` varchar(512) DEFAULT NULL,
  `VERSION_NUM` int(11) DEFAULT '0',
  `LU_TIME` datetime DEFAULT NULL,
  `CREATE_TIME` datetime DEFAULT NULL,
  `UPDATE_TIME` datetime DEFAULT NULL,
  `COPY_OF_ID` bigint(20) DEFAULT NULL,
  `COPY_OF_VER` int(11) DEFAULT '0',
  `STATUS` int(11) DEFAULT '0',
  `DSCN_ID` bigint(20) DEFAULT NULL,
  `PRI_GRP_ID` bigint(20) DEFAULT NULL,
  `PRI_ACCT_ID` bigint(20) DEFAULT NULL,
  `ADDED_BY_ID` bigint(20) DEFAULT NULL,
  `ADDED_BY_NAME` varchar(100) DEFAULT NULL,
  `UPD_BY_ID` bigint(20) DEFAULT NULL,
  `UPDATED_BY_NAME` varchar(100) DEFAULT NULL,
  `CHNG_REASON` varchar(4000) DEFAULT NULL,
  `IS_SYS` tinyint(1) DEFAULT '0',
  `ACCT_ID` bigint(20) DEFAULT NULL,
  `USER_ID` bigint(20) DEFAULT NULL,
  `IS_CONTACT` tinyint(1) DEFAULT '0',
  `IS_PRI` tinyint(1) DEFAULT '0',
  PRIMARY KEY (`H_ID`),
  KEY `M_ACT_USER_H_TOTIME` (`ID`,`H_TO_TIME`)
) ENGINE=InnoDB AUTO_INCREMENT=20 DEFAULT CHARSET=latin1;
/*!40101 SET character_set_client = @saved_cs_client */;

--
-- Dumping data for table `m_act_user_h`
--

LOCK TABLES `m_act_user_h` WRITE;
/*!40000 ALTER TABLE `m_act_user_h` DISABLE KEYS */;
INSERT INTO `m_act_user_h` VALUES (1,'2013-10-07 12:35:53',NULL,0,NULL,1,'1381174553951_982_64',0,NULL,'2013-10-07 12:35:53','2013-10-07 12:35:53',NULL,0,1,NULL,1,1,1,'System ClI',1,'System ClI',NULL,0,1,2,1,1),(2,'2013-11-19 18:23:15',NULL,0,NULL,2,'1384865595561_85_51',0,NULL,'2013-11-19 18:23:15','2013-11-19 18:23:15',NULL,0,1,NULL,1,1,1,'System ClI',1,'System ClI',NULL,0,1,3,1,1),(3,'2013-11-19 18:23:16',NULL,0,NULL,3,'1384865596083_873_70',0,NULL,'2013-11-19 18:23:16','2013-11-19 18:23:16',NULL,0,1,NULL,1,1,1,'System ClI',1,'System ClI',NULL,0,1,4,1,1),(4,'2013-11-19 18:23:16',NULL,0,NULL,4,'1384865596477_536_89',0,NULL,'2013-11-19 18:23:16','2013-11-19 18:23:16',NULL,0,1,NULL,1,1,1,'System ClI',1,'System ClI',NULL,0,1,5,1,1),(5,'2013-11-19 18:23:16',NULL,0,NULL,5,'1384865596920_377_111',0,NULL,'2013-11-19 18:23:16','2013-11-19 18:23:16',NULL,0,1,NULL,1,1,1,'System ClI',1,'System ClI',NULL,0,1,6,1,1),(6,'2013-11-19 18:23:17',NULL,0,NULL,6,'1384865597286_739_130',0,NULL,'2013-11-19 18:23:17','2013-11-19 18:23:17',NULL,0,1,NULL,1,1,1,'System ClI',1,'System ClI',NULL,0,1,7,1,1),(7,'2013-11-19 18:23:17',NULL,0,NULL,7,'1384865597641_196_149',0,NULL,'2013-11-19 18:23:17','2013-11-19 18:23:17',NULL,0,1,NULL,1,1,1,'System ClI',1,'System ClI',NULL,0,1,8,1,1),(8,'2013-11-19 18:23:18',NULL,0,NULL,8,'1384865598052_866_171',0,NULL,'2013-11-19 18:23:18','2013-11-19 18:23:18',NULL,0,1,NULL,1,1,1,'System ClI',1,'System ClI',NULL,0,1,9,1,1),(9,'2013-11-19 18:23:18',NULL,0,NULL,9,'1384865598394_315_190',0,NULL,'2013-11-19 18:23:18','2013-11-19 18:23:18',NULL,0,1,NULL,1,1,1,'System ClI',1,'System ClI',NULL,0,1,10,1,1),(10,'2013-11-19 18:23:18',NULL,0,NULL,10,'1384865598756_360_209',0,NULL,'2013-11-19 18:23:18','2013-11-19 18:23:18',NULL,0,1,NULL,1,1,1,'System ClI',1,'System ClI',NULL,0,1,11,1,1),(11,'2013-11-19 18:23:19',NULL,0,NULL,11,'1384865599464_140_231',0,NULL,'2013-11-19 18:23:19','2013-11-19 18:23:19',NULL,0,1,NULL,1,1,1,'System ClI',1,'System ClI',NULL,0,1,12,1,1),(12,'2013-11-19 18:23:19',NULL,0,NULL,12,'1384865599886_234_250',0,NULL,'2013-11-19 18:23:19','2013-11-19 18:23:19',NULL,0,1,NULL,1,1,1,'System ClI',1,'System ClI',NULL,0,1,13,1,1),(13,'2013-11-19 18:23:20',NULL,0,NULL,13,'1384865600730_157_269',0,NULL,'2013-11-19 18:23:20','2013-11-19 18:23:20',NULL,0,1,NULL,1,1,1,'System ClI',1,'System ClI',NULL,0,1,14,1,1),(14,'2013-11-19 18:23:21',NULL,0,NULL,14,'1384865601219_129_291',0,NULL,'2013-11-19 18:23:21','2013-11-19 18:23:21',NULL,0,1,NULL,1,1,1,'System ClI',1,'System ClI',NULL,0,1,15,1,1),(15,'2013-11-19 18:23:21',NULL,0,NULL,15,'1384865601504_643_310',0,NULL,'2013-11-19 18:23:21','2013-11-19 18:23:21',NULL,0,1,NULL,1,1,1,'System ClI',1,'System ClI',NULL,0,1,16,1,1),(16,'2013-11-19 18:23:21',NULL,0,NULL,16,'1384865601771_733_329',0,NULL,'2013-11-19 18:23:21','2013-11-19 18:23:21',NULL,0,1,NULL,1,1,1,'System ClI',1,'System ClI',NULL,0,1,17,1,1),(17,'2013-11-19 18:23:22',NULL,0,NULL,17,'1384865602127_986_351',0,NULL,'2013-11-19 18:23:22','2013-11-19 18:23:22',NULL,0,1,NULL,1,1,1,'System ClI',1,'System ClI',NULL,0,1,18,1,1),(18,'2013-11-19 18:23:22',NULL,0,NULL,18,'1384865602406_66_370',0,NULL,'2013-11-19 18:23:22','2013-11-19 18:23:22',NULL,0,1,NULL,1,1,1,'System ClI',1,'System ClI',NULL,0,1,19,1,1),(19,'2013-11-19 18:23:22',NULL,0,NULL,19,'1384865602694_325_389',0,NULL,'2013-11-19 18:23:22','2013-11-19 18:23:22',NULL,0,1,NULL,1,1,1,'System ClI',1,'System ClI',NULL,0,1,20,1,1);
/*!40000 ALTER TABLE `m_act_user_h` ENABLE KEYS */;
UNLOCK TABLES;

--
-- Table structure for table `m_auth_sess`
--

DROP TABLE IF EXISTS `m_auth_sess`;
/*!40101 SET @saved_cs_client     = @@character_set_client */;
/*!40101 SET character_set_client = utf8 */;
CREATE TABLE `m_auth_sess` (
  `ID` bigint(20) NOT NULL AUTO_INCREMENT,
  `GLOBAL_ID` varchar(512) NOT NULL,
  `VERSION_NUM` int(11) NOT NULL DEFAULT '0',
  `LU_TIME` timestamp NOT NULL DEFAULT CURRENT_TIMESTAMP ON UPDATE CURRENT_TIMESTAMP,
  `CREATE_TIME` datetime NOT NULL,
  `UPDATE_TIME` datetime NOT NULL,
  `LOGIN_ID` varchar(767) NOT NULL,
  `USER_ID` bigint(20) DEFAULT NULL,
  `EXT_SESS_ID` varchar(512) DEFAULT NULL,
  `RP_SESS_ID` bigint(20) DEFAULT NULL,
  `AUTH_TIME` datetime NOT NULL,
  `AUTH_STATUS` int(11) NOT NULL DEFAULT '0',
  `AUTH_TYPE` int(11) NOT NULL DEFAULT '0',
  `AUTH_PROVIDER` int(11) NOT NULL DEFAULT '0',
  `DEVICE_TYPE` int(11) NOT NULL DEFAULT '0',
  `REQ_IP` varchar(48) NOT NULL,
  `REQ_UA` varchar(1024) DEFAULT NULL,
  PRIMARY KEY (`ID`),
  UNIQUE KEY `M_AUTH_SESS_UK_GLOBAL_ID` (`GLOBAL_ID`),
  KEY `M_AUTH_SESS_FK_USER_ID` (`USER_ID`),
  KEY `M_AUTH_SESS_FK_RP_SESS_ID` (`RP_SESS_ID`),
  KEY `M_AUTH_SESS_cr_time` (`CREATE_TIME`),
  KEY `M_AUTH_SESS_up_time` (`UPDATE_TIME`),
  KEY `M_AUTH_SESS_lu_time` (`LU_TIME`),
  CONSTRAINT `M_AUTH_SESS_FK_RP_SESS_ID` FOREIGN KEY (`RP_SESS_ID`) REFERENCES `m_rp_sess` (`ID`),
  CONSTRAINT `M_AUTH_SESS_FK_USER_ID` FOREIGN KEY (`USER_ID`) REFERENCES `m_user` (`ID`)
) ENGINE=InnoDB AUTO_INCREMENT=4 DEFAULT CHARSET=latin1;
/*!40101 SET character_set_client = @saved_cs_client */;

--
-- Dumping data for table `m_auth_sess`
--

LOCK TABLES `m_auth_sess` WRITE;
/*!40000 ALTER TABLE `m_auth_sess` DISABLE KEYS */;
INSERT INTO `m_auth_sess` VALUES (1,'1381174468980_891_2',0,'2013-10-07 19:34:28','2013-10-07 12:34:28','2013-10-07 12:34:28','cli@adfpros.com',1,'EF26B9FAAA78A7D216C35E47939FA64B',NULL,'2013-10-07 12:34:28',1,1,0,1,'0:0:0:0:0:0:0:1%0','Mozilla/5.0 (Macintosh; Intel Mac OS X 10_8_5) AppleWebKit/537.36 (KHTML, like Gecko) Chrome/30.0.1599.69 Safari/537.36'),(2,'1384865588730_314_2',0,'2013-11-19 12:53:08','2013-11-19 18:23:08','2013-11-19 18:23:08','cli@adfpros.com',1,'C5505FDA1B81E32A2FF6F52DCB593FC8',NULL,'2013-11-19 18:23:08',1,1,0,1,'127.0.0.1','Mozilla/5.0 (X11; Linux x86_64) AppleWebKit/537.22 (KHTML, like Gecko) Chrome/25.0.1364.172 Safari/537.22'),(3,'1390032682987_391_1',0,'2014-01-18 08:11:22','2014-01-18 13:41:22','2014-01-18 13:41:22','admin',1,'85156CA41952B3378ED9DD8E34A76D64',NULL,'2014-01-18 13:41:22',1,1,0,1,'127.0.0.1','Mozilla/5.0 (X11; Linux x86_64) AppleWebKit/537.36 (KHTML, like Gecko) Chrome/32.0.1700.77 Safari/537.36');
/*!40000 ALTER TABLE `m_auth_sess` ENABLE KEYS */;
UNLOCK TABLES;

--
-- Table structure for table `m_base`
--

DROP TABLE IF EXISTS `m_base`;
/*!40101 SET @saved_cs_client     = @@character_set_client */;
/*!40101 SET character_set_client = utf8 */;
CREATE TABLE `m_base` (
  `ID` bigint(20) NOT NULL AUTO_INCREMENT,
  `GLOBAL_ID` varchar(512) NOT NULL,
  `VERSION_NUM` int(11) NOT NULL DEFAULT '0',
  `LU_TIME` timestamp NOT NULL DEFAULT CURRENT_TIMESTAMP ON UPDATE CURRENT_TIMESTAMP,
  `CREATE_TIME` datetime NOT NULL,
  `UPDATE_TIME` datetime NOT NULL,
  PRIMARY KEY (`ID`),
  UNIQUE KEY `M_BASE_UK_GLOBAL_ID` (`GLOBAL_ID`),
  KEY `M_BASE_cr_time` (`CREATE_TIME`),
  KEY `M_BASE_up_time` (`UPDATE_TIME`),
  KEY `M_BASE_lu_time` (`LU_TIME`)
) ENGINE=InnoDB DEFAULT CHARSET=latin1;
/*!40101 SET character_set_client = @saved_cs_client */;

--
-- Dumping data for table `m_base`
--

LOCK TABLES `m_base` WRITE;
/*!40000 ALTER TABLE `m_base` DISABLE KEYS */;
/*!40000 ALTER TABLE `m_base` ENABLE KEYS */;
UNLOCK TABLES;

--
-- Table structure for table `m_city`
--

DROP TABLE IF EXISTS `m_city`;
/*!40101 SET @saved_cs_client     = @@character_set_client */;
/*!40101 SET character_set_client = utf8 */;
CREATE TABLE `m_city` (
  `ID` bigint(20) NOT NULL AUTO_INCREMENT,
  `GLOBAL_ID` varchar(512) NOT NULL,
  `VERSION_NUM` int(11) NOT NULL DEFAULT '0',
  `LU_TIME` timestamp NOT NULL DEFAULT CURRENT_TIMESTAMP ON UPDATE CURRENT_TIMESTAMP,
  `CREATE_TIME` datetime NOT NULL,
  `UPDATE_TIME` datetime NOT NULL,
  `STATE_ID` bigint(20) NOT NULL,
  `CITY` varchar(512) NOT NULL,
  `GEO_ID` varchar(32) DEFAULT NULL,
  `LONGITUDE` varchar(10) DEFAULT NULL,
  `LATITUDE` varchar(10) DEFAULT NULL,
  `TIMEZONE` int(11) DEFAULT '0',
  `NOTES` varchar(4000) DEFAULT NULL,
  `COUNTRY_ID` bigint(20) DEFAULT NULL,
  PRIMARY KEY (`ID`),
  UNIQUE KEY `M_CITY_UK_GLOBAL_ID` (`GLOBAL_ID`),
  UNIQUE KEY `M_CITY_city_uk` (`STATE_ID`,`CITY`),
  KEY `M_CITY_FK_COUNTRY_ID` (`COUNTRY_ID`),
  KEY `M_CITY_cr_time` (`CREATE_TIME`),
  KEY `M_CITY_up_time` (`UPDATE_TIME`),
  KEY `M_CITY_lu_time` (`LU_TIME`),
  KEY `M_CITY_name` (`CITY`),
  CONSTRAINT `M_CITY_FK_COUNTRY_ID` FOREIGN KEY (`COUNTRY_ID`) REFERENCES `m_country` (`ID`),
  CONSTRAINT `M_CITY_FK_STATE_ID` FOREIGN KEY (`STATE_ID`) REFERENCES `m_state` (`ID`)
) ENGINE=InnoDB DEFAULT CHARSET=latin1;
/*!40101 SET character_set_client = @saved_cs_client */;

--
-- Dumping data for table `m_city`
--

LOCK TABLES `m_city` WRITE;
/*!40000 ALTER TABLE `m_city` DISABLE KEYS */;
/*!40000 ALTER TABLE `m_city` ENABLE KEYS */;
UNLOCK TABLES;

--
-- Table structure for table `m_comm_ref`
--

DROP TABLE IF EXISTS `m_comm_ref`;
/*!40101 SET @saved_cs_client     = @@character_set_client */;
/*!40101 SET character_set_client = utf8 */;
CREATE TABLE `m_comm_ref` (
  `ID` bigint(20) NOT NULL AUTO_INCREMENT,
  `GLOBAL_ID` varchar(512) NOT NULL,
  `VERSION_NUM` int(11) NOT NULL DEFAULT '0',
  `LU_TIME` timestamp NOT NULL DEFAULT CURRENT_TIMESTAMP ON UPDATE CURRENT_TIMESTAMP,
  `CREATE_TIME` datetime NOT NULL,
  `UPDATE_TIME` datetime NOT NULL,
  `COPY_OF_ID` bigint(20) DEFAULT NULL,
  `COPY_OF_VER` int(11) DEFAULT '0',
  `STATUS` int(11) NOT NULL DEFAULT '0',
  `DSCN_ID` bigint(20) DEFAULT NULL,
  `PRI_GRP_ID` bigint(20) DEFAULT NULL,
  `PRI_ACCT_ID` bigint(20) DEFAULT NULL,
  `ADDED_BY_ID` bigint(20) DEFAULT NULL,
  `ADDED_BY_NAME` varchar(100) DEFAULT NULL,
  `UPD_BY_ID` bigint(20) DEFAULT NULL,
  `UPDATED_BY_NAME` varchar(100) DEFAULT NULL,
  `CHNG_REASON` varchar(4000) DEFAULT NULL,
  `IS_SYS` tinyint(1) NOT NULL DEFAULT '0',
  `UP_COUNT` int(11) NOT NULL DEFAULT '0',
  `DOWN_COUNT` int(11) NOT NULL DEFAULT '0',
  `RATING` int(11) NOT NULL DEFAULT '0',
  `SEL_COUNT` int(11) NOT NULL DEFAULT '0',
  `SHR_PREF` int(11) NOT NULL DEFAULT '0',
  `CLASS_TYPE` int(11) NOT NULL DEFAULT '0',
  `OBJECT_ID` bigint(20) DEFAULT NULL,
  `USER_ID` bigint(20) DEFAULT NULL,
  `ACCT_ID` bigint(20) DEFAULT NULL,
  `GROUP_ID` bigint(20) DEFAULT NULL,
  `DOC_ID` bigint(20) DEFAULT NULL,
  `TASK_ID` bigint(20) DEFAULT NULL,
  PRIMARY KEY (`ID`),
  UNIQUE KEY `M_COMM_REF_UK_GLOBAL_ID` (`GLOBAL_ID`),
  KEY `M_COMM_REF_FK_DSCN_ID` (`DSCN_ID`),
  KEY `M_COMM_REF_FK_PRI_GRP_ID` (`PRI_GRP_ID`),
  KEY `M_COMM_REF_FK_PRI_ACCT_ID` (`PRI_ACCT_ID`),
  KEY `M_COMM_REF_FK_UPD_BY_ID` (`UPD_BY_ID`),
  KEY `M_COMM_REF_FK_USER_ID` (`USER_ID`),
  KEY `M_COMM_REF_FK_ACCT_ID` (`ACCT_ID`),
  KEY `M_COMM_REF_FK_GROUP_ID` (`GROUP_ID`),
  KEY `M_COMM_REF_FK_DOC_ID` (`DOC_ID`),
  KEY `M_COMM_REF_FK_TASK_ID` (`TASK_ID`),
  KEY `M_COMM_REF_cr_time` (`CREATE_TIME`),
  KEY `M_COMM_REF_up_time` (`UPDATE_TIME`),
  KEY `M_COMM_REF_lu_time` (`LU_TIME`),
  KEY `M_COMM_REF_own_clone` (`ADDED_BY_ID`,`COPY_OF_ID`),
  KEY `M_COMM_REF_ref_id` (`CLASS_TYPE`,`OBJECT_ID`),
  CONSTRAINT `M_COMM_REF_FK_ACCT_ID` FOREIGN KEY (`ACCT_ID`) REFERENCES `m_acct` (`ID`),
  CONSTRAINT `M_COMM_REF_FK_ADDED_BY_ID` FOREIGN KEY (`ADDED_BY_ID`) REFERENCES `m_user` (`ID`),
  CONSTRAINT `M_COMM_REF_FK_DOC_ID` FOREIGN KEY (`DOC_ID`) REFERENCES `m_docs` (`ID`),
  CONSTRAINT `M_COMM_REF_FK_DSCN_ID` FOREIGN KEY (`DSCN_ID`) REFERENCES `m_decsn_hist` (`ID`),
  CONSTRAINT `M_COMM_REF_FK_GROUP_ID` FOREIGN KEY (`GROUP_ID`) REFERENCES `m_groups` (`ID`),
  CONSTRAINT `M_COMM_REF_FK_PRI_ACCT_ID` FOREIGN KEY (`PRI_ACCT_ID`) REFERENCES `m_acct` (`ID`),
  CONSTRAINT `M_COMM_REF_FK_PRI_GRP_ID` FOREIGN KEY (`PRI_GRP_ID`) REFERENCES `m_groups` (`ID`),
  CONSTRAINT `M_COMM_REF_FK_TASK_ID` FOREIGN KEY (`TASK_ID`) REFERENCES `m_tasks` (`ID`),
  CONSTRAINT `M_COMM_REF_FK_UPD_BY_ID` FOREIGN KEY (`UPD_BY_ID`) REFERENCES `m_user` (`ID`),
  CONSTRAINT `M_COMM_REF_FK_USER_ID` FOREIGN KEY (`USER_ID`) REFERENCES `m_user` (`ID`)
) ENGINE=InnoDB DEFAULT CHARSET=latin1;
/*!40101 SET character_set_client = @saved_cs_client */;

--
-- Dumping data for table `m_comm_ref`
--

LOCK TABLES `m_comm_ref` WRITE;
/*!40000 ALTER TABLE `m_comm_ref` DISABLE KEYS */;
/*!40000 ALTER TABLE `m_comm_ref` ENABLE KEYS */;
UNLOCK TABLES;

--
-- Table structure for table `m_comm_ref_h`
--

DROP TABLE IF EXISTS `m_comm_ref_h`;
/*!40101 SET @saved_cs_client     = @@character_set_client */;
/*!40101 SET character_set_client = utf8 */;
CREATE TABLE `m_comm_ref_h` (
  `H_ID` bigint(20) NOT NULL AUTO_INCREMENT,
  `H_FROM_TIME` datetime NOT NULL,
  `H_TO_TIME` datetime DEFAULT NULL,
  `H_STATUS` int(11) NOT NULL DEFAULT '0',
  `H_SESS_ID` bigint(20) DEFAULT NULL,
  `ID` bigint(20) DEFAULT NULL,
  `GLOBAL_ID` varchar(512) DEFAULT NULL,
  `VERSION_NUM` int(11) DEFAULT '0',
  `LU_TIME` datetime DEFAULT NULL,
  `CREATE_TIME` datetime DEFAULT NULL,
  `UPDATE_TIME` datetime DEFAULT NULL,
  `COPY_OF_ID` bigint(20) DEFAULT NULL,
  `COPY_OF_VER` int(11) DEFAULT '0',
  `STATUS` int(11) DEFAULT '0',
  `DSCN_ID` bigint(20) DEFAULT NULL,
  `PRI_GRP_ID` bigint(20) DEFAULT NULL,
  `PRI_ACCT_ID` bigint(20) DEFAULT NULL,
  `ADDED_BY_ID` bigint(20) DEFAULT NULL,
  `ADDED_BY_NAME` varchar(100) DEFAULT NULL,
  `UPD_BY_ID` bigint(20) DEFAULT NULL,
  `UPDATED_BY_NAME` varchar(100) DEFAULT NULL,
  `CHNG_REASON` varchar(4000) DEFAULT NULL,
  `IS_SYS` tinyint(1) DEFAULT '0',
  `UP_COUNT` int(11) DEFAULT '0',
  `DOWN_COUNT` int(11) DEFAULT '0',
  `RATING` int(11) DEFAULT '0',
  `SEL_COUNT` int(11) DEFAULT '0',
  `SHR_PREF` int(11) DEFAULT '0',
  `CLASS_TYPE` int(11) DEFAULT '0',
  `OBJECT_ID` bigint(20) DEFAULT NULL,
  `USER_ID` bigint(20) DEFAULT NULL,
  `ACCT_ID` bigint(20) DEFAULT NULL,
  `GROUP_ID` bigint(20) DEFAULT NULL,
  `DOC_ID` bigint(20) DEFAULT NULL,
  `TASK_ID` bigint(20) DEFAULT NULL,
  PRIMARY KEY (`H_ID`)
) ENGINE=InnoDB DEFAULT CHARSET=latin1;
/*!40101 SET character_set_client = @saved_cs_client */;

--
-- Dumping data for table `m_comm_ref_h`
--

LOCK TABLES `m_comm_ref_h` WRITE;
/*!40000 ALTER TABLE `m_comm_ref_h` DISABLE KEYS */;
/*!40000 ALTER TABLE `m_comm_ref_h` ENABLE KEYS */;
UNLOCK TABLES;

--
-- Table structure for table `m_country`
--

DROP TABLE IF EXISTS `m_country`;
/*!40101 SET @saved_cs_client     = @@character_set_client */;
/*!40101 SET character_set_client = utf8 */;
CREATE TABLE `m_country` (
  `ID` bigint(20) NOT NULL AUTO_INCREMENT,
  `GLOBAL_ID` varchar(512) NOT NULL,
  `VERSION_NUM` int(11) NOT NULL DEFAULT '0',
  `LU_TIME` timestamp NOT NULL DEFAULT CURRENT_TIMESTAMP ON UPDATE CURRENT_TIMESTAMP,
  `CREATE_TIME` datetime NOT NULL,
  `UPDATE_TIME` datetime NOT NULL,
  `COUNTRY` varchar(512) NOT NULL,
  `COUNTRY_CODE` varchar(32) NOT NULL,
  `GEO_ID` varchar(32) DEFAULT NULL,
  `NOTES` varchar(4000) DEFAULT NULL,
  PRIMARY KEY (`ID`),
  UNIQUE KEY `M_COUNTRY_UK_GLOBAL_ID` (`GLOBAL_ID`),
  UNIQUE KEY `M_COUNTRY_country_uk` (`COUNTRY`),
  UNIQUE KEY `M_COUNTRY_country_code_uk` (`COUNTRY_CODE`),
  KEY `M_COUNTRY_cr_time` (`CREATE_TIME`),
  KEY `M_COUNTRY_up_time` (`UPDATE_TIME`),
  KEY `M_COUNTRY_lu_time` (`LU_TIME`),
  KEY `M_COUNTRY_name` (`COUNTRY`)
) ENGINE=InnoDB DEFAULT CHARSET=latin1;
/*!40101 SET character_set_client = @saved_cs_client */;

--
-- Dumping data for table `m_country`
--

LOCK TABLES `m_country` WRITE;
/*!40000 ALTER TABLE `m_country` DISABLE KEYS */;
/*!40000 ALTER TABLE `m_country` ENABLE KEYS */;
UNLOCK TABLES;

--
-- Table structure for table `m_data_attr`
--

DROP TABLE IF EXISTS `m_data_attr`;
/*!40101 SET @saved_cs_client     = @@character_set_client */;
/*!40101 SET character_set_client = utf8 */;
CREATE TABLE `m_data_attr` (
  `ID` bigint(20) NOT NULL AUTO_INCREMENT,
  `GLOBAL_ID` varchar(512) NOT NULL,
  `VERSION_NUM` int(11) NOT NULL DEFAULT '0',
  `LU_TIME` timestamp NOT NULL DEFAULT CURRENT_TIMESTAMP ON UPDATE CURRENT_TIMESTAMP,
  `CREATE_TIME` datetime NOT NULL,
  `UPDATE_TIME` datetime NOT NULL,
  `COPY_OF_ID` bigint(20) DEFAULT NULL,
  `COPY_OF_VER` int(11) DEFAULT '0',
  `STATUS` int(11) NOT NULL DEFAULT '0',
  `DSCN_ID` bigint(20) DEFAULT NULL,
  `PRI_GRP_ID` bigint(20) DEFAULT NULL,
  `PRI_ACCT_ID` bigint(20) DEFAULT NULL,
  `ADDED_BY_ID` bigint(20) DEFAULT NULL,
  `ADDED_BY_NAME` varchar(100) DEFAULT NULL,
  `UPD_BY_ID` bigint(20) DEFAULT NULL,
  `UPDATED_BY_NAME` varchar(100) DEFAULT NULL,
  `CHNG_REASON` varchar(4000) DEFAULT NULL,
  `IS_SYS` tinyint(1) NOT NULL DEFAULT '0',
  `UP_COUNT` int(11) NOT NULL DEFAULT '0',
  `DOWN_COUNT` int(11) NOT NULL DEFAULT '0',
  `RATING` int(11) NOT NULL DEFAULT '0',
  `SEL_COUNT` int(11) NOT NULL DEFAULT '0',
  `SHR_PREF` int(11) NOT NULL DEFAULT '0',
  PRIMARY KEY (`ID`),
  UNIQUE KEY `M_DATA_ATTR_UK_GLOBAL_ID` (`GLOBAL_ID`),
  KEY `M_DATA_ATTR_FK_DSCN_ID` (`DSCN_ID`),
  KEY `M_DATA_ATTR_FK_PRI_GRP_ID` (`PRI_GRP_ID`),
  KEY `M_DATA_ATTR_FK_PRI_ACCT_ID` (`PRI_ACCT_ID`),
  KEY `M_DATA_ATTR_FK_UPD_BY_ID` (`UPD_BY_ID`),
  KEY `M_DATA_ATTR_cr_time` (`CREATE_TIME`),
  KEY `M_DATA_ATTR_up_time` (`UPDATE_TIME`),
  KEY `M_DATA_ATTR_lu_time` (`LU_TIME`),
  KEY `M_DATA_ATTR_own_clone` (`ADDED_BY_ID`,`COPY_OF_ID`),
  CONSTRAINT `M_DATA_ATTR_FK_ADDED_BY_ID` FOREIGN KEY (`ADDED_BY_ID`) REFERENCES `m_user` (`ID`),
  CONSTRAINT `M_DATA_ATTR_FK_DSCN_ID` FOREIGN KEY (`DSCN_ID`) REFERENCES `m_decsn_hist` (`ID`),
  CONSTRAINT `M_DATA_ATTR_FK_PRI_ACCT_ID` FOREIGN KEY (`PRI_ACCT_ID`) REFERENCES `m_acct` (`ID`),
  CONSTRAINT `M_DATA_ATTR_FK_PRI_GRP_ID` FOREIGN KEY (`PRI_GRP_ID`) REFERENCES `m_groups` (`ID`),
  CONSTRAINT `M_DATA_ATTR_FK_UPD_BY_ID` FOREIGN KEY (`UPD_BY_ID`) REFERENCES `m_user` (`ID`)
) ENGINE=InnoDB DEFAULT CHARSET=latin1;
/*!40101 SET character_set_client = @saved_cs_client */;

--
-- Dumping data for table `m_data_attr`
--

LOCK TABLES `m_data_attr` WRITE;
/*!40000 ALTER TABLE `m_data_attr` DISABLE KEYS */;
/*!40000 ALTER TABLE `m_data_attr` ENABLE KEYS */;
UNLOCK TABLES;

--
-- Table structure for table `m_decsn_hist`
--

DROP TABLE IF EXISTS `m_decsn_hist`;
/*!40101 SET @saved_cs_client     = @@character_set_client */;
/*!40101 SET character_set_client = utf8 */;
CREATE TABLE `m_decsn_hist` (
  `ID` bigint(20) NOT NULL AUTO_INCREMENT,
  `GLOBAL_ID` varchar(512) NOT NULL,
  `VERSION_NUM` int(11) NOT NULL DEFAULT '0',
  `LU_TIME` timestamp NOT NULL DEFAULT CURRENT_TIMESTAMP ON UPDATE CURRENT_TIMESTAMP,
  `CREATE_TIME` datetime NOT NULL,
  `UPDATE_TIME` datetime NOT NULL,
  `APPR_REQ_ID` bigint(20) DEFAULT NULL,
  `DECSN_BY_ID` bigint(20) NOT NULL,
  `DECSN_DATE` datetime NOT NULL,
  `CLASS_TYPE` int(11) NOT NULL DEFAULT '0',
  `OBJECT_ID` bigint(20) DEFAULT NULL,
  `DCSN_TYPE` int(11) NOT NULL,
  `DECISION` int(11) NOT NULL,
  `CUSTOM_DSCN` int(11) NOT NULL DEFAULT '0',
  `USER_NOTES` varchar(4000) DEFAULT NULL,
  `MOD_NOTES` varchar(4000) DEFAULT NULL,
  PRIMARY KEY (`ID`),
  UNIQUE KEY `M_DECSN_HIST_UK_GLOBAL_ID` (`GLOBAL_ID`),
  KEY `M_DECSN_HIST_FK_DECSN_BY_ID` (`DECSN_BY_ID`),
  KEY `M_DECSN_HIST_cr_time` (`CREATE_TIME`),
  KEY `M_DECSN_HIST_up_time` (`UPDATE_TIME`),
  KEY `M_DECSN_HIST_lu_time` (`LU_TIME`),
  CONSTRAINT `M_DECSN_HIST_FK_DECSN_BY_ID` FOREIGN KEY (`DECSN_BY_ID`) REFERENCES `m_user` (`ID`)
) ENGINE=InnoDB DEFAULT CHARSET=latin1;
/*!40101 SET character_set_client = @saved_cs_client */;

--
-- Dumping data for table `m_decsn_hist`
--

LOCK TABLES `m_decsn_hist` WRITE;
/*!40000 ALTER TABLE `m_decsn_hist` DISABLE KEYS */;
/*!40000 ALTER TABLE `m_decsn_hist` ENABLE KEYS */;
UNLOCK TABLES;

--
-- Table structure for table `m_decsn_hist_h`
--

DROP TABLE IF EXISTS `m_decsn_hist_h`;
/*!40101 SET @saved_cs_client     = @@character_set_client */;
/*!40101 SET character_set_client = utf8 */;
CREATE TABLE `m_decsn_hist_h` (
  `H_ID` bigint(20) NOT NULL AUTO_INCREMENT,
  `H_FROM_TIME` datetime NOT NULL,
  `H_TO_TIME` datetime DEFAULT NULL,
  `H_STATUS` int(11) NOT NULL DEFAULT '0',
  `H_SESS_ID` bigint(20) DEFAULT NULL,
  `ID` bigint(20) DEFAULT NULL,
  `GLOBAL_ID` varchar(512) DEFAULT NULL,
  `VERSION_NUM` int(11) DEFAULT '0',
  `LU_TIME` datetime DEFAULT NULL,
  `CREATE_TIME` datetime DEFAULT NULL,
  `UPDATE_TIME` datetime DEFAULT NULL,
  `APPR_REQ_ID` bigint(20) DEFAULT NULL,
  `DECSN_BY_ID` bigint(20) DEFAULT NULL,
  `DECSN_DATE` datetime DEFAULT NULL,
  `CLASS_TYPE` int(11) DEFAULT '0',
  `OBJECT_ID` bigint(20) DEFAULT NULL,
  `DCSN_TYPE` int(11) DEFAULT '0',
  `DECISION` int(11) DEFAULT '0',
  `CUSTOM_DSCN` int(11) DEFAULT '0',
  `USER_NOTES` varchar(4000) DEFAULT NULL,
  `MOD_NOTES` varchar(4000) DEFAULT NULL,
  PRIMARY KEY (`H_ID`),
  KEY `M_DECSN_HIST_H_TOTIME` (`ID`,`H_TO_TIME`)
) ENGINE=InnoDB DEFAULT CHARSET=latin1;
/*!40101 SET character_set_client = @saved_cs_client */;

--
-- Dumping data for table `m_decsn_hist_h`
--

LOCK TABLES `m_decsn_hist_h` WRITE;
/*!40000 ALTER TABLE `m_decsn_hist_h` DISABLE KEYS */;
/*!40000 ALTER TABLE `m_decsn_hist_h` ENABLE KEYS */;
UNLOCK TABLES;

--
-- Table structure for table `m_doc_ver`
--

DROP TABLE IF EXISTS `m_doc_ver`;
/*!40101 SET @saved_cs_client     = @@character_set_client */;
/*!40101 SET character_set_client = utf8 */;
CREATE TABLE `m_doc_ver` (
  `ID` bigint(20) NOT NULL AUTO_INCREMENT,
  `GLOBAL_ID` varchar(512) NOT NULL,
  `VERSION_NUM` int(11) NOT NULL DEFAULT '0',
  `LU_TIME` timestamp NOT NULL DEFAULT CURRENT_TIMESTAMP ON UPDATE CURRENT_TIMESTAMP,
  `CREATE_TIME` datetime NOT NULL,
  `UPDATE_TIME` datetime NOT NULL,
  `COPY_OF_ID` bigint(20) DEFAULT NULL,
  `COPY_OF_VER` int(11) DEFAULT '0',
  `STATUS` int(11) NOT NULL DEFAULT '0',
  `DSCN_ID` bigint(20) DEFAULT NULL,
  `PRI_GRP_ID` bigint(20) DEFAULT NULL,
  `PRI_ACCT_ID` bigint(20) DEFAULT NULL,
  `ADDED_BY_ID` bigint(20) DEFAULT NULL,
  `ADDED_BY_NAME` varchar(100) DEFAULT NULL,
  `UPD_BY_ID` bigint(20) DEFAULT NULL,
  `UPDATED_BY_NAME` varchar(100) DEFAULT NULL,
  `CHNG_REASON` varchar(4000) DEFAULT NULL,
  `IS_SYS` tinyint(1) NOT NULL DEFAULT '0',
  `UP_COUNT` int(11) NOT NULL DEFAULT '0',
  `DOWN_COUNT` int(11) NOT NULL DEFAULT '0',
  `RATING` int(11) NOT NULL DEFAULT '0',
  `SEL_COUNT` int(11) NOT NULL DEFAULT '0',
  `SHR_PREF` int(11) NOT NULL DEFAULT '0',
  `CLASS_TYPE` int(11) NOT NULL DEFAULT '0',
  `OBJECT_ID` bigint(20) DEFAULT NULL,
  `USER_ID` bigint(20) DEFAULT NULL,
  `ACCT_ID` bigint(20) DEFAULT NULL,
  `GROUP_ID` bigint(20) DEFAULT NULL,
  `DOC_ID` bigint(20) DEFAULT NULL,
  `TASK_ID` bigint(20) DEFAULT NULL,
  `DOC_NAME` text,
  `DOC_VER` int(11) NOT NULL DEFAULT '0',
  `FILE_TYPE` int(11) NOT NULL DEFAULT '0',
  `FILE_SIZE` bigint(20) NOT NULL DEFAULT '0',
  `DOC_STATUS` int(11) NOT NULL DEFAULT '0',
  `LAST_DOC_UPD_TIME` datetime DEFAULT NULL,
  `LAST_DOC_UPD_BY_ID` bigint(20) DEFAULT NULL,
  `DOC_ACTION` int(11) NOT NULL DEFAULT '0',
  `RAW_FILE_PATH` varchar(2056) DEFAULT NULL,
  `PATH_KEY` varchar(2056) DEFAULT NULL,
  PRIMARY KEY (`ID`),
  UNIQUE KEY `M_DOC_VER_UK_GLOBAL_ID` (`GLOBAL_ID`),
  KEY `M_DOC_VER_FK_DSCN_ID` (`DSCN_ID`),
  KEY `M_DOC_VER_FK_PRI_GRP_ID` (`PRI_GRP_ID`),
  KEY `M_DOC_VER_FK_PRI_ACCT_ID` (`PRI_ACCT_ID`),
  KEY `M_DOC_VER_FK_UPD_BY_ID` (`UPD_BY_ID`),
  KEY `M_DOC_VER_FK_USER_ID` (`USER_ID`),
  KEY `M_DOC_VER_FK_ACCT_ID` (`ACCT_ID`),
  KEY `M_DOC_VER_FK_GROUP_ID` (`GROUP_ID`),
  KEY `M_DOC_VER_FK_TASK_ID` (`TASK_ID`),
  KEY `M_DOC_VER_FK_LAST_DOC_UPD_BY_ID` (`LAST_DOC_UPD_BY_ID`),
  KEY `M_DOC_VER_cr_time` (`CREATE_TIME`),
  KEY `M_DOC_VER_up_time` (`UPDATE_TIME`),
  KEY `M_DOC_VER_lu_time` (`LU_TIME`),
  KEY `M_DOC_VER_own_clone` (`ADDED_BY_ID`,`COPY_OF_ID`),
  KEY `M_DOC_VER_ref_id` (`CLASS_TYPE`,`OBJECT_ID`),
  KEY `M_DOC_VER_doc_id` (`DOC_ID`),
  CONSTRAINT `M_DOC_VER_FK_ACCT_ID` FOREIGN KEY (`ACCT_ID`) REFERENCES `m_acct` (`ID`),
  CONSTRAINT `M_DOC_VER_FK_ADDED_BY_ID` FOREIGN KEY (`ADDED_BY_ID`) REFERENCES `m_user` (`ID`),
  CONSTRAINT `M_DOC_VER_FK_DOC_ID` FOREIGN KEY (`DOC_ID`) REFERENCES `m_docs` (`ID`),
  CONSTRAINT `M_DOC_VER_FK_DSCN_ID` FOREIGN KEY (`DSCN_ID`) REFERENCES `m_decsn_hist` (`ID`),
  CONSTRAINT `M_DOC_VER_FK_GROUP_ID` FOREIGN KEY (`GROUP_ID`) REFERENCES `m_groups` (`ID`),
  CONSTRAINT `M_DOC_VER_FK_LAST_DOC_UPD_BY_ID` FOREIGN KEY (`LAST_DOC_UPD_BY_ID`) REFERENCES `m_user` (`ID`),
  CONSTRAINT `M_DOC_VER_FK_PRI_ACCT_ID` FOREIGN KEY (`PRI_ACCT_ID`) REFERENCES `m_acct` (`ID`),
  CONSTRAINT `M_DOC_VER_FK_PRI_GRP_ID` FOREIGN KEY (`PRI_GRP_ID`) REFERENCES `m_groups` (`ID`),
  CONSTRAINT `M_DOC_VER_FK_TASK_ID` FOREIGN KEY (`TASK_ID`) REFERENCES `m_tasks` (`ID`),
  CONSTRAINT `M_DOC_VER_FK_UPD_BY_ID` FOREIGN KEY (`UPD_BY_ID`) REFERENCES `m_user` (`ID`),
  CONSTRAINT `M_DOC_VER_FK_USER_ID` FOREIGN KEY (`USER_ID`) REFERENCES `m_user` (`ID`)
) ENGINE=InnoDB AUTO_INCREMENT=41 DEFAULT CHARSET=latin1;
/*!40101 SET character_set_client = @saved_cs_client */;

--
-- Dumping data for table `m_doc_ver`
--

LOCK TABLES `m_doc_ver` WRITE;
/*!40000 ALTER TABLE `m_doc_ver` DISABLE KEYS */;
INSERT INTO `m_doc_ver` VALUES (1,'1381174553729_148_54',0,'2013-10-07 19:35:53','2013-10-07 12:35:53','2013-10-07 12:35:53',NULL,0,1,NULL,1,1,1,'System ClI',1,'System ClI',NULL,0,0,0,0,0,0,0,NULL,NULL,NULL,NULL,1,NULL,'XA Secure',1,1,0,0,NULL,1,0,NULL,NULL),(2,'1381174553744_959_55',0,'2013-10-07 19:35:53','2013-10-07 12:35:53','2013-10-07 12:35:53',NULL,0,1,NULL,1,1,1,'System ClI',1,'System ClI',NULL,0,0,0,0,0,0,0,NULL,NULL,NULL,NULL,1,NULL,'XA Secure',1,1,0,0,NULL,1,0,NULL,NULL),(3,'1381174553930_602_62',0,'2013-10-07 19:35:53','2013-10-07 12:35:53','2013-10-07 12:35:53',NULL,0,1,NULL,NULL,NULL,1,'System ClI',1,'System ClI',NULL,0,0,0,0,0,0,0,NULL,NULL,NULL,NULL,2,NULL,'Anne Adfpros',1,1,0,0,NULL,1,0,NULL,NULL),(4,'1381174553940_124_63',0,'2013-10-07 19:35:53','2013-10-07 12:35:53','2013-10-07 12:35:53',NULL,0,1,NULL,NULL,NULL,1,'System ClI',1,'System ClI',NULL,0,0,0,0,0,0,0,NULL,NULL,NULL,NULL,2,NULL,'Anne Adfpros',1,1,0,0,NULL,1,0,NULL,NULL),(5,'1384865595536_439_49',0,'2013-11-19 12:53:15','2013-11-19 18:23:15','2013-11-19 18:23:15',NULL,0,1,NULL,NULL,NULL,1,'System ClI',1,'System ClI',NULL,0,0,0,0,0,0,0,NULL,NULL,NULL,NULL,3,NULL,'Ibmkt1 Ibmkt1',1,1,0,0,NULL,1,0,NULL,NULL),(6,'1384865595550_965_50',0,'2013-11-19 12:53:15','2013-11-19 18:23:15','2013-11-19 18:23:15',NULL,0,1,NULL,NULL,NULL,1,'System ClI',1,'System ClI',NULL,0,0,0,0,0,0,0,NULL,NULL,NULL,NULL,3,NULL,'Ibmkt1 Ibmkt1',1,1,0,0,NULL,1,0,NULL,NULL),(7,'1384865596068_442_68',0,'2013-11-19 12:53:16','2013-11-19 18:23:16','2013-11-19 18:23:16',NULL,0,1,NULL,NULL,NULL,1,'System ClI',1,'System ClI',NULL,0,0,0,0,0,0,0,NULL,NULL,NULL,NULL,4,NULL,'Ibmkt2 Ibmkt2',1,1,0,0,NULL,1,0,NULL,NULL),(8,'1384865596076_337_69',0,'2013-11-19 12:53:16','2013-11-19 18:23:16','2013-11-19 18:23:16',NULL,0,1,NULL,NULL,NULL,1,'System ClI',1,'System ClI',NULL,0,0,0,0,0,0,0,NULL,NULL,NULL,NULL,4,NULL,'Ibmkt2 Ibmkt2',1,1,0,0,NULL,1,0,NULL,NULL),(9,'1384865596449_196_87',0,'2013-11-19 12:53:16','2013-11-19 18:23:16','2013-11-19 18:23:16',NULL,0,1,NULL,NULL,NULL,1,'System ClI',1,'System ClI',NULL,0,0,0,0,0,0,0,NULL,NULL,NULL,NULL,5,NULL,'Ibmkt3 Ibmkt3',1,1,0,0,NULL,1,0,NULL,NULL),(10,'1384865596464_285_88',0,'2013-11-19 12:53:16','2013-11-19 18:23:16','2013-11-19 18:23:16',NULL,0,1,NULL,NULL,NULL,1,'System ClI',1,'System ClI',NULL,0,0,0,0,0,0,0,NULL,NULL,NULL,NULL,5,NULL,'Ibmkt3 Ibmkt3',1,1,0,0,NULL,1,0,NULL,NULL),(11,'1384865596900_5_109',0,'2013-11-19 12:53:16','2013-11-19 18:23:16','2013-11-19 18:23:16',NULL,0,1,NULL,NULL,NULL,1,'System ClI',1,'System ClI',NULL,0,0,0,0,0,0,0,NULL,NULL,NULL,NULL,6,NULL,'Rfsmkt1 Rfsmkt1',1,1,0,0,NULL,1,0,NULL,NULL),(12,'1384865596910_299_110',0,'2013-11-19 12:53:16','2013-11-19 18:23:16','2013-11-19 18:23:16',NULL,0,1,NULL,NULL,NULL,1,'System ClI',1,'System ClI',NULL,0,0,0,0,0,0,0,NULL,NULL,NULL,NULL,6,NULL,'Rfsmkt1 Rfsmkt1',1,1,0,0,NULL,1,0,NULL,NULL),(13,'1384865597271_377_128',0,'2013-11-19 12:53:17','2013-11-19 18:23:17','2013-11-19 18:23:17',NULL,0,1,NULL,NULL,NULL,1,'System ClI',1,'System ClI',NULL,0,0,0,0,0,0,0,NULL,NULL,NULL,NULL,7,NULL,'Rfsmkt2 Rfsmkt2',1,1,0,0,NULL,1,0,NULL,NULL),(14,'1384865597279_739_129',0,'2013-11-19 12:53:17','2013-11-19 18:23:17','2013-11-19 18:23:17',NULL,0,1,NULL,NULL,NULL,1,'System ClI',1,'System ClI',NULL,0,0,0,0,0,0,0,NULL,NULL,NULL,NULL,7,NULL,'Rfsmkt2 Rfsmkt2',1,1,0,0,NULL,1,0,NULL,NULL),(15,'1384865597621_170_147',0,'2013-11-19 12:53:17','2013-11-19 18:23:17','2013-11-19 18:23:17',NULL,0,1,NULL,NULL,NULL,1,'System ClI',1,'System ClI',NULL,0,0,0,0,0,0,0,NULL,NULL,NULL,NULL,8,NULL,'Rfsmkt3 Rfsmkt3',1,1,0,0,NULL,1,0,NULL,NULL),(16,'1384865597632_495_148',0,'2013-11-19 12:53:17','2013-11-19 18:23:17','2013-11-19 18:23:17',NULL,0,1,NULL,NULL,NULL,1,'System ClI',1,'System ClI',NULL,0,0,0,0,0,0,0,NULL,NULL,NULL,NULL,8,NULL,'Rfsmkt3 Rfsmkt3',1,1,0,0,NULL,1,0,NULL,NULL),(17,'1384865598035_681_169',0,'2013-11-19 12:53:18','2013-11-19 18:23:18','2013-11-19 18:23:18',NULL,0,1,NULL,NULL,NULL,1,'System ClI',1,'System ClI',NULL,0,0,0,0,0,0,0,NULL,NULL,NULL,NULL,9,NULL,'Amexrisk1 Amexrisk1',1,1,0,0,NULL,1,0,NULL,NULL),(18,'1384865598045_629_170',0,'2013-11-19 12:53:18','2013-11-19 18:23:18','2013-11-19 18:23:18',NULL,0,1,NULL,NULL,NULL,1,'System ClI',1,'System ClI',NULL,0,0,0,0,0,0,0,NULL,NULL,NULL,NULL,9,NULL,'Amexrisk1 Amexrisk1',1,1,0,0,NULL,1,0,NULL,NULL),(19,'1384865598374_416_188',0,'2013-11-19 12:53:18','2013-11-19 18:23:18','2013-11-19 18:23:18',NULL,0,1,NULL,NULL,NULL,1,'System ClI',1,'System ClI',NULL,0,0,0,0,0,0,0,NULL,NULL,NULL,NULL,10,NULL,'Amexrisk2 Amexrisk2',1,1,0,0,NULL,1,0,NULL,NULL),(20,'1384865598383_384_189',0,'2013-11-19 12:53:18','2013-11-19 18:23:18','2013-11-19 18:23:18',NULL,0,1,NULL,NULL,NULL,1,'System ClI',1,'System ClI',NULL,0,0,0,0,0,0,0,NULL,NULL,NULL,NULL,10,NULL,'Amexrisk2 Amexrisk2',1,1,0,0,NULL,1,0,NULL,NULL),(21,'1384865598742_871_207',0,'2013-11-19 12:53:18','2013-11-19 18:23:18','2013-11-19 18:23:18',NULL,0,1,NULL,NULL,NULL,1,'System ClI',1,'System ClI',NULL,0,0,0,0,0,0,0,NULL,NULL,NULL,NULL,11,NULL,'Amexrisk3 Amexrisk3',1,1,0,0,NULL,1,0,NULL,NULL),(22,'1384865598750_136_208',0,'2013-11-19 12:53:18','2013-11-19 18:23:18','2013-11-19 18:23:18',NULL,0,1,NULL,NULL,NULL,1,'System ClI',1,'System ClI',NULL,0,0,0,0,0,0,0,NULL,NULL,NULL,NULL,11,NULL,'Amexrisk3 Amexrisk3',1,1,0,0,NULL,1,0,NULL,NULL),(23,'1384865599452_109_229',0,'2013-11-19 12:53:19','2013-11-19 18:23:19','2013-11-19 18:23:19',NULL,0,1,NULL,NULL,NULL,1,'System ClI',1,'System ClI',NULL,0,0,0,0,0,0,0,NULL,NULL,NULL,NULL,12,NULL,'Ibit1 Ibit1',1,1,0,0,NULL,1,0,NULL,NULL),(24,'1384865599458_418_230',0,'2013-11-19 12:53:19','2013-11-19 18:23:19','2013-11-19 18:23:19',NULL,0,1,NULL,NULL,NULL,1,'System ClI',1,'System ClI',NULL,0,0,0,0,0,0,0,NULL,NULL,NULL,NULL,12,NULL,'Ibit1 Ibit1',1,1,0,0,NULL,1,0,NULL,NULL),(25,'1384865599873_478_248',0,'2013-11-19 12:53:19','2013-11-19 18:23:19','2013-11-19 18:23:19',NULL,0,1,NULL,NULL,NULL,1,'System ClI',1,'System ClI',NULL,0,0,0,0,0,0,0,NULL,NULL,NULL,NULL,13,NULL,'Ibit2 Ibit2',1,1,0,0,NULL,1,0,NULL,NULL),(26,'1384865599880_951_249',0,'2013-11-19 12:53:19','2013-11-19 18:23:19','2013-11-19 18:23:19',NULL,0,1,NULL,NULL,NULL,1,'System ClI',1,'System ClI',NULL,0,0,0,0,0,0,0,NULL,NULL,NULL,NULL,13,NULL,'Ibit2 Ibit2',1,1,0,0,NULL,1,0,NULL,NULL),(27,'1384865600715_861_267',0,'2013-11-19 12:53:20','2013-11-19 18:23:20','2013-11-19 18:23:20',NULL,0,1,NULL,NULL,NULL,1,'System ClI',1,'System ClI',NULL,0,0,0,0,0,0,0,NULL,NULL,NULL,NULL,14,NULL,'Ibit3 Ibit3',1,1,0,0,NULL,1,0,NULL,NULL),(28,'1384865600724_79_268',0,'2013-11-19 12:53:20','2013-11-19 18:23:20','2013-11-19 18:23:20',NULL,0,1,NULL,NULL,NULL,1,'System ClI',1,'System ClI',NULL,0,0,0,0,0,0,0,NULL,NULL,NULL,NULL,14,NULL,'Ibit3 Ibit3',1,1,0,0,NULL,1,0,NULL,NULL),(29,'1384865601208_339_289',0,'2013-11-19 12:53:21','2013-11-19 18:23:21','2013-11-19 18:23:21',NULL,0,1,NULL,NULL,NULL,1,'System ClI',1,'System ClI',NULL,0,0,0,0,0,0,0,NULL,NULL,NULL,NULL,15,NULL,'Rfsit1 Rfsit1',1,1,0,0,NULL,1,0,NULL,NULL),(30,'1384865601215_351_290',0,'2013-11-19 12:53:21','2013-11-19 18:23:21','2013-11-19 18:23:21',NULL,0,1,NULL,NULL,NULL,1,'System ClI',1,'System ClI',NULL,0,0,0,0,0,0,0,NULL,NULL,NULL,NULL,15,NULL,'Rfsit1 Rfsit1',1,1,0,0,NULL,1,0,NULL,NULL),(31,'1384865601494_342_308',0,'2013-11-19 12:53:21','2013-11-19 18:23:21','2013-11-19 18:23:21',NULL,0,1,NULL,NULL,NULL,1,'System ClI',1,'System ClI',NULL,0,0,0,0,0,0,0,NULL,NULL,NULL,NULL,16,NULL,'Rfsit2 Rfsit2',1,1,0,0,NULL,1,0,NULL,NULL),(32,'1384865601499_167_309',0,'2013-11-19 12:53:21','2013-11-19 18:23:21','2013-11-19 18:23:21',NULL,0,1,NULL,NULL,NULL,1,'System ClI',1,'System ClI',NULL,0,0,0,0,0,0,0,NULL,NULL,NULL,NULL,16,NULL,'Rfsit2 Rfsit2',1,1,0,0,NULL,1,0,NULL,NULL),(33,'1384865601760_991_327',0,'2013-11-19 12:53:21','2013-11-19 18:23:21','2013-11-19 18:23:21',NULL,0,1,NULL,NULL,NULL,1,'System ClI',1,'System ClI',NULL,0,0,0,0,0,0,0,NULL,NULL,NULL,NULL,17,NULL,'Rfsit3 Rfsit3',1,1,0,0,NULL,1,0,NULL,NULL),(34,'1384865601766_869_328',0,'2013-11-19 12:53:21','2013-11-19 18:23:21','2013-11-19 18:23:21',NULL,0,1,NULL,NULL,NULL,1,'System ClI',1,'System ClI',NULL,0,0,0,0,0,0,0,NULL,NULL,NULL,NULL,17,NULL,'Rfsit3 Rfsit3',1,1,0,0,NULL,1,0,NULL,NULL),(35,'1384865602113_759_349',0,'2013-11-19 12:53:22','2013-11-19 18:23:22','2013-11-19 18:23:22',NULL,0,1,NULL,NULL,NULL,1,'System ClI',1,'System ClI',NULL,0,0,0,0,0,0,0,NULL,NULL,NULL,NULL,18,NULL,'Amexit1 Amexit1',1,1,0,0,NULL,1,0,NULL,NULL),(36,'1384865602120_239_350',0,'2013-11-19 12:53:22','2013-11-19 18:23:22','2013-11-19 18:23:22',NULL,0,1,NULL,NULL,NULL,1,'System ClI',1,'System ClI',NULL,0,0,0,0,0,0,0,NULL,NULL,NULL,NULL,18,NULL,'Amexit1 Amexit1',1,1,0,0,NULL,1,0,NULL,NULL),(37,'1384865602396_829_368',0,'2013-11-19 12:53:22','2013-11-19 18:23:22','2013-11-19 18:23:22',NULL,0,1,NULL,NULL,NULL,1,'System ClI',1,'System ClI',NULL,0,0,0,0,0,0,0,NULL,NULL,NULL,NULL,19,NULL,'Amexit2 Amexit2',1,1,0,0,NULL,1,0,NULL,NULL),(38,'1384865602403_491_369',0,'2013-11-19 12:53:22','2013-11-19 18:23:22','2013-11-19 18:23:22',NULL,0,1,NULL,NULL,NULL,1,'System ClI',1,'System ClI',NULL,0,0,0,0,0,0,0,NULL,NULL,NULL,NULL,19,NULL,'Amexit2 Amexit2',1,1,0,0,NULL,1,0,NULL,NULL),(39,'1384865602686_575_387',0,'2013-11-19 12:53:22','2013-11-19 18:23:22','2013-11-19 18:23:22',NULL,0,1,NULL,NULL,NULL,1,'System ClI',1,'System ClI',NULL,0,0,0,0,0,0,0,NULL,NULL,NULL,NULL,20,NULL,'Amexit3 Amexit3',1,1,0,0,NULL,1,0,NULL,NULL),(40,'1384865602691_797_388',0,'2013-11-19 12:53:22','2013-11-19 18:23:22','2013-11-19 18:23:22',NULL,0,1,NULL,NULL,NULL,1,'System ClI',1,'System ClI',NULL,0,0,0,0,0,0,0,NULL,NULL,NULL,NULL,20,NULL,'Amexit3 Amexit3',1,1,0,0,NULL,1,0,NULL,NULL);
/*!40000 ALTER TABLE `m_doc_ver` ENABLE KEYS */;
UNLOCK TABLES;

--
-- Table structure for table `m_doc_ver_h`
--

DROP TABLE IF EXISTS `m_doc_ver_h`;
/*!40101 SET @saved_cs_client     = @@character_set_client */;
/*!40101 SET character_set_client = utf8 */;
CREATE TABLE `m_doc_ver_h` (
  `H_ID` bigint(20) NOT NULL AUTO_INCREMENT,
  `H_FROM_TIME` datetime NOT NULL,
  `H_TO_TIME` datetime DEFAULT NULL,
  `H_STATUS` int(11) NOT NULL DEFAULT '0',
  `H_SESS_ID` bigint(20) DEFAULT NULL,
  `ID` bigint(20) DEFAULT NULL,
  `GLOBAL_ID` varchar(512) DEFAULT NULL,
  `VERSION_NUM` int(11) DEFAULT '0',
  `LU_TIME` datetime DEFAULT NULL,
  `CREATE_TIME` datetime DEFAULT NULL,
  `UPDATE_TIME` datetime DEFAULT NULL,
  `COPY_OF_ID` bigint(20) DEFAULT NULL,
  `COPY_OF_VER` int(11) DEFAULT '0',
  `STATUS` int(11) DEFAULT '0',
  `DSCN_ID` bigint(20) DEFAULT NULL,
  `PRI_GRP_ID` bigint(20) DEFAULT NULL,
  `PRI_ACCT_ID` bigint(20) DEFAULT NULL,
  `ADDED_BY_ID` bigint(20) DEFAULT NULL,
  `ADDED_BY_NAME` varchar(100) DEFAULT NULL,
  `UPD_BY_ID` bigint(20) DEFAULT NULL,
  `UPDATED_BY_NAME` varchar(100) DEFAULT NULL,
  `CHNG_REASON` varchar(4000) DEFAULT NULL,
  `IS_SYS` tinyint(1) DEFAULT '0',
  `UP_COUNT` int(11) DEFAULT '0',
  `DOWN_COUNT` int(11) DEFAULT '0',
  `RATING` int(11) DEFAULT '0',
  `SEL_COUNT` int(11) DEFAULT '0',
  `SHR_PREF` int(11) DEFAULT '0',
  `CLASS_TYPE` int(11) DEFAULT '0',
  `OBJECT_ID` bigint(20) DEFAULT NULL,
  `USER_ID` bigint(20) DEFAULT NULL,
  `ACCT_ID` bigint(20) DEFAULT NULL,
  `GROUP_ID` bigint(20) DEFAULT NULL,
  `DOC_ID` bigint(20) DEFAULT NULL,
  `TASK_ID` bigint(20) DEFAULT NULL,
  `DOC_NAME` text,
  `DOC_VER` int(11) DEFAULT '0',
  `FILE_TYPE` int(11) DEFAULT '0',
  `FILE_SIZE` bigint(20) DEFAULT '0',
  `DOC_STATUS` int(11) DEFAULT '0',
  `LAST_DOC_UPD_TIME` datetime DEFAULT NULL,
  `LAST_DOC_UPD_BY_ID` bigint(20) DEFAULT NULL,
  `DOC_ACTION` int(11) DEFAULT '0',
  `RAW_FILE_PATH` varchar(2056) DEFAULT NULL,
  `PATH_KEY` varchar(2056) DEFAULT NULL,
  PRIMARY KEY (`H_ID`),
  KEY `M_DOC_VER_H_TOTIME` (`ID`,`H_TO_TIME`)
) ENGINE=InnoDB AUTO_INCREMENT=41 DEFAULT CHARSET=latin1;
/*!40101 SET character_set_client = @saved_cs_client */;

--
-- Dumping data for table `m_doc_ver_h`
--

LOCK TABLES `m_doc_ver_h` WRITE;
/*!40000 ALTER TABLE `m_doc_ver_h` DISABLE KEYS */;
INSERT INTO `m_doc_ver_h` VALUES (1,'2013-10-07 12:35:53',NULL,0,NULL,1,'1381174553729_148_54',0,NULL,'2013-10-07 12:35:53','2013-10-07 12:35:53',NULL,0,1,NULL,1,1,1,'System ClI',1,'System ClI',NULL,0,0,0,0,0,0,0,NULL,NULL,NULL,NULL,1,NULL,'XA Secure',1,1,0,0,NULL,1,0,NULL,NULL),(2,'2013-10-07 12:35:53',NULL,0,NULL,2,'1381174553744_959_55',0,NULL,'2013-10-07 12:35:53','2013-10-07 12:35:53',NULL,0,1,NULL,1,1,1,'System ClI',1,'System ClI',NULL,0,0,0,0,0,0,0,NULL,NULL,NULL,NULL,1,NULL,'XA Secure',1,1,0,0,NULL,1,0,NULL,NULL),(3,'2013-10-07 12:35:53',NULL,0,NULL,3,'1381174553930_602_62',0,NULL,'2013-10-07 12:35:53','2013-10-07 12:35:53',NULL,0,1,NULL,NULL,NULL,1,'System ClI',1,'System ClI',NULL,0,0,0,0,0,0,0,NULL,NULL,NULL,NULL,2,NULL,'Anne Adfpros',1,1,0,0,NULL,1,0,NULL,NULL),(4,'2013-10-07 12:35:53',NULL,0,NULL,4,'1381174553940_124_63',0,NULL,'2013-10-07 12:35:53','2013-10-07 12:35:53',NULL,0,1,NULL,NULL,NULL,1,'System ClI',1,'System ClI',NULL,0,0,0,0,0,0,0,NULL,NULL,NULL,NULL,2,NULL,'Anne Adfpros',1,1,0,0,NULL,1,0,NULL,NULL),(5,'2013-11-19 18:23:15',NULL,0,NULL,5,'1384865595536_439_49',0,NULL,'2013-11-19 18:23:15','2013-11-19 18:23:15',NULL,0,1,NULL,NULL,NULL,1,'System ClI',1,'System ClI',NULL,0,0,0,0,0,0,0,NULL,NULL,NULL,NULL,3,NULL,'Ibmkt1 Ibmkt1',1,1,0,0,NULL,1,0,NULL,NULL),(6,'2013-11-19 18:23:15',NULL,0,NULL,6,'1384865595550_965_50',0,NULL,'2013-11-19 18:23:15','2013-11-19 18:23:15',NULL,0,1,NULL,NULL,NULL,1,'System ClI',1,'System ClI',NULL,0,0,0,0,0,0,0,NULL,NULL,NULL,NULL,3,NULL,'Ibmkt1 Ibmkt1',1,1,0,0,NULL,1,0,NULL,NULL),(7,'2013-11-19 18:23:16',NULL,0,NULL,7,'1384865596068_442_68',0,NULL,'2013-11-19 18:23:16','2013-11-19 18:23:16',NULL,0,1,NULL,NULL,NULL,1,'System ClI',1,'System ClI',NULL,0,0,0,0,0,0,0,NULL,NULL,NULL,NULL,4,NULL,'Ibmkt2 Ibmkt2',1,1,0,0,NULL,1,0,NULL,NULL),(8,'2013-11-19 18:23:16',NULL,0,NULL,8,'1384865596076_337_69',0,NULL,'2013-11-19 18:23:16','2013-11-19 18:23:16',NULL,0,1,NULL,NULL,NULL,1,'System ClI',1,'System ClI',NULL,0,0,0,0,0,0,0,NULL,NULL,NULL,NULL,4,NULL,'Ibmkt2 Ibmkt2',1,1,0,0,NULL,1,0,NULL,NULL),(9,'2013-11-19 18:23:16',NULL,0,NULL,9,'1384865596449_196_87',0,NULL,'2013-11-19 18:23:16','2013-11-19 18:23:16',NULL,0,1,NULL,NULL,NULL,1,'System ClI',1,'System ClI',NULL,0,0,0,0,0,0,0,NULL,NULL,NULL,NULL,5,NULL,'Ibmkt3 Ibmkt3',1,1,0,0,NULL,1,0,NULL,NULL),(10,'2013-11-19 18:23:16',NULL,0,NULL,10,'1384865596464_285_88',0,NULL,'2013-11-19 18:23:16','2013-11-19 18:23:16',NULL,0,1,NULL,NULL,NULL,1,'System ClI',1,'System ClI',NULL,0,0,0,0,0,0,0,NULL,NULL,NULL,NULL,5,NULL,'Ibmkt3 Ibmkt3',1,1,0,0,NULL,1,0,NULL,NULL),(11,'2013-11-19 18:23:16',NULL,0,NULL,11,'1384865596900_5_109',0,NULL,'2013-11-19 18:23:16','2013-11-19 18:23:16',NULL,0,1,NULL,NULL,NULL,1,'System ClI',1,'System ClI',NULL,0,0,0,0,0,0,0,NULL,NULL,NULL,NULL,6,NULL,'Rfsmkt1 Rfsmkt1',1,1,0,0,NULL,1,0,NULL,NULL),(12,'2013-11-19 18:23:16',NULL,0,NULL,12,'1384865596910_299_110',0,NULL,'2013-11-19 18:23:16','2013-11-19 18:23:16',NULL,0,1,NULL,NULL,NULL,1,'System ClI',1,'System ClI',NULL,0,0,0,0,0,0,0,NULL,NULL,NULL,NULL,6,NULL,'Rfsmkt1 Rfsmkt1',1,1,0,0,NULL,1,0,NULL,NULL),(13,'2013-11-19 18:23:17',NULL,0,NULL,13,'1384865597271_377_128',0,NULL,'2013-11-19 18:23:17','2013-11-19 18:23:17',NULL,0,1,NULL,NULL,NULL,1,'System ClI',1,'System ClI',NULL,0,0,0,0,0,0,0,NULL,NULL,NULL,NULL,7,NULL,'Rfsmkt2 Rfsmkt2',1,1,0,0,NULL,1,0,NULL,NULL),(14,'2013-11-19 18:23:17',NULL,0,NULL,14,'1384865597279_739_129',0,NULL,'2013-11-19 18:23:17','2013-11-19 18:23:17',NULL,0,1,NULL,NULL,NULL,1,'System ClI',1,'System ClI',NULL,0,0,0,0,0,0,0,NULL,NULL,NULL,NULL,7,NULL,'Rfsmkt2 Rfsmkt2',1,1,0,0,NULL,1,0,NULL,NULL),(15,'2013-11-19 18:23:17',NULL,0,NULL,15,'1384865597621_170_147',0,NULL,'2013-11-19 18:23:17','2013-11-19 18:23:17',NULL,0,1,NULL,NULL,NULL,1,'System ClI',1,'System ClI',NULL,0,0,0,0,0,0,0,NULL,NULL,NULL,NULL,8,NULL,'Rfsmkt3 Rfsmkt3',1,1,0,0,NULL,1,0,NULL,NULL),(16,'2013-11-19 18:23:17',NULL,0,NULL,16,'1384865597632_495_148',0,NULL,'2013-11-19 18:23:17','2013-11-19 18:23:17',NULL,0,1,NULL,NULL,NULL,1,'System ClI',1,'System ClI',NULL,0,0,0,0,0,0,0,NULL,NULL,NULL,NULL,8,NULL,'Rfsmkt3 Rfsmkt3',1,1,0,0,NULL,1,0,NULL,NULL),(17,'2013-11-19 18:23:18',NULL,0,NULL,17,'1384865598035_681_169',0,NULL,'2013-11-19 18:23:18','2013-11-19 18:23:18',NULL,0,1,NULL,NULL,NULL,1,'System ClI',1,'System ClI',NULL,0,0,0,0,0,0,0,NULL,NULL,NULL,NULL,9,NULL,'Amexrisk1 Amexrisk1',1,1,0,0,NULL,1,0,NULL,NULL),(18,'2013-11-19 18:23:18',NULL,0,NULL,18,'1384865598045_629_170',0,NULL,'2013-11-19 18:23:18','2013-11-19 18:23:18',NULL,0,1,NULL,NULL,NULL,1,'System ClI',1,'System ClI',NULL,0,0,0,0,0,0,0,NULL,NULL,NULL,NULL,9,NULL,'Amexrisk1 Amexrisk1',1,1,0,0,NULL,1,0,NULL,NULL),(19,'2013-11-19 18:23:18',NULL,0,NULL,19,'1384865598374_416_188',0,NULL,'2013-11-19 18:23:18','2013-11-19 18:23:18',NULL,0,1,NULL,NULL,NULL,1,'System ClI',1,'System ClI',NULL,0,0,0,0,0,0,0,NULL,NULL,NULL,NULL,10,NULL,'Amexrisk2 Amexrisk2',1,1,0,0,NULL,1,0,NULL,NULL),(20,'2013-11-19 18:23:18',NULL,0,NULL,20,'1384865598383_384_189',0,NULL,'2013-11-19 18:23:18','2013-11-19 18:23:18',NULL,0,1,NULL,NULL,NULL,1,'System ClI',1,'System ClI',NULL,0,0,0,0,0,0,0,NULL,NULL,NULL,NULL,10,NULL,'Amexrisk2 Amexrisk2',1,1,0,0,NULL,1,0,NULL,NULL),(21,'2013-11-19 18:23:18',NULL,0,NULL,21,'1384865598742_871_207',0,NULL,'2013-11-19 18:23:18','2013-11-19 18:23:18',NULL,0,1,NULL,NULL,NULL,1,'System ClI',1,'System ClI',NULL,0,0,0,0,0,0,0,NULL,NULL,NULL,NULL,11,NULL,'Amexrisk3 Amexrisk3',1,1,0,0,NULL,1,0,NULL,NULL),(22,'2013-11-19 18:23:18',NULL,0,NULL,22,'1384865598750_136_208',0,NULL,'2013-11-19 18:23:18','2013-11-19 18:23:18',NULL,0,1,NULL,NULL,NULL,1,'System ClI',1,'System ClI',NULL,0,0,0,0,0,0,0,NULL,NULL,NULL,NULL,11,NULL,'Amexrisk3 Amexrisk3',1,1,0,0,NULL,1,0,NULL,NULL),(23,'2013-11-19 18:23:19',NULL,0,NULL,23,'1384865599452_109_229',0,NULL,'2013-11-19 18:23:19','2013-11-19 18:23:19',NULL,0,1,NULL,NULL,NULL,1,'System ClI',1,'System ClI',NULL,0,0,0,0,0,0,0,NULL,NULL,NULL,NULL,12,NULL,'Ibit1 Ibit1',1,1,0,0,NULL,1,0,NULL,NULL),(24,'2013-11-19 18:23:19',NULL,0,NULL,24,'1384865599458_418_230',0,NULL,'2013-11-19 18:23:19','2013-11-19 18:23:19',NULL,0,1,NULL,NULL,NULL,1,'System ClI',1,'System ClI',NULL,0,0,0,0,0,0,0,NULL,NULL,NULL,NULL,12,NULL,'Ibit1 Ibit1',1,1,0,0,NULL,1,0,NULL,NULL),(25,'2013-11-19 18:23:19',NULL,0,NULL,25,'1384865599873_478_248',0,NULL,'2013-11-19 18:23:19','2013-11-19 18:23:19',NULL,0,1,NULL,NULL,NULL,1,'System ClI',1,'System ClI',NULL,0,0,0,0,0,0,0,NULL,NULL,NULL,NULL,13,NULL,'Ibit2 Ibit2',1,1,0,0,NULL,1,0,NULL,NULL),(26,'2013-11-19 18:23:19',NULL,0,NULL,26,'1384865599880_951_249',0,NULL,'2013-11-19 18:23:19','2013-11-19 18:23:19',NULL,0,1,NULL,NULL,NULL,1,'System ClI',1,'System ClI',NULL,0,0,0,0,0,0,0,NULL,NULL,NULL,NULL,13,NULL,'Ibit2 Ibit2',1,1,0,0,NULL,1,0,NULL,NULL),(27,'2013-11-19 18:23:20',NULL,0,NULL,27,'1384865600715_861_267',0,NULL,'2013-11-19 18:23:20','2013-11-19 18:23:20',NULL,0,1,NULL,NULL,NULL,1,'System ClI',1,'System ClI',NULL,0,0,0,0,0,0,0,NULL,NULL,NULL,NULL,14,NULL,'Ibit3 Ibit3',1,1,0,0,NULL,1,0,NULL,NULL),(28,'2013-11-19 18:23:20',NULL,0,NULL,28,'1384865600724_79_268',0,NULL,'2013-11-19 18:23:20','2013-11-19 18:23:20',NULL,0,1,NULL,NULL,NULL,1,'System ClI',1,'System ClI',NULL,0,0,0,0,0,0,0,NULL,NULL,NULL,NULL,14,NULL,'Ibit3 Ibit3',1,1,0,0,NULL,1,0,NULL,NULL),(29,'2013-11-19 18:23:21',NULL,0,NULL,29,'1384865601208_339_289',0,NULL,'2013-11-19 18:23:21','2013-11-19 18:23:21',NULL,0,1,NULL,NULL,NULL,1,'System ClI',1,'System ClI',NULL,0,0,0,0,0,0,0,NULL,NULL,NULL,NULL,15,NULL,'Rfsit1 Rfsit1',1,1,0,0,NULL,1,0,NULL,NULL),(30,'2013-11-19 18:23:21',NULL,0,NULL,30,'1384865601215_351_290',0,NULL,'2013-11-19 18:23:21','2013-11-19 18:23:21',NULL,0,1,NULL,NULL,NULL,1,'System ClI',1,'System ClI',NULL,0,0,0,0,0,0,0,NULL,NULL,NULL,NULL,15,NULL,'Rfsit1 Rfsit1',1,1,0,0,NULL,1,0,NULL,NULL),(31,'2013-11-19 18:23:21',NULL,0,NULL,31,'1384865601494_342_308',0,NULL,'2013-11-19 18:23:21','2013-11-19 18:23:21',NULL,0,1,NULL,NULL,NULL,1,'System ClI',1,'System ClI',NULL,0,0,0,0,0,0,0,NULL,NULL,NULL,NULL,16,NULL,'Rfsit2 Rfsit2',1,1,0,0,NULL,1,0,NULL,NULL),(32,'2013-11-19 18:23:21',NULL,0,NULL,32,'1384865601499_167_309',0,NULL,'2013-11-19 18:23:21','2013-11-19 18:23:21',NULL,0,1,NULL,NULL,NULL,1,'System ClI',1,'System ClI',NULL,0,0,0,0,0,0,0,NULL,NULL,NULL,NULL,16,NULL,'Rfsit2 Rfsit2',1,1,0,0,NULL,1,0,NULL,NULL),(33,'2013-11-19 18:23:21',NULL,0,NULL,33,'1384865601760_991_327',0,NULL,'2013-11-19 18:23:21','2013-11-19 18:23:21',NULL,0,1,NULL,NULL,NULL,1,'System ClI',1,'System ClI',NULL,0,0,0,0,0,0,0,NULL,NULL,NULL,NULL,17,NULL,'Rfsit3 Rfsit3',1,1,0,0,NULL,1,0,NULL,NULL),(34,'2013-11-19 18:23:21',NULL,0,NULL,34,'1384865601766_869_328',0,NULL,'2013-11-19 18:23:21','2013-11-19 18:23:21',NULL,0,1,NULL,NULL,NULL,1,'System ClI',1,'System ClI',NULL,0,0,0,0,0,0,0,NULL,NULL,NULL,NULL,17,NULL,'Rfsit3 Rfsit3',1,1,0,0,NULL,1,0,NULL,NULL),(35,'2013-11-19 18:23:22',NULL,0,NULL,35,'1384865602113_759_349',0,NULL,'2013-11-19 18:23:22','2013-11-19 18:23:22',NULL,0,1,NULL,NULL,NULL,1,'System ClI',1,'System ClI',NULL,0,0,0,0,0,0,0,NULL,NULL,NULL,NULL,18,NULL,'Amexit1 Amexit1',1,1,0,0,NULL,1,0,NULL,NULL),(36,'2013-11-19 18:23:22',NULL,0,NULL,36,'1384865602120_239_350',0,NULL,'2013-11-19 18:23:22','2013-11-19 18:23:22',NULL,0,1,NULL,NULL,NULL,1,'System ClI',1,'System ClI',NULL,0,0,0,0,0,0,0,NULL,NULL,NULL,NULL,18,NULL,'Amexit1 Amexit1',1,1,0,0,NULL,1,0,NULL,NULL),(37,'2013-11-19 18:23:22',NULL,0,NULL,37,'1384865602396_829_368',0,NULL,'2013-11-19 18:23:22','2013-11-19 18:23:22',NULL,0,1,NULL,NULL,NULL,1,'System ClI',1,'System ClI',NULL,0,0,0,0,0,0,0,NULL,NULL,NULL,NULL,19,NULL,'Amexit2 Amexit2',1,1,0,0,NULL,1,0,NULL,NULL),(38,'2013-11-19 18:23:22',NULL,0,NULL,38,'1384865602403_491_369',0,NULL,'2013-11-19 18:23:22','2013-11-19 18:23:22',NULL,0,1,NULL,NULL,NULL,1,'System ClI',1,'System ClI',NULL,0,0,0,0,0,0,0,NULL,NULL,NULL,NULL,19,NULL,'Amexit2 Amexit2',1,1,0,0,NULL,1,0,NULL,NULL),(39,'2013-11-19 18:23:22',NULL,0,NULL,39,'1384865602686_575_387',0,NULL,'2013-11-19 18:23:22','2013-11-19 18:23:22',NULL,0,1,NULL,NULL,NULL,1,'System ClI',1,'System ClI',NULL,0,0,0,0,0,0,0,NULL,NULL,NULL,NULL,20,NULL,'Amexit3 Amexit3',1,1,0,0,NULL,1,0,NULL,NULL),(40,'2013-11-19 18:23:22',NULL,0,NULL,40,'1384865602691_797_388',0,NULL,'2013-11-19 18:23:22','2013-11-19 18:23:22',NULL,0,1,NULL,NULL,NULL,1,'System ClI',1,'System ClI',NULL,0,0,0,0,0,0,0,NULL,NULL,NULL,NULL,20,NULL,'Amexit3 Amexit3',1,1,0,0,NULL,1,0,NULL,NULL);
/*!40000 ALTER TABLE `m_doc_ver_h` ENABLE KEYS */;
UNLOCK TABLES;

--
-- Table structure for table `m_docs`
--

DROP TABLE IF EXISTS `m_docs`;
/*!40101 SET @saved_cs_client     = @@character_set_client */;
/*!40101 SET character_set_client = utf8 */;
CREATE TABLE `m_docs` (
  `ID` bigint(20) NOT NULL AUTO_INCREMENT,
  `GLOBAL_ID` varchar(512) NOT NULL,
  `VERSION_NUM` int(11) NOT NULL DEFAULT '0',
  `LU_TIME` timestamp NOT NULL DEFAULT CURRENT_TIMESTAMP ON UPDATE CURRENT_TIMESTAMP,
  `CREATE_TIME` datetime NOT NULL,
  `UPDATE_TIME` datetime NOT NULL,
  `COPY_OF_ID` bigint(20) DEFAULT NULL,
  `COPY_OF_VER` int(11) DEFAULT '0',
  `STATUS` int(11) NOT NULL DEFAULT '0',
  `DSCN_ID` bigint(20) DEFAULT NULL,
  `PRI_GRP_ID` bigint(20) DEFAULT NULL,
  `PRI_ACCT_ID` bigint(20) DEFAULT NULL,
  `ADDED_BY_ID` bigint(20) DEFAULT NULL,
  `ADDED_BY_NAME` varchar(100) DEFAULT NULL,
  `UPD_BY_ID` bigint(20) DEFAULT NULL,
  `UPDATED_BY_NAME` varchar(100) DEFAULT NULL,
  `CHNG_REASON` varchar(4000) DEFAULT NULL,
  `IS_SYS` tinyint(1) NOT NULL DEFAULT '0',
  `UP_COUNT` int(11) NOT NULL DEFAULT '0',
  `DOWN_COUNT` int(11) NOT NULL DEFAULT '0',
  `RATING` int(11) NOT NULL DEFAULT '0',
  `SEL_COUNT` int(11) NOT NULL DEFAULT '0',
  `SHR_PREF` int(11) NOT NULL DEFAULT '0',
  `CLASS_TYPE` int(11) NOT NULL DEFAULT '0',
  `OBJECT_ID` bigint(20) DEFAULT NULL,
  `USER_ID` bigint(20) DEFAULT NULL,
  `ACCT_ID` bigint(20) DEFAULT NULL,
  `GROUP_ID` bigint(20) DEFAULT NULL,
  `DOC_ID` bigint(20) DEFAULT NULL,
  `TASK_ID` bigint(20) DEFAULT NULL,
  `DOC_NAME` text,
  `PARENT_FOLDER_ID` bigint(20) DEFAULT NULL,
  `DOC_PATH_IDS` text,
  `DOC_PATH` text,
  `RAW_FILE_PATH` varchar(2056) DEFAULT NULL,
  `USER_FILEPATH` varchar(2056) DEFAULT NULL,
  `PATH_KEY` varchar(2056) DEFAULT NULL,
  `DOC_VER` int(11) NOT NULL DEFAULT '0',
  `FILE_TYPE` int(11) NOT NULL DEFAULT '0',
  `DOC_STATUS` int(11) NOT NULL DEFAULT '0',
  `FILE_SIZE` bigint(20) NOT NULL DEFAULT '0',
  `LAST_DOC_UPD_TIME` datetime DEFAULT NULL,
  `MIME_TYPE` int(11) NOT NULL DEFAULT '0',
  `MIME_TYPE_RAW` int(11) NOT NULL DEFAULT '0',
  `LAST_DOC_UPD_BY_ID` bigint(20) DEFAULT NULL,
  `DOC_ACTION` int(11) NOT NULL DEFAULT '0',
  PRIMARY KEY (`ID`),
  UNIQUE KEY `M_DOCS_UK_GLOBAL_ID` (`GLOBAL_ID`),
  KEY `M_DOCS_FK_DSCN_ID` (`DSCN_ID`),
  KEY `M_DOCS_FK_PRI_GRP_ID` (`PRI_GRP_ID`),
  KEY `M_DOCS_FK_PRI_ACCT_ID` (`PRI_ACCT_ID`),
  KEY `M_DOCS_FK_UPD_BY_ID` (`UPD_BY_ID`),
  KEY `M_DOCS_FK_USER_ID` (`USER_ID`),
  KEY `M_DOCS_FK_ACCT_ID` (`ACCT_ID`),
  KEY `M_DOCS_FK_GROUP_ID` (`GROUP_ID`),
  KEY `M_DOCS_FK_DOC_ID` (`DOC_ID`),
  KEY `M_DOCS_FK_TASK_ID` (`TASK_ID`),
  KEY `M_DOCS_FK_PARENT_FOLDER_ID` (`PARENT_FOLDER_ID`),
  KEY `M_DOCS_FK_LAST_DOC_UPD_BY_ID` (`LAST_DOC_UPD_BY_ID`),
  KEY `M_DOCS_cr_time` (`CREATE_TIME`),
  KEY `M_DOCS_up_time` (`UPDATE_TIME`),
  KEY `M_DOCS_lu_time` (`LU_TIME`),
  KEY `M_DOCS_own_clone` (`ADDED_BY_ID`,`COPY_OF_ID`),
  KEY `M_DOCS_ref_id` (`CLASS_TYPE`,`OBJECT_ID`),
  KEY `M_DOCS_name` (`DOC_NAME`(767)),
  CONSTRAINT `M_DOCS_FK_ACCT_ID` FOREIGN KEY (`ACCT_ID`) REFERENCES `m_acct` (`ID`),
  CONSTRAINT `M_DOCS_FK_ADDED_BY_ID` FOREIGN KEY (`ADDED_BY_ID`) REFERENCES `m_user` (`ID`),
  CONSTRAINT `M_DOCS_FK_DOC_ID` FOREIGN KEY (`DOC_ID`) REFERENCES `m_docs` (`ID`),
  CONSTRAINT `M_DOCS_FK_DSCN_ID` FOREIGN KEY (`DSCN_ID`) REFERENCES `m_decsn_hist` (`ID`),
  CONSTRAINT `M_DOCS_FK_GROUP_ID` FOREIGN KEY (`GROUP_ID`) REFERENCES `m_groups` (`ID`),
  CONSTRAINT `M_DOCS_FK_LAST_DOC_UPD_BY_ID` FOREIGN KEY (`LAST_DOC_UPD_BY_ID`) REFERENCES `m_user` (`ID`),
  CONSTRAINT `M_DOCS_FK_PARENT_FOLDER_ID` FOREIGN KEY (`PARENT_FOLDER_ID`) REFERENCES `m_docs` (`ID`),
  CONSTRAINT `M_DOCS_FK_PRI_ACCT_ID` FOREIGN KEY (`PRI_ACCT_ID`) REFERENCES `m_acct` (`ID`),
  CONSTRAINT `M_DOCS_FK_PRI_GRP_ID` FOREIGN KEY (`PRI_GRP_ID`) REFERENCES `m_groups` (`ID`),
  CONSTRAINT `M_DOCS_FK_TASK_ID` FOREIGN KEY (`TASK_ID`) REFERENCES `m_tasks` (`ID`),
  CONSTRAINT `M_DOCS_FK_UPD_BY_ID` FOREIGN KEY (`UPD_BY_ID`) REFERENCES `m_user` (`ID`),
  CONSTRAINT `M_DOCS_FK_USER_ID` FOREIGN KEY (`USER_ID`) REFERENCES `m_user` (`ID`)
) ENGINE=InnoDB AUTO_INCREMENT=21 DEFAULT CHARSET=latin1;
/*!40101 SET character_set_client = @saved_cs_client */;

--
-- Dumping data for table `m_docs`
--

LOCK TABLES `m_docs` WRITE;
/*!40000 ALTER TABLE `m_docs` DISABLE KEYS */;
INSERT INTO `m_docs` VALUES (1,'1381174553697_451_53',0,'2013-10-07 19:35:53','2013-10-07 12:35:53','2013-10-07 12:35:53',NULL,0,1,NULL,1,1,1,'System ClI',1,'System ClI',NULL,1,0,0,0,0,0,31,1,NULL,1,NULL,NULL,NULL,'XA Secure',NULL,NULL,NULL,NULL,NULL,NULL,1,1,0,0,NULL,0,0,NULL,0),(2,'1381174553907_749_61',2,'2013-10-07 19:35:53','2013-10-07 12:35:53','2013-10-07 12:35:53',NULL,0,1,NULL,NULL,NULL,2,'Anne Adfpros',1,'System ClI',NULL,1,0,0,0,0,0,5,2,2,NULL,NULL,NULL,NULL,'Anne Adfpros',NULL,NULL,NULL,NULL,NULL,NULL,1,1,0,0,NULL,0,0,NULL,0),(3,'1384865595486_562_48',2,'2013-11-19 12:53:15','2013-11-19 18:23:15','2013-11-19 18:23:15',NULL,0,1,NULL,NULL,NULL,3,'Ibmkt1 Ibmkt1',1,'System ClI',NULL,1,0,0,0,0,0,5,3,3,NULL,NULL,NULL,NULL,'Ibmkt1 Ibmkt1',NULL,NULL,NULL,NULL,NULL,NULL,1,1,0,0,NULL,0,0,NULL,0),(4,'1384865596043_659_67',2,'2013-11-19 12:53:16','2013-11-19 18:23:16','2013-11-19 18:23:16',NULL,0,1,NULL,NULL,NULL,4,'Ibmkt2 Ibmkt2',1,'System ClI',NULL,1,0,0,0,0,0,5,4,4,NULL,NULL,NULL,NULL,'Ibmkt2 Ibmkt2',NULL,NULL,NULL,NULL,NULL,NULL,1,1,0,0,NULL,0,0,NULL,0),(5,'1384865596415_916_86',2,'2013-11-19 12:53:16','2013-11-19 18:23:16','2013-11-19 18:23:16',NULL,0,1,NULL,NULL,NULL,5,'Ibmkt3 Ibmkt3',1,'System ClI',NULL,1,0,0,0,0,0,5,5,5,NULL,NULL,NULL,NULL,'Ibmkt3 Ibmkt3',NULL,NULL,NULL,NULL,NULL,NULL,1,1,0,0,NULL,0,0,NULL,0),(6,'1384865596877_683_108',2,'2013-11-19 12:53:16','2013-11-19 18:23:16','2013-11-19 18:23:16',NULL,0,1,NULL,NULL,NULL,6,'Rfsmkt1 Rfsmkt1',1,'System ClI',NULL,1,0,0,0,0,0,5,6,6,NULL,NULL,NULL,NULL,'Rfsmkt1 Rfsmkt1',NULL,NULL,NULL,NULL,NULL,NULL,1,1,0,0,NULL,0,0,NULL,0),(7,'1384865597245_240_127',2,'2013-11-19 12:53:17','2013-11-19 18:23:17','2013-11-19 18:23:17',NULL,0,1,NULL,NULL,NULL,7,'Rfsmkt2 Rfsmkt2',1,'System ClI',NULL,1,0,0,0,0,0,5,7,7,NULL,NULL,NULL,NULL,'Rfsmkt2 Rfsmkt2',NULL,NULL,NULL,NULL,NULL,NULL,1,1,0,0,NULL,0,0,NULL,0),(8,'1384865597592_866_146',2,'2013-11-19 12:53:17','2013-11-19 18:23:17','2013-11-19 18:23:17',NULL,0,1,NULL,NULL,NULL,8,'Rfsmkt3 Rfsmkt3',1,'System ClI',NULL,1,0,0,0,0,0,5,8,8,NULL,NULL,NULL,NULL,'Rfsmkt3 Rfsmkt3',NULL,NULL,NULL,NULL,NULL,NULL,1,1,0,0,NULL,0,0,NULL,0),(9,'1384865598004_540_168',2,'2013-11-19 12:53:18','2013-11-19 18:23:18','2013-11-19 18:23:18',NULL,0,1,NULL,NULL,NULL,9,'Amexrisk1 Amexrisk1',1,'System ClI',NULL,1,0,0,0,0,0,5,9,9,NULL,NULL,NULL,NULL,'Amexrisk1 Amexrisk1',NULL,NULL,NULL,NULL,NULL,NULL,1,1,0,0,NULL,0,0,NULL,0),(10,'1384865598344_647_187',2,'2013-11-19 12:53:18','2013-11-19 18:23:18','2013-11-19 18:23:18',NULL,0,1,NULL,NULL,NULL,10,'Amexrisk2 Amexrisk2',1,'System ClI',NULL,1,0,0,0,0,0,5,10,10,NULL,NULL,NULL,NULL,'Amexrisk2 Amexrisk2',NULL,NULL,NULL,NULL,NULL,NULL,1,1,0,0,NULL,0,0,NULL,0),(11,'1384865598715_421_206',2,'2013-11-19 12:53:18','2013-11-19 18:23:18','2013-11-19 18:23:18',NULL,0,1,NULL,NULL,NULL,11,'Amexrisk3 Amexrisk3',1,'System ClI',NULL,1,0,0,0,0,0,5,11,11,NULL,NULL,NULL,NULL,'Amexrisk3 Amexrisk3',NULL,NULL,NULL,NULL,NULL,NULL,1,1,0,0,NULL,0,0,NULL,0),(12,'1384865599431_196_228',2,'2013-11-19 12:53:19','2013-11-19 18:23:19','2013-11-19 18:23:19',NULL,0,1,NULL,NULL,NULL,12,'Ibit1 Ibit1',1,'System ClI',NULL,1,0,0,0,0,0,5,12,12,NULL,NULL,NULL,NULL,'Ibit1 Ibit1',NULL,NULL,NULL,NULL,NULL,NULL,1,1,0,0,NULL,0,0,NULL,0),(13,'1384865599857_802_247',2,'2013-11-19 12:53:19','2013-11-19 18:23:19','2013-11-19 18:23:19',NULL,0,1,NULL,NULL,NULL,13,'Ibit2 Ibit2',1,'System ClI',NULL,1,0,0,0,0,0,5,13,13,NULL,NULL,NULL,NULL,'Ibit2 Ibit2',NULL,NULL,NULL,NULL,NULL,NULL,1,1,0,0,NULL,0,0,NULL,0),(14,'1384865600696_337_266',2,'2013-11-19 12:53:20','2013-11-19 18:23:20','2013-11-19 18:23:20',NULL,0,1,NULL,NULL,NULL,14,'Ibit3 Ibit3',1,'System ClI',NULL,1,0,0,0,0,0,5,14,14,NULL,NULL,NULL,NULL,'Ibit3 Ibit3',NULL,NULL,NULL,NULL,NULL,NULL,1,1,0,0,NULL,0,0,NULL,0),(15,'1384865601193_456_288',2,'2013-11-19 12:53:21','2013-11-19 18:23:21','2013-11-19 18:23:21',NULL,0,1,NULL,NULL,NULL,15,'Rfsit1 Rfsit1',1,'System ClI',NULL,1,0,0,0,0,0,5,15,15,NULL,NULL,NULL,NULL,'Rfsit1 Rfsit1',NULL,NULL,NULL,NULL,NULL,NULL,1,1,0,0,NULL,0,0,NULL,0),(16,'1384865601480_478_307',2,'2013-11-19 12:53:21','2013-11-19 18:23:21','2013-11-19 18:23:21',NULL,0,1,NULL,NULL,NULL,16,'Rfsit2 Rfsit2',1,'System ClI',NULL,1,0,0,0,0,0,5,16,16,NULL,NULL,NULL,NULL,'Rfsit2 Rfsit2',NULL,NULL,NULL,NULL,NULL,NULL,1,1,0,0,NULL,0,0,NULL,0),(17,'1384865601746_50_326',2,'2013-11-19 12:53:21','2013-11-19 18:23:21','2013-11-19 18:23:21',NULL,0,1,NULL,NULL,NULL,17,'Rfsit3 Rfsit3',1,'System ClI',NULL,1,0,0,0,0,0,5,17,17,NULL,NULL,NULL,NULL,'Rfsit3 Rfsit3',NULL,NULL,NULL,NULL,NULL,NULL,1,1,0,0,NULL,0,0,NULL,0),(18,'1384865602094_406_348',2,'2013-11-19 12:53:22','2013-11-19 18:23:22','2013-11-19 18:23:22',NULL,0,1,NULL,NULL,NULL,18,'Amexit1 Amexit1',1,'System ClI',NULL,1,0,0,0,0,0,5,18,18,NULL,NULL,NULL,NULL,'Amexit1 Amexit1',NULL,NULL,NULL,NULL,NULL,NULL,1,1,0,0,NULL,0,0,NULL,0),(19,'1384865602382_562_367',2,'2013-11-19 12:53:22','2013-11-19 18:23:22','2013-11-19 18:23:22',NULL,0,1,NULL,NULL,NULL,19,'Amexit2 Amexit2',1,'System ClI',NULL,1,0,0,0,0,0,5,19,19,NULL,NULL,NULL,NULL,'Amexit2 Amexit2',NULL,NULL,NULL,NULL,NULL,NULL,1,1,0,0,NULL,0,0,NULL,0),(20,'1384865602672_224_386',2,'2013-11-19 12:53:22','2013-11-19 18:23:22','2013-11-19 18:23:22',NULL,0,1,NULL,NULL,NULL,20,'Amexit3 Amexit3',1,'System ClI',NULL,1,0,0,0,0,0,5,20,20,NULL,NULL,NULL,NULL,'Amexit3 Amexit3',NULL,NULL,NULL,NULL,NULL,NULL,1,1,0,0,NULL,0,0,NULL,0);
/*!40000 ALTER TABLE `m_docs` ENABLE KEYS */;
UNLOCK TABLES;

--
-- Table structure for table `m_docs_h`
--

DROP TABLE IF EXISTS `m_docs_h`;
/*!40101 SET @saved_cs_client     = @@character_set_client */;
/*!40101 SET character_set_client = utf8 */;
CREATE TABLE `m_docs_h` (
  `H_ID` bigint(20) NOT NULL AUTO_INCREMENT,
  `H_FROM_TIME` datetime NOT NULL,
  `H_TO_TIME` datetime DEFAULT NULL,
  `H_STATUS` int(11) NOT NULL DEFAULT '0',
  `H_SESS_ID` bigint(20) DEFAULT NULL,
  `ID` bigint(20) DEFAULT NULL,
  `GLOBAL_ID` varchar(512) DEFAULT NULL,
  `VERSION_NUM` int(11) DEFAULT '0',
  `LU_TIME` datetime DEFAULT NULL,
  `CREATE_TIME` datetime DEFAULT NULL,
  `UPDATE_TIME` datetime DEFAULT NULL,
  `COPY_OF_ID` bigint(20) DEFAULT NULL,
  `COPY_OF_VER` int(11) DEFAULT '0',
  `STATUS` int(11) DEFAULT '0',
  `DSCN_ID` bigint(20) DEFAULT NULL,
  `PRI_GRP_ID` bigint(20) DEFAULT NULL,
  `PRI_ACCT_ID` bigint(20) DEFAULT NULL,
  `ADDED_BY_ID` bigint(20) DEFAULT NULL,
  `ADDED_BY_NAME` varchar(100) DEFAULT NULL,
  `UPD_BY_ID` bigint(20) DEFAULT NULL,
  `UPDATED_BY_NAME` varchar(100) DEFAULT NULL,
  `CHNG_REASON` varchar(4000) DEFAULT NULL,
  `IS_SYS` tinyint(1) DEFAULT '0',
  `UP_COUNT` int(11) DEFAULT '0',
  `DOWN_COUNT` int(11) DEFAULT '0',
  `RATING` int(11) DEFAULT '0',
  `SEL_COUNT` int(11) DEFAULT '0',
  `SHR_PREF` int(11) DEFAULT '0',
  `CLASS_TYPE` int(11) DEFAULT '0',
  `OBJECT_ID` bigint(20) DEFAULT NULL,
  `USER_ID` bigint(20) DEFAULT NULL,
  `ACCT_ID` bigint(20) DEFAULT NULL,
  `GROUP_ID` bigint(20) DEFAULT NULL,
  `DOC_ID` bigint(20) DEFAULT NULL,
  `TASK_ID` bigint(20) DEFAULT NULL,
  `DOC_NAME` text,
  `PARENT_FOLDER_ID` bigint(20) DEFAULT NULL,
  `DOC_PATH_IDS` text,
  `DOC_PATH` text,
  `RAW_FILE_PATH` varchar(2056) DEFAULT NULL,
  `USER_FILEPATH` varchar(2056) DEFAULT NULL,
  `PATH_KEY` varchar(2056) DEFAULT NULL,
  `DOC_VER` int(11) DEFAULT '0',
  `FILE_TYPE` int(11) DEFAULT '0',
  `DOC_STATUS` int(11) DEFAULT '0',
  `FILE_SIZE` bigint(20) DEFAULT '0',
  `LAST_DOC_UPD_TIME` datetime DEFAULT NULL,
  `MIME_TYPE` int(11) DEFAULT '0',
  `MIME_TYPE_RAW` int(11) DEFAULT '0',
  `LAST_DOC_UPD_BY_ID` bigint(20) DEFAULT NULL,
  `DOC_ACTION` int(11) DEFAULT '0',
  PRIMARY KEY (`H_ID`),
  KEY `M_DOCS_H_TOTIME` (`ID`,`H_TO_TIME`)
) ENGINE=InnoDB AUTO_INCREMENT=40 DEFAULT CHARSET=latin1;
/*!40101 SET character_set_client = @saved_cs_client */;

--
-- Dumping data for table `m_docs_h`
--

LOCK TABLES `m_docs_h` WRITE;
/*!40000 ALTER TABLE `m_docs_h` DISABLE KEYS */;
INSERT INTO `m_docs_h` VALUES (1,'2013-10-07 12:35:53',NULL,0,NULL,1,'1381174553697_451_53',0,NULL,'2013-10-07 12:35:53','2013-10-07 12:35:53',NULL,0,1,NULL,1,1,1,'System ClI',1,'System ClI',NULL,1,0,0,0,0,0,31,1,NULL,1,NULL,NULL,NULL,'XA Secure',NULL,NULL,NULL,NULL,NULL,NULL,1,1,0,0,NULL,0,0,NULL,0),(2,'2013-10-07 12:35:53','2013-10-07 12:35:53',0,NULL,2,'1381174553907_749_61',0,NULL,'2013-10-07 12:35:53','2013-10-07 12:35:53',NULL,0,1,NULL,NULL,NULL,1,'System ClI',1,'System ClI',NULL,1,0,0,0,0,0,5,2,2,NULL,NULL,NULL,NULL,'Anne Adfpros',NULL,NULL,NULL,NULL,NULL,NULL,1,1,0,0,NULL,0,0,NULL,0),(3,'2013-10-07 12:35:53',NULL,1,NULL,2,'1381174553907_749_61',2,NULL,'2013-10-07 12:35:53','2013-10-07 12:35:53',NULL,0,1,NULL,NULL,NULL,2,'Anne Adfpros',1,'System ClI',NULL,1,0,0,0,0,0,5,2,2,NULL,NULL,NULL,NULL,'Anne Adfpros',NULL,NULL,NULL,NULL,NULL,NULL,1,1,0,0,NULL,0,0,NULL,0),(4,'2013-11-19 18:23:15','2013-11-19 18:23:15',0,NULL,3,'1384865595486_562_48',0,NULL,'2013-11-19 18:23:15','2013-11-19 18:23:15',NULL,0,1,NULL,NULL,NULL,1,'System ClI',1,'System ClI',NULL,1,0,0,0,0,0,5,3,3,NULL,NULL,NULL,NULL,'Ibmkt1 Ibmkt1',NULL,NULL,NULL,NULL,NULL,NULL,1,1,0,0,NULL,0,0,NULL,0),(5,'2013-11-19 18:23:15',NULL,1,NULL,3,'1384865595486_562_48',2,NULL,'2013-11-19 18:23:15','2013-11-19 18:23:15',NULL,0,1,NULL,NULL,NULL,3,'Ibmkt1 Ibmkt1',1,'System ClI',NULL,1,0,0,0,0,0,5,3,3,NULL,NULL,NULL,NULL,'Ibmkt1 Ibmkt1',NULL,NULL,NULL,NULL,NULL,NULL,1,1,0,0,NULL,0,0,NULL,0),(6,'2013-11-19 18:23:16','2013-11-19 18:23:16',0,NULL,4,'1384865596043_659_67',0,NULL,'2013-11-19 18:23:16','2013-11-19 18:23:16',NULL,0,1,NULL,NULL,NULL,1,'System ClI',1,'System ClI',NULL,1,0,0,0,0,0,5,4,4,NULL,NULL,NULL,NULL,'Ibmkt2 Ibmkt2',NULL,NULL,NULL,NULL,NULL,NULL,1,1,0,0,NULL,0,0,NULL,0),(7,'2013-11-19 18:23:16',NULL,1,NULL,4,'1384865596043_659_67',2,NULL,'2013-11-19 18:23:16','2013-11-19 18:23:16',NULL,0,1,NULL,NULL,NULL,4,'Ibmkt2 Ibmkt2',1,'System ClI',NULL,1,0,0,0,0,0,5,4,4,NULL,NULL,NULL,NULL,'Ibmkt2 Ibmkt2',NULL,NULL,NULL,NULL,NULL,NULL,1,1,0,0,NULL,0,0,NULL,0),(8,'2013-11-19 18:23:16','2013-11-19 18:23:16',0,NULL,5,'1384865596415_916_86',0,NULL,'2013-11-19 18:23:16','2013-11-19 18:23:16',NULL,0,1,NULL,NULL,NULL,1,'System ClI',1,'System ClI',NULL,1,0,0,0,0,0,5,5,5,NULL,NULL,NULL,NULL,'Ibmkt3 Ibmkt3',NULL,NULL,NULL,NULL,NULL,NULL,1,1,0,0,NULL,0,0,NULL,0),(9,'2013-11-19 18:23:16',NULL,1,NULL,5,'1384865596415_916_86',2,NULL,'2013-11-19 18:23:16','2013-11-19 18:23:16',NULL,0,1,NULL,NULL,NULL,5,'Ibmkt3 Ibmkt3',1,'System ClI',NULL,1,0,0,0,0,0,5,5,5,NULL,NULL,NULL,NULL,'Ibmkt3 Ibmkt3',NULL,NULL,NULL,NULL,NULL,NULL,1,1,0,0,NULL,0,0,NULL,0),(10,'2013-11-19 18:23:16','2013-11-19 18:23:16',0,NULL,6,'1384865596877_683_108',0,NULL,'2013-11-19 18:23:16','2013-11-19 18:23:16',NULL,0,1,NULL,NULL,NULL,1,'System ClI',1,'System ClI',NULL,1,0,0,0,0,0,5,6,6,NULL,NULL,NULL,NULL,'Rfsmkt1 Rfsmkt1',NULL,NULL,NULL,NULL,NULL,NULL,1,1,0,0,NULL,0,0,NULL,0),(11,'2013-11-19 18:23:16',NULL,1,NULL,6,'1384865596877_683_108',2,NULL,'2013-11-19 18:23:16','2013-11-19 18:23:16',NULL,0,1,NULL,NULL,NULL,6,'Rfsmkt1 Rfsmkt1',1,'System ClI',NULL,1,0,0,0,0,0,5,6,6,NULL,NULL,NULL,NULL,'Rfsmkt1 Rfsmkt1',NULL,NULL,NULL,NULL,NULL,NULL,1,1,0,0,NULL,0,0,NULL,0),(12,'2013-11-19 18:23:17','2013-11-19 18:23:17',0,NULL,7,'1384865597245_240_127',0,NULL,'2013-11-19 18:23:17','2013-11-19 18:23:17',NULL,0,1,NULL,NULL,NULL,1,'System ClI',1,'System ClI',NULL,1,0,0,0,0,0,5,7,7,NULL,NULL,NULL,NULL,'Rfsmkt2 Rfsmkt2',NULL,NULL,NULL,NULL,NULL,NULL,1,1,0,0,NULL,0,0,NULL,0),(13,'2013-11-19 18:23:17',NULL,1,NULL,7,'1384865597245_240_127',2,NULL,'2013-11-19 18:23:17','2013-11-19 18:23:17',NULL,0,1,NULL,NULL,NULL,7,'Rfsmkt2 Rfsmkt2',1,'System ClI',NULL,1,0,0,0,0,0,5,7,7,NULL,NULL,NULL,NULL,'Rfsmkt2 Rfsmkt2',NULL,NULL,NULL,NULL,NULL,NULL,1,1,0,0,NULL,0,0,NULL,0),(14,'2013-11-19 18:23:17','2013-11-19 18:23:17',0,NULL,8,'1384865597592_866_146',0,NULL,'2013-11-19 18:23:17','2013-11-19 18:23:17',NULL,0,1,NULL,NULL,NULL,1,'System ClI',1,'System ClI',NULL,1,0,0,0,0,0,5,8,8,NULL,NULL,NULL,NULL,'Rfsmkt3 Rfsmkt3',NULL,NULL,NULL,NULL,NULL,NULL,1,1,0,0,NULL,0,0,NULL,0),(15,'2013-11-19 18:23:17',NULL,1,NULL,8,'1384865597592_866_146',2,NULL,'2013-11-19 18:23:17','2013-11-19 18:23:17',NULL,0,1,NULL,NULL,NULL,8,'Rfsmkt3 Rfsmkt3',1,'System ClI',NULL,1,0,0,0,0,0,5,8,8,NULL,NULL,NULL,NULL,'Rfsmkt3 Rfsmkt3',NULL,NULL,NULL,NULL,NULL,NULL,1,1,0,0,NULL,0,0,NULL,0),(16,'2013-11-19 18:23:18','2013-11-19 18:23:18',0,NULL,9,'1384865598004_540_168',0,NULL,'2013-11-19 18:23:18','2013-11-19 18:23:18',NULL,0,1,NULL,NULL,NULL,1,'System ClI',1,'System ClI',NULL,1,0,0,0,0,0,5,9,9,NULL,NULL,NULL,NULL,'Amexrisk1 Amexrisk1',NULL,NULL,NULL,NULL,NULL,NULL,1,1,0,0,NULL,0,0,NULL,0),(17,'2013-11-19 18:23:18',NULL,1,NULL,9,'1384865598004_540_168',2,NULL,'2013-11-19 18:23:18','2013-11-19 18:23:18',NULL,0,1,NULL,NULL,NULL,9,'Amexrisk1 Amexrisk1',1,'System ClI',NULL,1,0,0,0,0,0,5,9,9,NULL,NULL,NULL,NULL,'Amexrisk1 Amexrisk1',NULL,NULL,NULL,NULL,NULL,NULL,1,1,0,0,NULL,0,0,NULL,0),(18,'2013-11-19 18:23:18','2013-11-19 18:23:18',0,NULL,10,'1384865598344_647_187',0,NULL,'2013-11-19 18:23:18','2013-11-19 18:23:18',NULL,0,1,NULL,NULL,NULL,1,'System ClI',1,'System ClI',NULL,1,0,0,0,0,0,5,10,10,NULL,NULL,NULL,NULL,'Amexrisk2 Amexrisk2',NULL,NULL,NULL,NULL,NULL,NULL,1,1,0,0,NULL,0,0,NULL,0),(19,'2013-11-19 18:23:18',NULL,1,NULL,10,'1384865598344_647_187',2,NULL,'2013-11-19 18:23:18','2013-11-19 18:23:18',NULL,0,1,NULL,NULL,NULL,10,'Amexrisk2 Amexrisk2',1,'System ClI',NULL,1,0,0,0,0,0,5,10,10,NULL,NULL,NULL,NULL,'Amexrisk2 Amexrisk2',NULL,NULL,NULL,NULL,NULL,NULL,1,1,0,0,NULL,0,0,NULL,0),(20,'2013-11-19 18:23:18','2013-11-19 18:23:18',0,NULL,11,'1384865598715_421_206',0,NULL,'2013-11-19 18:23:18','2013-11-19 18:23:18',NULL,0,1,NULL,NULL,NULL,1,'System ClI',1,'System ClI',NULL,1,0,0,0,0,0,5,11,11,NULL,NULL,NULL,NULL,'Amexrisk3 Amexrisk3',NULL,NULL,NULL,NULL,NULL,NULL,1,1,0,0,NULL,0,0,NULL,0),(21,'2013-11-19 18:23:18',NULL,1,NULL,11,'1384865598715_421_206',2,NULL,'2013-11-19 18:23:18','2013-11-19 18:23:18',NULL,0,1,NULL,NULL,NULL,11,'Amexrisk3 Amexrisk3',1,'System ClI',NULL,1,0,0,0,0,0,5,11,11,NULL,NULL,NULL,NULL,'Amexrisk3 Amexrisk3',NULL,NULL,NULL,NULL,NULL,NULL,1,1,0,0,NULL,0,0,NULL,0),(22,'2013-11-19 18:23:19','2013-11-19 18:23:19',0,NULL,12,'1384865599431_196_228',0,NULL,'2013-11-19 18:23:19','2013-11-19 18:23:19',NULL,0,1,NULL,NULL,NULL,1,'System ClI',1,'System ClI',NULL,1,0,0,0,0,0,5,12,12,NULL,NULL,NULL,NULL,'Ibit1 Ibit1',NULL,NULL,NULL,NULL,NULL,NULL,1,1,0,0,NULL,0,0,NULL,0),(23,'2013-11-19 18:23:19',NULL,1,NULL,12,'1384865599431_196_228',2,NULL,'2013-11-19 18:23:19','2013-11-19 18:23:19',NULL,0,1,NULL,NULL,NULL,12,'Ibit1 Ibit1',1,'System ClI',NULL,1,0,0,0,0,0,5,12,12,NULL,NULL,NULL,NULL,'Ibit1 Ibit1',NULL,NULL,NULL,NULL,NULL,NULL,1,1,0,0,NULL,0,0,NULL,0),(24,'2013-11-19 18:23:19','2013-11-19 18:23:19',0,NULL,13,'1384865599857_802_247',0,NULL,'2013-11-19 18:23:19','2013-11-19 18:23:19',NULL,0,1,NULL,NULL,NULL,1,'System ClI',1,'System ClI',NULL,1,0,0,0,0,0,5,13,13,NULL,NULL,NULL,NULL,'Ibit2 Ibit2',NULL,NULL,NULL,NULL,NULL,NULL,1,1,0,0,NULL,0,0,NULL,0),(25,'2013-11-19 18:23:19',NULL,1,NULL,13,'1384865599857_802_247',2,NULL,'2013-11-19 18:23:19','2013-11-19 18:23:19',NULL,0,1,NULL,NULL,NULL,13,'Ibit2 Ibit2',1,'System ClI',NULL,1,0,0,0,0,0,5,13,13,NULL,NULL,NULL,NULL,'Ibit2 Ibit2',NULL,NULL,NULL,NULL,NULL,NULL,1,1,0,0,NULL,0,0,NULL,0),(26,'2013-11-19 18:23:20','2013-11-19 18:23:20',0,NULL,14,'1384865600696_337_266',0,NULL,'2013-11-19 18:23:20','2013-11-19 18:23:20',NULL,0,1,NULL,NULL,NULL,1,'System ClI',1,'System ClI',NULL,1,0,0,0,0,0,5,14,14,NULL,NULL,NULL,NULL,'Ibit3 Ibit3',NULL,NULL,NULL,NULL,NULL,NULL,1,1,0,0,NULL,0,0,NULL,0),(27,'2013-11-19 18:23:20',NULL,1,NULL,14,'1384865600696_337_266',2,NULL,'2013-11-19 18:23:20','2013-11-19 18:23:20',NULL,0,1,NULL,NULL,NULL,14,'Ibit3 Ibit3',1,'System ClI',NULL,1,0,0,0,0,0,5,14,14,NULL,NULL,NULL,NULL,'Ibit3 Ibit3',NULL,NULL,NULL,NULL,NULL,NULL,1,1,0,0,NULL,0,0,NULL,0),(28,'2013-11-19 18:23:21','2013-11-19 18:23:21',0,NULL,15,'1384865601193_456_288',0,NULL,'2013-11-19 18:23:21','2013-11-19 18:23:21',NULL,0,1,NULL,NULL,NULL,1,'System ClI',1,'System ClI',NULL,1,0,0,0,0,0,5,15,15,NULL,NULL,NULL,NULL,'Rfsit1 Rfsit1',NULL,NULL,NULL,NULL,NULL,NULL,1,1,0,0,NULL,0,0,NULL,0),(29,'2013-11-19 18:23:21',NULL,1,NULL,15,'1384865601193_456_288',2,NULL,'2013-11-19 18:23:21','2013-11-19 18:23:21',NULL,0,1,NULL,NULL,NULL,15,'Rfsit1 Rfsit1',1,'System ClI',NULL,1,0,0,0,0,0,5,15,15,NULL,NULL,NULL,NULL,'Rfsit1 Rfsit1',NULL,NULL,NULL,NULL,NULL,NULL,1,1,0,0,NULL,0,0,NULL,0),(30,'2013-11-19 18:23:21','2013-11-19 18:23:21',0,NULL,16,'1384865601480_478_307',0,NULL,'2013-11-19 18:23:21','2013-11-19 18:23:21',NULL,0,1,NULL,NULL,NULL,1,'System ClI',1,'System ClI',NULL,1,0,0,0,0,0,5,16,16,NULL,NULL,NULL,NULL,'Rfsit2 Rfsit2',NULL,NULL,NULL,NULL,NULL,NULL,1,1,0,0,NULL,0,0,NULL,0),(31,'2013-11-19 18:23:21',NULL,1,NULL,16,'1384865601480_478_307',2,NULL,'2013-11-19 18:23:21','2013-11-19 18:23:21',NULL,0,1,NULL,NULL,NULL,16,'Rfsit2 Rfsit2',1,'System ClI',NULL,1,0,0,0,0,0,5,16,16,NULL,NULL,NULL,NULL,'Rfsit2 Rfsit2',NULL,NULL,NULL,NULL,NULL,NULL,1,1,0,0,NULL,0,0,NULL,0),(32,'2013-11-19 18:23:21','2013-11-19 18:23:21',0,NULL,17,'1384865601746_50_326',0,NULL,'2013-11-19 18:23:21','2013-11-19 18:23:21',NULL,0,1,NULL,NULL,NULL,1,'System ClI',1,'System ClI',NULL,1,0,0,0,0,0,5,17,17,NULL,NULL,NULL,NULL,'Rfsit3 Rfsit3',NULL,NULL,NULL,NULL,NULL,NULL,1,1,0,0,NULL,0,0,NULL,0),(33,'2013-11-19 18:23:21',NULL,1,NULL,17,'1384865601746_50_326',2,NULL,'2013-11-19 18:23:21','2013-11-19 18:23:21',NULL,0,1,NULL,NULL,NULL,17,'Rfsit3 Rfsit3',1,'System ClI',NULL,1,0,0,0,0,0,5,17,17,NULL,NULL,NULL,NULL,'Rfsit3 Rfsit3',NULL,NULL,NULL,NULL,NULL,NULL,1,1,0,0,NULL,0,0,NULL,0),(34,'2013-11-19 18:23:22','2013-11-19 18:23:22',0,NULL,18,'1384865602094_406_348',0,NULL,'2013-11-19 18:23:22','2013-11-19 18:23:22',NULL,0,1,NULL,NULL,NULL,1,'System ClI',1,'System ClI',NULL,1,0,0,0,0,0,5,18,18,NULL,NULL,NULL,NULL,'Amexit1 Amexit1',NULL,NULL,NULL,NULL,NULL,NULL,1,1,0,0,NULL,0,0,NULL,0),(35,'2013-11-19 18:23:22',NULL,1,NULL,18,'1384865602094_406_348',2,NULL,'2013-11-19 18:23:22','2013-11-19 18:23:22',NULL,0,1,NULL,NULL,NULL,18,'Amexit1 Amexit1',1,'System ClI',NULL,1,0,0,0,0,0,5,18,18,NULL,NULL,NULL,NULL,'Amexit1 Amexit1',NULL,NULL,NULL,NULL,NULL,NULL,1,1,0,0,NULL,0,0,NULL,0),(36,'2013-11-19 18:23:22','2013-11-19 18:23:22',0,NULL,19,'1384865602382_562_367',0,NULL,'2013-11-19 18:23:22','2013-11-19 18:23:22',NULL,0,1,NULL,NULL,NULL,1,'System ClI',1,'System ClI',NULL,1,0,0,0,0,0,5,19,19,NULL,NULL,NULL,NULL,'Amexit2 Amexit2',NULL,NULL,NULL,NULL,NULL,NULL,1,1,0,0,NULL,0,0,NULL,0),(37,'2013-11-19 18:23:22',NULL,1,NULL,19,'1384865602382_562_367',2,NULL,'2013-11-19 18:23:22','2013-11-19 18:23:22',NULL,0,1,NULL,NULL,NULL,19,'Amexit2 Amexit2',1,'System ClI',NULL,1,0,0,0,0,0,5,19,19,NULL,NULL,NULL,NULL,'Amexit2 Amexit2',NULL,NULL,NULL,NULL,NULL,NULL,1,1,0,0,NULL,0,0,NULL,0),(38,'2013-11-19 18:23:22','2013-11-19 18:23:22',0,NULL,20,'1384865602672_224_386',0,NULL,'2013-11-19 18:23:22','2013-11-19 18:23:22',NULL,0,1,NULL,NULL,NULL,1,'System ClI',1,'System ClI',NULL,1,0,0,0,0,0,5,20,20,NULL,NULL,NULL,NULL,'Amexit3 Amexit3',NULL,NULL,NULL,NULL,NULL,NULL,1,1,0,0,NULL,0,0,NULL,0),(39,'2013-11-19 18:23:22',NULL,1,NULL,20,'1384865602672_224_386',2,NULL,'2013-11-19 18:23:22','2013-11-19 18:23:22',NULL,0,1,NULL,NULL,NULL,20,'Amexit3 Amexit3',1,'System ClI',NULL,1,0,0,0,0,0,5,20,20,NULL,NULL,NULL,NULL,'Amexit3 Amexit3',NULL,NULL,NULL,NULL,NULL,NULL,1,1,0,0,NULL,0,0,NULL,0);
/*!40000 ALTER TABLE `m_docs_h` ENABLE KEYS */;
UNLOCK TABLES;

--
-- Table structure for table `m_dscn_msg`
--

DROP TABLE IF EXISTS `m_dscn_msg`;
/*!40101 SET @saved_cs_client     = @@character_set_client */;
/*!40101 SET character_set_client = utf8 */;
CREATE TABLE `m_dscn_msg` (
  `ID` bigint(20) NOT NULL AUTO_INCREMENT,
  `GLOBAL_ID` varchar(512) NOT NULL,
  `VERSION_NUM` int(11) NOT NULL DEFAULT '0',
  `LU_TIME` timestamp NOT NULL DEFAULT CURRENT_TIMESTAMP ON UPDATE CURRENT_TIMESTAMP,
  `CREATE_TIME` datetime NOT NULL,
  `UPDATE_TIME` datetime NOT NULL,
  `COPY_OF_ID` bigint(20) DEFAULT NULL,
  `COPY_OF_VER` int(11) DEFAULT '0',
  `STATUS` int(11) NOT NULL DEFAULT '0',
  `DSCN_ID` bigint(20) DEFAULT NULL,
  `PRI_GRP_ID` bigint(20) DEFAULT NULL,
  `PRI_ACCT_ID` bigint(20) DEFAULT NULL,
  `ADDED_BY_ID` bigint(20) DEFAULT NULL,
  `ADDED_BY_NAME` varchar(100) DEFAULT NULL,
  `UPD_BY_ID` bigint(20) DEFAULT NULL,
  `UPDATED_BY_NAME` varchar(100) DEFAULT NULL,
  `CHNG_REASON` varchar(4000) DEFAULT NULL,
  `IS_SYS` tinyint(1) NOT NULL DEFAULT '0',
  `UP_COUNT` int(11) NOT NULL DEFAULT '0',
  `DOWN_COUNT` int(11) NOT NULL DEFAULT '0',
  `RATING` int(11) NOT NULL DEFAULT '0',
  `SEL_COUNT` int(11) NOT NULL DEFAULT '0',
  `SHR_PREF` int(11) NOT NULL DEFAULT '0',
  `CLASS_TYPE` int(11) NOT NULL DEFAULT '0',
  `OBJECT_ID` bigint(20) DEFAULT NULL,
  `USER_ID` bigint(20) DEFAULT NULL,
  `ACCT_ID` bigint(20) DEFAULT NULL,
  `GROUP_ID` bigint(20) DEFAULT NULL,
  `DOC_ID` bigint(20) DEFAULT NULL,
  `TASK_ID` bigint(20) DEFAULT NULL,
  `IS_TOP_MSG` tinyint(1) NOT NULL DEFAULT '0',
  `MSG_ID` bigint(20) DEFAULT NULL,
  `LAST_MSG_UPD` datetime DEFAULT NULL,
  `LAST_MSG_UPD_ID` bigint(20) DEFAULT NULL,
  `MIME_TYPE` int(11) NOT NULL DEFAULT '1',
  `RICH_TEXT` text,
  `HAS_MEDIA` tinyint(1) NOT NULL DEFAULT '0',
  `MESSAGE` text NOT NULL,
  PRIMARY KEY (`ID`),
  UNIQUE KEY `M_DSCN_MSG_UK_GLOBAL_ID` (`GLOBAL_ID`),
  KEY `M_DSCN_MSG_FK_DSCN_ID` (`DSCN_ID`),
  KEY `M_DSCN_MSG_FK_PRI_GRP_ID` (`PRI_GRP_ID`),
  KEY `M_DSCN_MSG_FK_PRI_ACCT_ID` (`PRI_ACCT_ID`),
  KEY `M_DSCN_MSG_FK_UPD_BY_ID` (`UPD_BY_ID`),
  KEY `M_DSCN_MSG_FK_USER_ID` (`USER_ID`),
  KEY `M_DSCN_MSG_FK_ACCT_ID` (`ACCT_ID`),
  KEY `M_DSCN_MSG_FK_GROUP_ID` (`GROUP_ID`),
  KEY `M_DSCN_MSG_FK_DOC_ID` (`DOC_ID`),
  KEY `M_DSCN_MSG_FK_TASK_ID` (`TASK_ID`),
  KEY `M_DSCN_MSG_FK_MSG_ID` (`MSG_ID`),
  KEY `M_DSCN_MSG_FK_LAST_MSG_UPD_ID` (`LAST_MSG_UPD_ID`),
  KEY `M_DSCN_MSG_cr_time` (`CREATE_TIME`),
  KEY `M_DSCN_MSG_up_time` (`UPDATE_TIME`),
  KEY `M_DSCN_MSG_lu_time` (`LU_TIME`),
  KEY `M_DSCN_MSG_own_clone` (`ADDED_BY_ID`,`COPY_OF_ID`),
  KEY `M_DSCN_MSG_ref_id` (`CLASS_TYPE`,`OBJECT_ID`),
  CONSTRAINT `M_DSCN_MSG_FK_ACCT_ID` FOREIGN KEY (`ACCT_ID`) REFERENCES `m_acct` (`ID`),
  CONSTRAINT `M_DSCN_MSG_FK_ADDED_BY_ID` FOREIGN KEY (`ADDED_BY_ID`) REFERENCES `m_user` (`ID`),
  CONSTRAINT `M_DSCN_MSG_FK_DOC_ID` FOREIGN KEY (`DOC_ID`) REFERENCES `m_docs` (`ID`),
  CONSTRAINT `M_DSCN_MSG_FK_DSCN_ID` FOREIGN KEY (`DSCN_ID`) REFERENCES `m_decsn_hist` (`ID`),
  CONSTRAINT `M_DSCN_MSG_FK_GROUP_ID` FOREIGN KEY (`GROUP_ID`) REFERENCES `m_groups` (`ID`),
  CONSTRAINT `M_DSCN_MSG_FK_LAST_MSG_UPD_ID` FOREIGN KEY (`LAST_MSG_UPD_ID`) REFERENCES `m_dscn_msg` (`ID`),
  CONSTRAINT `M_DSCN_MSG_FK_MSG_ID` FOREIGN KEY (`MSG_ID`) REFERENCES `m_dscn_msg` (`ID`),
  CONSTRAINT `M_DSCN_MSG_FK_PRI_ACCT_ID` FOREIGN KEY (`PRI_ACCT_ID`) REFERENCES `m_acct` (`ID`),
  CONSTRAINT `M_DSCN_MSG_FK_PRI_GRP_ID` FOREIGN KEY (`PRI_GRP_ID`) REFERENCES `m_groups` (`ID`),
  CONSTRAINT `M_DSCN_MSG_FK_TASK_ID` FOREIGN KEY (`TASK_ID`) REFERENCES `m_tasks` (`ID`),
  CONSTRAINT `M_DSCN_MSG_FK_UPD_BY_ID` FOREIGN KEY (`UPD_BY_ID`) REFERENCES `m_user` (`ID`),
  CONSTRAINT `M_DSCN_MSG_FK_USER_ID` FOREIGN KEY (`USER_ID`) REFERENCES `m_user` (`ID`)
) ENGINE=InnoDB DEFAULT CHARSET=latin1;
/*!40101 SET character_set_client = @saved_cs_client */;

--
-- Dumping data for table `m_dscn_msg`
--

LOCK TABLES `m_dscn_msg` WRITE;
/*!40000 ALTER TABLE `m_dscn_msg` DISABLE KEYS */;
/*!40000 ALTER TABLE `m_dscn_msg` ENABLE KEYS */;
UNLOCK TABLES;

--
-- Table structure for table `m_dscn_msg_h`
--

DROP TABLE IF EXISTS `m_dscn_msg_h`;
/*!40101 SET @saved_cs_client     = @@character_set_client */;
/*!40101 SET character_set_client = utf8 */;
CREATE TABLE `m_dscn_msg_h` (
  `H_ID` bigint(20) NOT NULL AUTO_INCREMENT,
  `H_FROM_TIME` datetime NOT NULL,
  `H_TO_TIME` datetime DEFAULT NULL,
  `H_STATUS` int(11) NOT NULL DEFAULT '0',
  `H_SESS_ID` bigint(20) DEFAULT NULL,
  `ID` bigint(20) DEFAULT NULL,
  `GLOBAL_ID` varchar(512) DEFAULT NULL,
  `VERSION_NUM` int(11) DEFAULT '0',
  `LU_TIME` datetime DEFAULT NULL,
  `CREATE_TIME` datetime DEFAULT NULL,
  `UPDATE_TIME` datetime DEFAULT NULL,
  `COPY_OF_ID` bigint(20) DEFAULT NULL,
  `COPY_OF_VER` int(11) DEFAULT '0',
  `STATUS` int(11) DEFAULT '0',
  `DSCN_ID` bigint(20) DEFAULT NULL,
  `PRI_GRP_ID` bigint(20) DEFAULT NULL,
  `PRI_ACCT_ID` bigint(20) DEFAULT NULL,
  `ADDED_BY_ID` bigint(20) DEFAULT NULL,
  `ADDED_BY_NAME` varchar(100) DEFAULT NULL,
  `UPD_BY_ID` bigint(20) DEFAULT NULL,
  `UPDATED_BY_NAME` varchar(100) DEFAULT NULL,
  `CHNG_REASON` varchar(4000) DEFAULT NULL,
  `IS_SYS` tinyint(1) DEFAULT '0',
  `UP_COUNT` int(11) DEFAULT '0',
  `DOWN_COUNT` int(11) DEFAULT '0',
  `RATING` int(11) DEFAULT '0',
  `SEL_COUNT` int(11) DEFAULT '0',
  `SHR_PREF` int(11) DEFAULT '0',
  `CLASS_TYPE` int(11) DEFAULT '0',
  `OBJECT_ID` bigint(20) DEFAULT NULL,
  `USER_ID` bigint(20) DEFAULT NULL,
  `ACCT_ID` bigint(20) DEFAULT NULL,
  `GROUP_ID` bigint(20) DEFAULT NULL,
  `DOC_ID` bigint(20) DEFAULT NULL,
  `TASK_ID` bigint(20) DEFAULT NULL,
  `IS_TOP_MSG` tinyint(1) DEFAULT '0',
  `MSG_ID` bigint(20) DEFAULT NULL,
  `LAST_MSG_UPD` datetime DEFAULT NULL,
  `LAST_MSG_UPD_ID` bigint(20) DEFAULT NULL,
  `MIME_TYPE` int(11) DEFAULT '0',
  `RICH_TEXT` text,
  `HAS_MEDIA` tinyint(1) DEFAULT '0',
  `MESSAGE` text,
  PRIMARY KEY (`H_ID`),
  KEY `M_DSCN_MSG_H_TOTIME` (`ID`,`H_TO_TIME`)
) ENGINE=InnoDB DEFAULT CHARSET=latin1;
/*!40101 SET character_set_client = @saved_cs_client */;

--
-- Dumping data for table `m_dscn_msg_h`
--

LOCK TABLES `m_dscn_msg_h` WRITE;
/*!40000 ALTER TABLE `m_dscn_msg_h` DISABLE KEYS */;
/*!40000 ALTER TABLE `m_dscn_msg_h` ENABLE KEYS */;
UNLOCK TABLES;

--
-- Table structure for table `m_email_jobs`
--

DROP TABLE IF EXISTS `m_email_jobs`;
/*!40101 SET @saved_cs_client     = @@character_set_client */;
/*!40101 SET character_set_client = utf8 */;
CREATE TABLE `m_email_jobs` (
  `ID` bigint(20) NOT NULL AUTO_INCREMENT,
  `GLOBAL_ID` varchar(512) NOT NULL,
  `VERSION_NUM` int(11) NOT NULL DEFAULT '0',
  `LU_TIME` timestamp NOT NULL DEFAULT CURRENT_TIMESTAMP ON UPDATE CURRENT_TIMESTAMP,
  `CREATE_TIME` datetime NOT NULL,
  `UPDATE_TIME` datetime NOT NULL,
  `EMAIL_REF_ID` varchar(512) NOT NULL,
  `LAST_TRY_TIME` datetime DEFAULT NULL,
  `RETRY_COUNT` int(11) NOT NULL DEFAULT '0',
  `NEXT_RETRY_TIME` datetime DEFAULT NULL,
  `JOB_STATUS` int(11) NOT NULL DEFAULT '0',
  `FROM_NAME` varchar(1000) DEFAULT NULL,
  `FROM_ADDR` varchar(4000) DEFAULT NULL,
  `TO_ADDR` varchar(4000) DEFAULT NULL,
  `TO_ADDR_ID` bigint(20) DEFAULT NULL,
  `CC_ADDR` varchar(4000) DEFAULT NULL,
  `CC_ADDR_ID` bigint(20) DEFAULT NULL,
  `BCC_ADDR` varchar(4000) DEFAULT NULL,
  `SUBJECT` varchar(1000) DEFAULT NULL,
  `CONTENT` text,
  `EMAIL_TYPE` int(11) NOT NULL DEFAULT '0',
  `EMAIL_TMPL` varchar(512) DEFAULT NULL,
  `CLASS_TYPE` int(11) NOT NULL DEFAULT '0',
  `OBJECT_ID` bigint(20) DEFAULT NULL,
  PRIMARY KEY (`ID`),
  UNIQUE KEY `M_EMAIL_JOBS_UK_GLOBAL_ID` (`GLOBAL_ID`),
  KEY `M_EMAIL_JOBS_cr_time` (`CREATE_TIME`),
  KEY `M_EMAIL_JOBS_up_time` (`UPDATE_TIME`),
  KEY `M_EMAIL_JOBS_lu_time` (`LU_TIME`),
  KEY `M_EMAIL_JOBS_status` (`JOB_STATUS`),
  KEY `M_EMAIL_JOBS_toId` (`TO_ADDR_ID`),
  KEY `M_EMAIL_JOBS_ref_id` (`EMAIL_REF_ID`),
  KEY `M_EMAIL_JOBS_ctx_id` (`CLASS_TYPE`,`OBJECT_ID`)
) ENGINE=InnoDB DEFAULT CHARSET=latin1;
/*!40101 SET character_set_client = @saved_cs_client */;

--
-- Dumping data for table `m_email_jobs`
--

LOCK TABLES `m_email_jobs` WRITE;
/*!40000 ALTER TABLE `m_email_jobs` DISABLE KEYS */;
/*!40000 ALTER TABLE `m_email_jobs` ENABLE KEYS */;
UNLOCK TABLES;

--
-- Table structure for table `m_email_jobs_h`
--

DROP TABLE IF EXISTS `m_email_jobs_h`;
/*!40101 SET @saved_cs_client     = @@character_set_client */;
/*!40101 SET character_set_client = utf8 */;
CREATE TABLE `m_email_jobs_h` (
  `H_ID` bigint(20) NOT NULL AUTO_INCREMENT,
  `H_FROM_TIME` datetime NOT NULL,
  `H_TO_TIME` datetime DEFAULT NULL,
  `H_STATUS` int(11) NOT NULL DEFAULT '0',
  `H_SESS_ID` bigint(20) DEFAULT NULL,
  `ID` bigint(20) DEFAULT NULL,
  `GLOBAL_ID` varchar(512) DEFAULT NULL,
  `VERSION_NUM` int(11) DEFAULT '0',
  `LU_TIME` datetime DEFAULT NULL,
  `CREATE_TIME` datetime DEFAULT NULL,
  `UPDATE_TIME` datetime DEFAULT NULL,
  `EMAIL_REF_ID` varchar(512) DEFAULT NULL,
  `LAST_TRY_TIME` datetime DEFAULT NULL,
  `RETRY_COUNT` int(11) DEFAULT '0',
  `NEXT_RETRY_TIME` datetime DEFAULT NULL,
  `JOB_STATUS` int(11) DEFAULT '0',
  `FROM_NAME` varchar(1000) DEFAULT NULL,
  `FROM_ADDR` varchar(4000) DEFAULT NULL,
  `TO_ADDR` varchar(4000) DEFAULT NULL,
  `TO_ADDR_ID` bigint(20) DEFAULT NULL,
  `CC_ADDR` varchar(4000) DEFAULT NULL,
  `CC_ADDR_ID` bigint(20) DEFAULT NULL,
  `BCC_ADDR` varchar(4000) DEFAULT NULL,
  `SUBJECT` varchar(1000) DEFAULT NULL,
  `CONTENT` text,
  `EMAIL_TYPE` int(11) DEFAULT '0',
  `EMAIL_TMPL` varchar(512) DEFAULT NULL,
  `CLASS_TYPE` int(11) DEFAULT '0',
  `OBJECT_ID` bigint(20) DEFAULT NULL,
  PRIMARY KEY (`H_ID`),
  KEY `M_EMAIL_JOBS_H_TOTIME` (`ID`,`H_TO_TIME`)
) ENGINE=InnoDB DEFAULT CHARSET=latin1;
/*!40101 SET character_set_client = @saved_cs_client */;

--
-- Dumping data for table `m_email_jobs_h`
--

LOCK TABLES `m_email_jobs_h` WRITE;
/*!40000 ALTER TABLE `m_email_jobs_h` DISABLE KEYS */;
/*!40000 ALTER TABLE `m_email_jobs_h` ENABLE KEYS */;
UNLOCK TABLES;

--
-- Table structure for table `m_feedback`
--

DROP TABLE IF EXISTS `m_feedback`;
/*!40101 SET @saved_cs_client     = @@character_set_client */;
/*!40101 SET character_set_client = utf8 */;
CREATE TABLE `m_feedback` (
  `ID` bigint(20) NOT NULL AUTO_INCREMENT,
  `GLOBAL_ID` varchar(512) NOT NULL,
  `VERSION_NUM` int(11) NOT NULL DEFAULT '0',
  `LU_TIME` timestamp NOT NULL DEFAULT CURRENT_TIMESTAMP ON UPDATE CURRENT_TIMESTAMP,
  `CREATE_TIME` datetime NOT NULL,
  `UPDATE_TIME` datetime NOT NULL,
  `ADDED_BY_ID` bigint(20) DEFAULT NULL,
  `NAME` varchar(512) DEFAULT NULL,
  `EMAIL` varchar(512) DEFAULT NULL,
  `CLASS_TYPE` int(11) NOT NULL DEFAULT '0',
  `OBJECT_ID` bigint(20) DEFAULT NULL,
  `NOTES` text NOT NULL,
  `CONTACT_APPR` tinyint(1) NOT NULL DEFAULT '1',
  `FROM_URL` varchar(4000) DEFAULT NULL,
  `STATUS` int(11) NOT NULL DEFAULT '0',
  `REASON` varchar(4000) DEFAULT NULL,
  PRIMARY KEY (`ID`),
  UNIQUE KEY `M_FEEDBACK_UK_GLOBAL_ID` (`GLOBAL_ID`),
  KEY `M_FEEDBACK_FK_ADDED_BY_ID` (`ADDED_BY_ID`),
  KEY `M_FEEDBACK_cr_time` (`CREATE_TIME`),
  KEY `M_FEEDBACK_up_time` (`UPDATE_TIME`),
  KEY `M_FEEDBACK_lu_time` (`LU_TIME`),
  CONSTRAINT `M_FEEDBACK_FK_ADDED_BY_ID` FOREIGN KEY (`ADDED_BY_ID`) REFERENCES `m_user` (`ID`)
) ENGINE=InnoDB DEFAULT CHARSET=latin1;
/*!40101 SET character_set_client = @saved_cs_client */;

--
-- Dumping data for table `m_feedback`
--

LOCK TABLES `m_feedback` WRITE;
/*!40000 ALTER TABLE `m_feedback` DISABLE KEYS */;
/*!40000 ALTER TABLE `m_feedback` ENABLE KEYS */;
UNLOCK TABLES;

--
-- Table structure for table `m_group_items`
--

DROP TABLE IF EXISTS `m_group_items`;
/*!40101 SET @saved_cs_client     = @@character_set_client */;
/*!40101 SET character_set_client = utf8 */;
CREATE TABLE `m_group_items` (
  `ID` bigint(20) NOT NULL AUTO_INCREMENT,
  `GLOBAL_ID` varchar(512) NOT NULL,
  `VERSION_NUM` int(11) NOT NULL DEFAULT '0',
  `LU_TIME` timestamp NOT NULL DEFAULT CURRENT_TIMESTAMP ON UPDATE CURRENT_TIMESTAMP,
  `CREATE_TIME` datetime NOT NULL,
  `UPDATE_TIME` datetime NOT NULL,
  `COPY_OF_ID` bigint(20) DEFAULT NULL,
  `COPY_OF_VER` int(11) DEFAULT '0',
  `STATUS` int(11) NOT NULL DEFAULT '0',
  `DSCN_ID` bigint(20) DEFAULT NULL,
  `PRI_GRP_ID` bigint(20) DEFAULT NULL,
  `PRI_ACCT_ID` bigint(20) DEFAULT NULL,
  `ADDED_BY_ID` bigint(20) DEFAULT NULL,
  `ADDED_BY_NAME` varchar(100) DEFAULT NULL,
  `UPD_BY_ID` bigint(20) DEFAULT NULL,
  `UPDATED_BY_NAME` varchar(100) DEFAULT NULL,
  `CHNG_REASON` varchar(4000) DEFAULT NULL,
  `IS_SYS` tinyint(1) NOT NULL DEFAULT '0',
  `UP_COUNT` int(11) NOT NULL DEFAULT '0',
  `DOWN_COUNT` int(11) NOT NULL DEFAULT '0',
  `RATING` int(11) NOT NULL DEFAULT '0',
  `SEL_COUNT` int(11) NOT NULL DEFAULT '0',
  `SHR_PREF` int(11) NOT NULL DEFAULT '0',
  `CLASS_TYPE` int(11) NOT NULL DEFAULT '0',
  `OBJECT_ID` bigint(20) DEFAULT NULL,
  `USER_ID` bigint(20) DEFAULT NULL,
  `ACCT_ID` bigint(20) DEFAULT NULL,
  `GROUP_ID` bigint(20) DEFAULT NULL,
  `DOC_ID` bigint(20) DEFAULT NULL,
  `TASK_ID` bigint(20) DEFAULT NULL,
  PRIMARY KEY (`ID`),
  UNIQUE KEY `M_GROUP_ITEMS_UK_GLOBAL_ID` (`GLOBAL_ID`),
  KEY `M_GROUP_ITEMS_FK_DSCN_ID` (`DSCN_ID`),
  KEY `M_GROUP_ITEMS_FK_PRI_GRP_ID` (`PRI_GRP_ID`),
  KEY `M_GROUP_ITEMS_FK_PRI_ACCT_ID` (`PRI_ACCT_ID`),
  KEY `M_GROUP_ITEMS_FK_UPD_BY_ID` (`UPD_BY_ID`),
  KEY `M_GROUP_ITEMS_FK_USER_ID` (`USER_ID`),
  KEY `M_GROUP_ITEMS_FK_ACCT_ID` (`ACCT_ID`),
  KEY `M_GROUP_ITEMS_FK_GROUP_ID` (`GROUP_ID`),
  KEY `M_GROUP_ITEMS_FK_DOC_ID` (`DOC_ID`),
  KEY `M_GROUP_ITEMS_FK_TASK_ID` (`TASK_ID`),
  KEY `M_GROUP_ITEMS_cr_time` (`CREATE_TIME`),
  KEY `M_GROUP_ITEMS_up_time` (`UPDATE_TIME`),
  KEY `M_GROUP_ITEMS_lu_time` (`LU_TIME`),
  KEY `M_GROUP_ITEMS_own_clone` (`ADDED_BY_ID`,`COPY_OF_ID`),
  KEY `M_GROUP_ITEMS_ref_id` (`CLASS_TYPE`,`OBJECT_ID`),
  CONSTRAINT `M_GROUP_ITEMS_FK_ACCT_ID` FOREIGN KEY (`ACCT_ID`) REFERENCES `m_acct` (`ID`),
  CONSTRAINT `M_GROUP_ITEMS_FK_ADDED_BY_ID` FOREIGN KEY (`ADDED_BY_ID`) REFERENCES `m_user` (`ID`),
  CONSTRAINT `M_GROUP_ITEMS_FK_DOC_ID` FOREIGN KEY (`DOC_ID`) REFERENCES `m_docs` (`ID`),
  CONSTRAINT `M_GROUP_ITEMS_FK_DSCN_ID` FOREIGN KEY (`DSCN_ID`) REFERENCES `m_decsn_hist` (`ID`),
  CONSTRAINT `M_GROUP_ITEMS_FK_GROUP_ID` FOREIGN KEY (`GROUP_ID`) REFERENCES `m_groups` (`ID`),
  CONSTRAINT `M_GROUP_ITEMS_FK_PRI_ACCT_ID` FOREIGN KEY (`PRI_ACCT_ID`) REFERENCES `m_acct` (`ID`),
  CONSTRAINT `M_GROUP_ITEMS_FK_PRI_GRP_ID` FOREIGN KEY (`PRI_GRP_ID`) REFERENCES `m_groups` (`ID`),
  CONSTRAINT `M_GROUP_ITEMS_FK_TASK_ID` FOREIGN KEY (`TASK_ID`) REFERENCES `m_tasks` (`ID`),
  CONSTRAINT `M_GROUP_ITEMS_FK_UPD_BY_ID` FOREIGN KEY (`UPD_BY_ID`) REFERENCES `m_user` (`ID`),
  CONSTRAINT `M_GROUP_ITEMS_FK_USER_ID` FOREIGN KEY (`USER_ID`) REFERENCES `m_user` (`ID`)
) ENGINE=InnoDB AUTO_INCREMENT=20 DEFAULT CHARSET=latin1;
/*!40101 SET character_set_client = @saved_cs_client */;

--
-- Dumping data for table `m_group_items`
--

LOCK TABLES `m_group_items` WRITE;
/*!40000 ALTER TABLE `m_group_items` DISABLE KEYS */;
INSERT INTO `m_group_items` VALUES (1,'1381174554015_825_66',0,'2013-10-07 19:35:54','2013-10-07 12:35:54','2013-10-07 12:35:54',NULL,0,1,NULL,1,NULL,1,'System ClI',1,'System ClI',NULL,0,0,0,0,0,0,5,2,2,NULL,1,NULL,NULL),(2,'1384865595634_342_53',0,'2013-11-19 12:53:15','2013-11-19 18:23:15','2013-11-19 18:23:15',NULL,0,1,NULL,1,NULL,1,'System ClI',1,'System ClI',NULL,0,0,0,0,0,0,5,3,3,NULL,1,NULL,NULL),(3,'1384865596122_141_72',0,'2013-11-19 12:53:16','2013-11-19 18:23:16','2013-11-19 18:23:16',NULL,0,1,NULL,1,NULL,1,'System ClI',1,'System ClI',NULL,0,0,0,0,0,0,5,4,4,NULL,1,NULL,NULL),(4,'1384865596526_27_91',0,'2013-11-19 12:53:16','2013-11-19 18:23:16','2013-11-19 18:23:16',NULL,0,1,NULL,1,NULL,1,'System ClI',1,'System ClI',NULL,0,0,0,0,0,0,5,5,5,NULL,1,NULL,NULL),(5,'1384865596956_339_113',0,'2013-11-19 12:53:16','2013-11-19 18:23:16','2013-11-19 18:23:16',NULL,0,1,NULL,1,NULL,1,'System ClI',1,'System ClI',NULL,0,0,0,0,0,0,5,6,6,NULL,1,NULL,NULL),(6,'1384865597307_92_132',0,'2013-11-19 12:53:17','2013-11-19 18:23:17','2013-11-19 18:23:17',NULL,0,1,NULL,1,NULL,1,'System ClI',1,'System ClI',NULL,0,0,0,0,0,0,5,7,7,NULL,1,NULL,NULL),(7,'1384865597680_726_151',0,'2013-11-19 12:53:17','2013-11-19 18:23:17','2013-11-19 18:23:17',NULL,0,1,NULL,1,NULL,1,'System ClI',1,'System ClI',NULL,0,0,0,0,0,0,5,8,8,NULL,1,NULL,NULL),(8,'1384865598090_913_173',0,'2013-11-19 12:53:18','2013-11-19 18:23:18','2013-11-19 18:23:18',NULL,0,1,NULL,1,NULL,1,'System ClI',1,'System ClI',NULL,0,0,0,0,0,0,5,9,9,NULL,1,NULL,NULL),(9,'1384865598443_269_192',0,'2013-11-19 12:53:18','2013-11-19 18:23:18','2013-11-19 18:23:18',NULL,0,1,NULL,1,NULL,1,'System ClI',1,'System ClI',NULL,0,0,0,0,0,0,5,10,10,NULL,1,NULL,NULL),(10,'1384865598791_322_211',0,'2013-11-19 12:53:18','2013-11-19 18:23:18','2013-11-19 18:23:18',NULL,0,1,NULL,1,NULL,1,'System ClI',1,'System ClI',NULL,0,0,0,0,0,0,5,11,11,NULL,1,NULL,NULL),(11,'1384865599492_934_233',0,'2013-11-19 12:53:19','2013-11-19 18:23:19','2013-11-19 18:23:19',NULL,0,1,NULL,1,NULL,1,'System ClI',1,'System ClI',NULL,0,0,0,0,0,0,5,12,12,NULL,1,NULL,NULL),(12,'1384865599910_896_252',0,'2013-11-19 12:53:19','2013-11-19 18:23:19','2013-11-19 18:23:19',NULL,0,1,NULL,1,NULL,1,'System ClI',1,'System ClI',NULL,0,0,0,0,0,0,5,13,13,NULL,1,NULL,NULL),(13,'1384865600758_16_271',0,'2013-11-19 12:53:20','2013-11-19 18:23:20','2013-11-19 18:23:20',NULL,0,1,NULL,1,NULL,1,'System ClI',1,'System ClI',NULL,0,0,0,0,0,0,5,14,14,NULL,1,NULL,NULL),(14,'1384865601243_850_293',0,'2013-11-19 12:53:21','2013-11-19 18:23:21','2013-11-19 18:23:21',NULL,0,1,NULL,1,NULL,1,'System ClI',1,'System ClI',NULL,0,0,0,0,0,0,5,15,15,NULL,1,NULL,NULL),(15,'1384865601536_291_312',0,'2013-11-19 12:53:21','2013-11-19 18:23:21','2013-11-19 18:23:21',NULL,0,1,NULL,1,NULL,1,'System ClI',1,'System ClI',NULL,0,0,0,0,0,0,5,16,16,NULL,1,NULL,NULL),(16,'1384865601795_814_331',0,'2013-11-19 12:53:21','2013-11-19 18:23:21','2013-11-19 18:23:21',NULL,0,1,NULL,1,NULL,1,'System ClI',1,'System ClI',NULL,0,0,0,0,0,0,5,17,17,NULL,1,NULL,NULL),(17,'1384865602150_330_353',0,'2013-11-19 12:53:22','2013-11-19 18:23:22','2013-11-19 18:23:22',NULL,0,1,NULL,1,NULL,1,'System ClI',1,'System ClI',NULL,0,0,0,0,0,0,5,18,18,NULL,1,NULL,NULL),(18,'1384865602426_896_372',0,'2013-11-19 12:53:22','2013-11-19 18:23:22','2013-11-19 18:23:22',NULL,0,1,NULL,1,NULL,1,'System ClI',1,'System ClI',NULL,0,0,0,0,0,0,5,19,19,NULL,1,NULL,NULL),(19,'1384865602714_37_391',0,'2013-11-19 12:53:22','2013-11-19 18:23:22','2013-11-19 18:23:22',NULL,0,1,NULL,1,NULL,1,'System ClI',1,'System ClI',NULL,0,0,0,0,0,0,5,20,20,NULL,1,NULL,NULL);
/*!40000 ALTER TABLE `m_group_items` ENABLE KEYS */;
UNLOCK TABLES;

--
-- Table structure for table `m_group_items_h`
--

DROP TABLE IF EXISTS `m_group_items_h`;
/*!40101 SET @saved_cs_client     = @@character_set_client */;
/*!40101 SET character_set_client = utf8 */;
CREATE TABLE `m_group_items_h` (
  `H_ID` bigint(20) NOT NULL AUTO_INCREMENT,
  `H_FROM_TIME` datetime NOT NULL,
  `H_TO_TIME` datetime DEFAULT NULL,
  `H_STATUS` int(11) NOT NULL DEFAULT '0',
  `H_SESS_ID` bigint(20) DEFAULT NULL,
  `ID` bigint(20) DEFAULT NULL,
  `GLOBAL_ID` varchar(512) DEFAULT NULL,
  `VERSION_NUM` int(11) DEFAULT '0',
  `LU_TIME` datetime DEFAULT NULL,
  `CREATE_TIME` datetime DEFAULT NULL,
  `UPDATE_TIME` datetime DEFAULT NULL,
  `COPY_OF_ID` bigint(20) DEFAULT NULL,
  `COPY_OF_VER` int(11) DEFAULT '0',
  `STATUS` int(11) DEFAULT '0',
  `DSCN_ID` bigint(20) DEFAULT NULL,
  `PRI_GRP_ID` bigint(20) DEFAULT NULL,
  `PRI_ACCT_ID` bigint(20) DEFAULT NULL,
  `ADDED_BY_ID` bigint(20) DEFAULT NULL,
  `ADDED_BY_NAME` varchar(100) DEFAULT NULL,
  `UPD_BY_ID` bigint(20) DEFAULT NULL,
  `UPDATED_BY_NAME` varchar(100) DEFAULT NULL,
  `CHNG_REASON` varchar(4000) DEFAULT NULL,
  `IS_SYS` tinyint(1) DEFAULT '0',
  `UP_COUNT` int(11) DEFAULT '0',
  `DOWN_COUNT` int(11) DEFAULT '0',
  `RATING` int(11) DEFAULT '0',
  `SEL_COUNT` int(11) DEFAULT '0',
  `SHR_PREF` int(11) DEFAULT '0',
  `CLASS_TYPE` int(11) DEFAULT '0',
  `OBJECT_ID` bigint(20) DEFAULT NULL,
  `USER_ID` bigint(20) DEFAULT NULL,
  `ACCT_ID` bigint(20) DEFAULT NULL,
  `GROUP_ID` bigint(20) DEFAULT NULL,
  `DOC_ID` bigint(20) DEFAULT NULL,
  `TASK_ID` bigint(20) DEFAULT NULL,
  PRIMARY KEY (`H_ID`),
  KEY `M_GROUP_ITEMS_H_TOTIME` (`ID`,`H_TO_TIME`)
) ENGINE=InnoDB AUTO_INCREMENT=20 DEFAULT CHARSET=latin1;
/*!40101 SET character_set_client = @saved_cs_client */;

--
-- Dumping data for table `m_group_items_h`
--

LOCK TABLES `m_group_items_h` WRITE;
/*!40000 ALTER TABLE `m_group_items_h` DISABLE KEYS */;
INSERT INTO `m_group_items_h` VALUES (1,'2013-10-07 12:35:54',NULL,0,NULL,1,'1381174554015_825_66',0,NULL,'2013-10-07 12:35:54','2013-10-07 12:35:54',NULL,0,1,NULL,1,NULL,1,'System ClI',1,'System ClI',NULL,0,0,0,0,0,0,5,2,2,NULL,1,NULL,NULL),(2,'2013-11-19 18:23:15',NULL,0,NULL,2,'1384865595634_342_53',0,NULL,'2013-11-19 18:23:15','2013-11-19 18:23:15',NULL,0,1,NULL,1,NULL,1,'System ClI',1,'System ClI',NULL,0,0,0,0,0,0,5,3,3,NULL,1,NULL,NULL),(3,'2013-11-19 18:23:16',NULL,0,NULL,3,'1384865596122_141_72',0,NULL,'2013-11-19 18:23:16','2013-11-19 18:23:16',NULL,0,1,NULL,1,NULL,1,'System ClI',1,'System ClI',NULL,0,0,0,0,0,0,5,4,4,NULL,1,NULL,NULL),(4,'2013-11-19 18:23:16',NULL,0,NULL,4,'1384865596526_27_91',0,NULL,'2013-11-19 18:23:16','2013-11-19 18:23:16',NULL,0,1,NULL,1,NULL,1,'System ClI',1,'System ClI',NULL,0,0,0,0,0,0,5,5,5,NULL,1,NULL,NULL),(5,'2013-11-19 18:23:16',NULL,0,NULL,5,'1384865596956_339_113',0,NULL,'2013-11-19 18:23:16','2013-11-19 18:23:16',NULL,0,1,NULL,1,NULL,1,'System ClI',1,'System ClI',NULL,0,0,0,0,0,0,5,6,6,NULL,1,NULL,NULL),(6,'2013-11-19 18:23:17',NULL,0,NULL,6,'1384865597307_92_132',0,NULL,'2013-11-19 18:23:17','2013-11-19 18:23:17',NULL,0,1,NULL,1,NULL,1,'System ClI',1,'System ClI',NULL,0,0,0,0,0,0,5,7,7,NULL,1,NULL,NULL),(7,'2013-11-19 18:23:17',NULL,0,NULL,7,'1384865597680_726_151',0,NULL,'2013-11-19 18:23:17','2013-11-19 18:23:17',NULL,0,1,NULL,1,NULL,1,'System ClI',1,'System ClI',NULL,0,0,0,0,0,0,5,8,8,NULL,1,NULL,NULL),(8,'2013-11-19 18:23:18',NULL,0,NULL,8,'1384865598090_913_173',0,NULL,'2013-11-19 18:23:18','2013-11-19 18:23:18',NULL,0,1,NULL,1,NULL,1,'System ClI',1,'System ClI',NULL,0,0,0,0,0,0,5,9,9,NULL,1,NULL,NULL),(9,'2013-11-19 18:23:18',NULL,0,NULL,9,'1384865598443_269_192',0,NULL,'2013-11-19 18:23:18','2013-11-19 18:23:18',NULL,0,1,NULL,1,NULL,1,'System ClI',1,'System ClI',NULL,0,0,0,0,0,0,5,10,10,NULL,1,NULL,NULL),(10,'2013-11-19 18:23:18',NULL,0,NULL,10,'1384865598791_322_211',0,NULL,'2013-11-19 18:23:18','2013-11-19 18:23:18',NULL,0,1,NULL,1,NULL,1,'System ClI',1,'System ClI',NULL,0,0,0,0,0,0,5,11,11,NULL,1,NULL,NULL),(11,'2013-11-19 18:23:19',NULL,0,NULL,11,'1384865599492_934_233',0,NULL,'2013-11-19 18:23:19','2013-11-19 18:23:19',NULL,0,1,NULL,1,NULL,1,'System ClI',1,'System ClI',NULL,0,0,0,0,0,0,5,12,12,NULL,1,NULL,NULL),(12,'2013-11-19 18:23:19',NULL,0,NULL,12,'1384865599910_896_252',0,NULL,'2013-11-19 18:23:19','2013-11-19 18:23:19',NULL,0,1,NULL,1,NULL,1,'System ClI',1,'System ClI',NULL,0,0,0,0,0,0,5,13,13,NULL,1,NULL,NULL),(13,'2013-11-19 18:23:20',NULL,0,NULL,13,'1384865600758_16_271',0,NULL,'2013-11-19 18:23:20','2013-11-19 18:23:20',NULL,0,1,NULL,1,NULL,1,'System ClI',1,'System ClI',NULL,0,0,0,0,0,0,5,14,14,NULL,1,NULL,NULL),(14,'2013-11-19 18:23:21',NULL,0,NULL,14,'1384865601243_850_293',0,NULL,'2013-11-19 18:23:21','2013-11-19 18:23:21',NULL,0,1,NULL,1,NULL,1,'System ClI',1,'System ClI',NULL,0,0,0,0,0,0,5,15,15,NULL,1,NULL,NULL),(15,'2013-11-19 18:23:21',NULL,0,NULL,15,'1384865601536_291_312',0,NULL,'2013-11-19 18:23:21','2013-11-19 18:23:21',NULL,0,1,NULL,1,NULL,1,'System ClI',1,'System ClI',NULL,0,0,0,0,0,0,5,16,16,NULL,1,NULL,NULL),(16,'2013-11-19 18:23:21',NULL,0,NULL,16,'1384865601795_814_331',0,NULL,'2013-11-19 18:23:21','2013-11-19 18:23:21',NULL,0,1,NULL,1,NULL,1,'System ClI',1,'System ClI',NULL,0,0,0,0,0,0,5,17,17,NULL,1,NULL,NULL),(17,'2013-11-19 18:23:22',NULL,0,NULL,17,'1384865602150_330_353',0,NULL,'2013-11-19 18:23:22','2013-11-19 18:23:22',NULL,0,1,NULL,1,NULL,1,'System ClI',1,'System ClI',NULL,0,0,0,0,0,0,5,18,18,NULL,1,NULL,NULL),(18,'2013-11-19 18:23:22',NULL,0,NULL,18,'1384865602426_896_372',0,NULL,'2013-11-19 18:23:22','2013-11-19 18:23:22',NULL,0,1,NULL,1,NULL,1,'System ClI',1,'System ClI',NULL,0,0,0,0,0,0,5,19,19,NULL,1,NULL,NULL),(19,'2013-11-19 18:23:22',NULL,0,NULL,19,'1384865602714_37_391',0,NULL,'2013-11-19 18:23:22','2013-11-19 18:23:22',NULL,0,1,NULL,1,NULL,1,'System ClI',1,'System ClI',NULL,0,0,0,0,0,0,5,20,20,NULL,1,NULL,NULL);
/*!40000 ALTER TABLE `m_group_items_h` ENABLE KEYS */;
UNLOCK TABLES;

--
-- Table structure for table `m_groups`
--

DROP TABLE IF EXISTS `m_groups`;
/*!40101 SET @saved_cs_client     = @@character_set_client */;
/*!40101 SET character_set_client = utf8 */;
CREATE TABLE `m_groups` (
  `ID` bigint(20) NOT NULL AUTO_INCREMENT,
  `GLOBAL_ID` varchar(512) NOT NULL,
  `VERSION_NUM` int(11) NOT NULL DEFAULT '0',
  `LU_TIME` timestamp NOT NULL DEFAULT CURRENT_TIMESTAMP ON UPDATE CURRENT_TIMESTAMP,
  `CREATE_TIME` datetime NOT NULL,
  `UPDATE_TIME` datetime NOT NULL,
  `COPY_OF_ID` bigint(20) DEFAULT NULL,
  `COPY_OF_VER` int(11) DEFAULT '0',
  `STATUS` int(11) NOT NULL DEFAULT '0',
  `DSCN_ID` bigint(20) DEFAULT NULL,
  `PRI_GRP_ID` bigint(20) DEFAULT NULL,
  `PRI_ACCT_ID` bigint(20) DEFAULT NULL,
  `ADDED_BY_ID` bigint(20) DEFAULT NULL,
  `ADDED_BY_NAME` varchar(100) DEFAULT NULL,
  `UPD_BY_ID` bigint(20) DEFAULT NULL,
  `UPDATED_BY_NAME` varchar(100) DEFAULT NULL,
  `CHNG_REASON` varchar(4000) DEFAULT NULL,
  `IS_SYS` tinyint(1) NOT NULL DEFAULT '0',
  `UP_COUNT` int(11) NOT NULL DEFAULT '0',
  `DOWN_COUNT` int(11) NOT NULL DEFAULT '0',
  `RATING` int(11) NOT NULL DEFAULT '0',
  `SEL_COUNT` int(11) NOT NULL DEFAULT '0',
  `SHR_PREF` int(11) NOT NULL DEFAULT '0',
  `CLASS_TYPE` int(11) NOT NULL DEFAULT '0',
  `OBJECT_ID` bigint(20) DEFAULT NULL,
  `USER_ID` bigint(20) DEFAULT NULL,
  `ACCT_ID` bigint(20) DEFAULT NULL,
  `GROUP_ID` bigint(20) DEFAULT NULL,
  `DOC_ID` bigint(20) DEFAULT NULL,
  `TASK_ID` bigint(20) DEFAULT NULL,
  `GROUP_NAME` varchar(1024) DEFAULT NULL,
  `GROUP_TYPE` int(11) NOT NULL DEFAULT '0',
  PRIMARY KEY (`ID`),
  UNIQUE KEY `M_GROUPS_UK_GLOBAL_ID` (`GLOBAL_ID`),
  KEY `M_GROUPS_FK_DSCN_ID` (`DSCN_ID`),
  KEY `M_GROUPS_FK_PRI_GRP_ID` (`PRI_GRP_ID`),
  KEY `M_GROUPS_FK_PRI_ACCT_ID` (`PRI_ACCT_ID`),
  KEY `M_GROUPS_FK_UPD_BY_ID` (`UPD_BY_ID`),
  KEY `M_GROUPS_FK_USER_ID` (`USER_ID`),
  KEY `M_GROUPS_FK_ACCT_ID` (`ACCT_ID`),
  KEY `M_GROUPS_FK_GROUP_ID` (`GROUP_ID`),
  KEY `M_GROUPS_FK_DOC_ID` (`DOC_ID`),
  KEY `M_GROUPS_FK_TASK_ID` (`TASK_ID`),
  KEY `M_GROUPS_cr_time` (`CREATE_TIME`),
  KEY `M_GROUPS_up_time` (`UPDATE_TIME`),
  KEY `M_GROUPS_lu_time` (`LU_TIME`),
  KEY `M_GROUPS_own_clone` (`ADDED_BY_ID`,`COPY_OF_ID`),
  KEY `M_GROUPS_ref_id` (`CLASS_TYPE`,`OBJECT_ID`),
  CONSTRAINT `M_GROUPS_FK_ACCT_ID` FOREIGN KEY (`ACCT_ID`) REFERENCES `m_acct` (`ID`),
  CONSTRAINT `M_GROUPS_FK_ADDED_BY_ID` FOREIGN KEY (`ADDED_BY_ID`) REFERENCES `m_user` (`ID`),
  CONSTRAINT `M_GROUPS_FK_DOC_ID` FOREIGN KEY (`DOC_ID`) REFERENCES `m_docs` (`ID`),
  CONSTRAINT `M_GROUPS_FK_DSCN_ID` FOREIGN KEY (`DSCN_ID`) REFERENCES `m_decsn_hist` (`ID`),
  CONSTRAINT `M_GROUPS_FK_GROUP_ID` FOREIGN KEY (`GROUP_ID`) REFERENCES `m_groups` (`ID`),
  CONSTRAINT `M_GROUPS_FK_PRI_ACCT_ID` FOREIGN KEY (`PRI_ACCT_ID`) REFERENCES `m_acct` (`ID`),
  CONSTRAINT `M_GROUPS_FK_PRI_GRP_ID` FOREIGN KEY (`PRI_GRP_ID`) REFERENCES `m_groups` (`ID`),
  CONSTRAINT `M_GROUPS_FK_TASK_ID` FOREIGN KEY (`TASK_ID`) REFERENCES `m_tasks` (`ID`),
  CONSTRAINT `M_GROUPS_FK_UPD_BY_ID` FOREIGN KEY (`UPD_BY_ID`) REFERENCES `m_user` (`ID`),
  CONSTRAINT `M_GROUPS_FK_USER_ID` FOREIGN KEY (`USER_ID`) REFERENCES `m_user` (`ID`)
) ENGINE=InnoDB AUTO_INCREMENT=2 DEFAULT CHARSET=latin1;
/*!40101 SET character_set_client = @saved_cs_client */;

--
-- Dumping data for table `m_groups`
--

LOCK TABLES `m_groups` WRITE;
/*!40000 ALTER TABLE `m_groups` DISABLE KEYS */;
INSERT INTO `m_groups` VALUES (1,'1381174553599_226_52',2,'2013-10-07 19:35:53','2013-10-07 12:35:53','2013-10-07 12:35:53',NULL,0,1,NULL,1,1,1,'System ClI',1,'System ClI',NULL,1,0,0,0,0,0,31,1,NULL,1,NULL,NULL,NULL,'XA Secure',5);
/*!40000 ALTER TABLE `m_groups` ENABLE KEYS */;
UNLOCK TABLES;

--
-- Table structure for table `m_groups_h`
--

DROP TABLE IF EXISTS `m_groups_h`;
/*!40101 SET @saved_cs_client     = @@character_set_client */;
/*!40101 SET character_set_client = utf8 */;
CREATE TABLE `m_groups_h` (
  `H_ID` bigint(20) NOT NULL AUTO_INCREMENT,
  `H_FROM_TIME` datetime NOT NULL,
  `H_TO_TIME` datetime DEFAULT NULL,
  `H_STATUS` int(11) NOT NULL DEFAULT '0',
  `H_SESS_ID` bigint(20) DEFAULT NULL,
  `ID` bigint(20) DEFAULT NULL,
  `GLOBAL_ID` varchar(512) DEFAULT NULL,
  `VERSION_NUM` int(11) DEFAULT '0',
  `LU_TIME` datetime DEFAULT NULL,
  `CREATE_TIME` datetime DEFAULT NULL,
  `UPDATE_TIME` datetime DEFAULT NULL,
  `COPY_OF_ID` bigint(20) DEFAULT NULL,
  `COPY_OF_VER` int(11) DEFAULT '0',
  `STATUS` int(11) DEFAULT '0',
  `DSCN_ID` bigint(20) DEFAULT NULL,
  `PRI_GRP_ID` bigint(20) DEFAULT NULL,
  `PRI_ACCT_ID` bigint(20) DEFAULT NULL,
  `ADDED_BY_ID` bigint(20) DEFAULT NULL,
  `ADDED_BY_NAME` varchar(100) DEFAULT NULL,
  `UPD_BY_ID` bigint(20) DEFAULT NULL,
  `UPDATED_BY_NAME` varchar(100) DEFAULT NULL,
  `CHNG_REASON` varchar(4000) DEFAULT NULL,
  `IS_SYS` tinyint(1) DEFAULT '0',
  `UP_COUNT` int(11) DEFAULT '0',
  `DOWN_COUNT` int(11) DEFAULT '0',
  `RATING` int(11) DEFAULT '0',
  `SEL_COUNT` int(11) DEFAULT '0',
  `SHR_PREF` int(11) DEFAULT '0',
  `CLASS_TYPE` int(11) DEFAULT '0',
  `OBJECT_ID` bigint(20) DEFAULT NULL,
  `USER_ID` bigint(20) DEFAULT NULL,
  `ACCT_ID` bigint(20) DEFAULT NULL,
  `GROUP_ID` bigint(20) DEFAULT NULL,
  `DOC_ID` bigint(20) DEFAULT NULL,
  `TASK_ID` bigint(20) DEFAULT NULL,
  `GROUP_NAME` varchar(1024) DEFAULT NULL,
  `GROUP_TYPE` int(11) DEFAULT '0',
  PRIMARY KEY (`H_ID`),
  KEY `M_GROUPS_H_TOTIME` (`ID`,`H_TO_TIME`)
) ENGINE=InnoDB AUTO_INCREMENT=3 DEFAULT CHARSET=latin1;
/*!40101 SET character_set_client = @saved_cs_client */;

--
-- Dumping data for table `m_groups_h`
--

LOCK TABLES `m_groups_h` WRITE;
/*!40000 ALTER TABLE `m_groups_h` DISABLE KEYS */;
INSERT INTO `m_groups_h` VALUES (1,'2013-10-07 12:35:53','2013-10-07 12:35:53',0,NULL,1,'1381174553599_226_52',0,NULL,'2013-10-07 12:35:53','2013-10-07 12:35:53',NULL,0,1,NULL,NULL,NULL,1,'System ClI',1,'System ClI',NULL,1,0,0,0,0,0,31,1,NULL,1,NULL,NULL,NULL,'XA Secure',5),(2,'2013-10-07 12:35:53',NULL,1,NULL,1,'1381174553599_226_52',2,NULL,'2013-10-07 12:35:53','2013-10-07 12:35:53',NULL,0,1,NULL,1,1,1,'System ClI',1,'System ClI',NULL,1,0,0,0,0,0,31,1,NULL,1,NULL,NULL,NULL,'XA Secure',5);
/*!40000 ALTER TABLE `m_groups_h` ENABLE KEYS */;
UNLOCK TABLES;

--
-- Table structure for table `m_hist_base`
--

DROP TABLE IF EXISTS `m_hist_base`;
/*!40101 SET @saved_cs_client     = @@character_set_client */;
/*!40101 SET character_set_client = utf8 */;
CREATE TABLE `m_hist_base` (
  `H_ID` bigint(20) NOT NULL AUTO_INCREMENT,
  `H_FROM_TIME` datetime NOT NULL,
  `H_TO_TIME` datetime DEFAULT NULL,
  `H_STATUS` int(11) NOT NULL DEFAULT '0',
  `H_SESS_ID` bigint(20) DEFAULT NULL,
  PRIMARY KEY (`H_ID`)
) ENGINE=InnoDB DEFAULT CHARSET=latin1;
/*!40101 SET character_set_client = @saved_cs_client */;

--
-- Dumping data for table `m_hist_base`
--

LOCK TABLES `m_hist_base` WRITE;
/*!40000 ALTER TABLE `m_hist_base` DISABLE KEYS */;
/*!40000 ALTER TABLE `m_hist_base` ENABLE KEYS */;
UNLOCK TABLES;

--
-- Table structure for table `m_ip`
--

DROP TABLE IF EXISTS `m_ip`;
/*!40101 SET @saved_cs_client     = @@character_set_client */;
/*!40101 SET character_set_client = utf8 */;
CREATE TABLE `m_ip` (
  `ID` bigint(20) NOT NULL AUTO_INCREMENT,
  `GLOBAL_ID` varchar(512) NOT NULL,
  `VERSION_NUM` int(11) NOT NULL DEFAULT '0',
  `LU_TIME` timestamp NOT NULL DEFAULT CURRENT_TIMESTAMP ON UPDATE CURRENT_TIMESTAMP,
  `CREATE_TIME` datetime NOT NULL,
  `UPDATE_TIME` datetime NOT NULL,
  `CITY_ID` bigint(20) DEFAULT NULL,
  `STATE_ID` bigint(20) DEFAULT NULL,
  `COUNTRY_ID` bigint(20) DEFAULT NULL,
  `CITY` varchar(512) DEFAULT NULL,
  `STATE` varchar(512) DEFAULT NULL,
  `COUNTRY` varchar(512) DEFAULT NULL,
  `LOOKUP_CITY` varchar(512) DEFAULT NULL,
  `LOOKUP_STATE` varchar(512) DEFAULT NULL,
  `LOOKUP_COUNTRY` varchar(512) DEFAULT NULL,
  `LATITUDE` varchar(10) DEFAULT NULL,
  `LONGITUDE` varchar(10) DEFAULT NULL,
  `TIMEZONE` int(11) DEFAULT '0',
  `ZIP` varchar(24) DEFAULT NULL,
  `AREA_CODE` varchar(8) DEFAULT NULL,
  `DMA_CODE` varchar(3) DEFAULT NULL,
  `METRO_CODE` varchar(5) DEFAULT NULL,
  PRIMARY KEY (`ID`),
  UNIQUE KEY `M_IP_UK_GLOBAL_ID` (`GLOBAL_ID`),
  KEY `M_IP_FK_CITY_ID` (`CITY_ID`),
  KEY `M_IP_FK_STATE_ID` (`STATE_ID`),
  KEY `M_IP_FK_COUNTRY_ID` (`COUNTRY_ID`),
  KEY `M_IP_cr_time` (`CREATE_TIME`),
  KEY `M_IP_up_time` (`UPDATE_TIME`),
  KEY `M_IP_lu_time` (`LU_TIME`),
  CONSTRAINT `M_IP_FK_CITY_ID` FOREIGN KEY (`CITY_ID`) REFERENCES `m_city` (`ID`),
  CONSTRAINT `M_IP_FK_COUNTRY_ID` FOREIGN KEY (`COUNTRY_ID`) REFERENCES `m_country` (`ID`),
  CONSTRAINT `M_IP_FK_STATE_ID` FOREIGN KEY (`STATE_ID`) REFERENCES `m_state` (`ID`)
) ENGINE=InnoDB DEFAULT CHARSET=latin1;
/*!40101 SET character_set_client = @saved_cs_client */;

--
-- Dumping data for table `m_ip`
--

LOCK TABLES `m_ip` WRITE;
/*!40000 ALTER TABLE `m_ip` DISABLE KEYS */;
/*!40000 ALTER TABLE `m_ip` ENABLE KEYS */;
UNLOCK TABLES;

--
-- Table structure for table `m_mod_base`
--

DROP TABLE IF EXISTS `m_mod_base`;
/*!40101 SET @saved_cs_client     = @@character_set_client */;
/*!40101 SET character_set_client = utf8 */;
CREATE TABLE `m_mod_base` (
  `ID` bigint(20) NOT NULL AUTO_INCREMENT,
  `GLOBAL_ID` varchar(512) NOT NULL,
  `VERSION_NUM` int(11) NOT NULL DEFAULT '0',
  `LU_TIME` timestamp NOT NULL DEFAULT CURRENT_TIMESTAMP ON UPDATE CURRENT_TIMESTAMP,
  `CREATE_TIME` datetime NOT NULL,
  `UPDATE_TIME` datetime NOT NULL,
  `COPY_OF_ID` bigint(20) DEFAULT NULL,
  `COPY_OF_VER` int(11) DEFAULT '0',
  `STATUS` int(11) NOT NULL DEFAULT '0',
  `DSCN_ID` bigint(20) DEFAULT NULL,
  `PRI_GRP_ID` bigint(20) DEFAULT NULL,
  `PRI_ACCT_ID` bigint(20) DEFAULT NULL,
  `ADDED_BY_ID` bigint(20) DEFAULT NULL,
  `ADDED_BY_NAME` varchar(100) DEFAULT NULL,
  `UPD_BY_ID` bigint(20) DEFAULT NULL,
  `UPDATED_BY_NAME` varchar(100) DEFAULT NULL,
  `CHNG_REASON` varchar(4000) DEFAULT NULL,
  `IS_SYS` tinyint(1) NOT NULL DEFAULT '0',
  PRIMARY KEY (`ID`),
  UNIQUE KEY `M_MOD_BASE_UK_GLOBAL_ID` (`GLOBAL_ID`),
  KEY `M_MOD_BASE_FK_DSCN_ID` (`DSCN_ID`),
  KEY `M_MOD_BASE_FK_PRI_GRP_ID` (`PRI_GRP_ID`),
  KEY `M_MOD_BASE_FK_PRI_ACCT_ID` (`PRI_ACCT_ID`),
  KEY `M_MOD_BASE_FK_UPD_BY_ID` (`UPD_BY_ID`),
  KEY `M_MOD_BASE_cr_time` (`CREATE_TIME`),
  KEY `M_MOD_BASE_up_time` (`UPDATE_TIME`),
  KEY `M_MOD_BASE_lu_time` (`LU_TIME`),
  KEY `M_MOD_BASE_own_clone` (`ADDED_BY_ID`,`COPY_OF_ID`),
  CONSTRAINT `M_MOD_BASE_FK_ADDED_BY_ID` FOREIGN KEY (`ADDED_BY_ID`) REFERENCES `m_user` (`ID`),
  CONSTRAINT `M_MOD_BASE_FK_DSCN_ID` FOREIGN KEY (`DSCN_ID`) REFERENCES `m_decsn_hist` (`ID`),
  CONSTRAINT `M_MOD_BASE_FK_PRI_ACCT_ID` FOREIGN KEY (`PRI_ACCT_ID`) REFERENCES `m_acct` (`ID`),
  CONSTRAINT `M_MOD_BASE_FK_PRI_GRP_ID` FOREIGN KEY (`PRI_GRP_ID`) REFERENCES `m_groups` (`ID`),
  CONSTRAINT `M_MOD_BASE_FK_UPD_BY_ID` FOREIGN KEY (`UPD_BY_ID`) REFERENCES `m_user` (`ID`)
) ENGINE=InnoDB DEFAULT CHARSET=latin1;
/*!40101 SET character_set_client = @saved_cs_client */;

--
-- Dumping data for table `m_mod_base`
--

LOCK TABLES `m_mod_base` WRITE;
/*!40000 ALTER TABLE `m_mod_base` DISABLE KEYS */;
/*!40000 ALTER TABLE `m_mod_base` ENABLE KEYS */;
UNLOCK TABLES;

--
-- Table structure for table `m_multi_media`
--

DROP TABLE IF EXISTS `m_multi_media`;
/*!40101 SET @saved_cs_client     = @@character_set_client */;
/*!40101 SET character_set_client = utf8 */;
CREATE TABLE `m_multi_media` (
  `ID` bigint(20) NOT NULL AUTO_INCREMENT,
  `GLOBAL_ID` varchar(512) NOT NULL,
  `VERSION_NUM` int(11) NOT NULL DEFAULT '0',
  `LU_TIME` timestamp NOT NULL DEFAULT CURRENT_TIMESTAMP ON UPDATE CURRENT_TIMESTAMP,
  `CREATE_TIME` datetime NOT NULL,
  `UPDATE_TIME` datetime NOT NULL,
  `COPY_OF_ID` bigint(20) DEFAULT NULL,
  `COPY_OF_VER` int(11) DEFAULT '0',
  `STATUS` int(11) NOT NULL DEFAULT '0',
  `DSCN_ID` bigint(20) DEFAULT NULL,
  `PRI_GRP_ID` bigint(20) DEFAULT NULL,
  `PRI_ACCT_ID` bigint(20) DEFAULT NULL,
  `ADDED_BY_ID` bigint(20) DEFAULT NULL,
  `ADDED_BY_NAME` varchar(100) DEFAULT NULL,
  `UPD_BY_ID` bigint(20) DEFAULT NULL,
  `UPDATED_BY_NAME` varchar(100) DEFAULT NULL,
  `CHNG_REASON` varchar(4000) DEFAULT NULL,
  `IS_SYS` tinyint(1) NOT NULL DEFAULT '0',
  `UP_COUNT` int(11) NOT NULL DEFAULT '0',
  `DOWN_COUNT` int(11) NOT NULL DEFAULT '0',
  `RATING` int(11) NOT NULL DEFAULT '0',
  `SEL_COUNT` int(11) NOT NULL DEFAULT '0',
  `SHR_PREF` int(11) NOT NULL DEFAULT '0',
  `CLASS_TYPE` int(11) NOT NULL DEFAULT '0',
  `OBJECT_ID` bigint(20) DEFAULT NULL,
  `USER_ID` bigint(20) DEFAULT NULL,
  `ACCT_ID` bigint(20) DEFAULT NULL,
  `GROUP_ID` bigint(20) DEFAULT NULL,
  `DOC_ID` bigint(20) DEFAULT NULL,
  `TASK_ID` bigint(20) DEFAULT NULL,
  `FILE_PATH` varchar(2056) DEFAULT NULL,
  `RAW_FILE_PATH` varchar(2056) DEFAULT NULL,
  `USER_FILEPATH` varchar(2056) DEFAULT NULL,
  `WF_STATUS` int(11) NOT NULL DEFAULT '0',
  `MIME_TYPE` int(11) NOT NULL DEFAULT '0',
  `MIME_TYPE_RAW` int(11) NOT NULL DEFAULT '0',
  `ERROR_REASON` varchar(4000) DEFAULT NULL,
  `MM_DESC` varchar(1024) DEFAULT NULL,
  `NOTES` varchar(4000) DEFAULT NULL,
  PRIMARY KEY (`ID`),
  UNIQUE KEY `M_MULTI_MEDIA_UK_GLOBAL_ID` (`GLOBAL_ID`),
  KEY `M_MULTI_MEDIA_FK_DSCN_ID` (`DSCN_ID`),
  KEY `M_MULTI_MEDIA_FK_PRI_GRP_ID` (`PRI_GRP_ID`),
  KEY `M_MULTI_MEDIA_FK_PRI_ACCT_ID` (`PRI_ACCT_ID`),
  KEY `M_MULTI_MEDIA_FK_UPD_BY_ID` (`UPD_BY_ID`),
  KEY `M_MULTI_MEDIA_FK_USER_ID` (`USER_ID`),
  KEY `M_MULTI_MEDIA_FK_ACCT_ID` (`ACCT_ID`),
  KEY `M_MULTI_MEDIA_FK_GROUP_ID` (`GROUP_ID`),
  KEY `M_MULTI_MEDIA_FK_DOC_ID` (`DOC_ID`),
  KEY `M_MULTI_MEDIA_FK_TASK_ID` (`TASK_ID`),
  KEY `M_MULTI_MEDIA_cr_time` (`CREATE_TIME`),
  KEY `M_MULTI_MEDIA_up_time` (`UPDATE_TIME`),
  KEY `M_MULTI_MEDIA_lu_time` (`LU_TIME`),
  KEY `M_MULTI_MEDIA_own_clone` (`ADDED_BY_ID`,`COPY_OF_ID`),
  KEY `M_MULTI_MEDIA_ref_id` (`CLASS_TYPE`,`OBJECT_ID`),
  CONSTRAINT `M_MULTI_MEDIA_FK_ACCT_ID` FOREIGN KEY (`ACCT_ID`) REFERENCES `m_acct` (`ID`),
  CONSTRAINT `M_MULTI_MEDIA_FK_ADDED_BY_ID` FOREIGN KEY (`ADDED_BY_ID`) REFERENCES `m_user` (`ID`),
  CONSTRAINT `M_MULTI_MEDIA_FK_DOC_ID` FOREIGN KEY (`DOC_ID`) REFERENCES `m_docs` (`ID`),
  CONSTRAINT `M_MULTI_MEDIA_FK_DSCN_ID` FOREIGN KEY (`DSCN_ID`) REFERENCES `m_decsn_hist` (`ID`),
  CONSTRAINT `M_MULTI_MEDIA_FK_GROUP_ID` FOREIGN KEY (`GROUP_ID`) REFERENCES `m_groups` (`ID`),
  CONSTRAINT `M_MULTI_MEDIA_FK_PRI_ACCT_ID` FOREIGN KEY (`PRI_ACCT_ID`) REFERENCES `m_acct` (`ID`),
  CONSTRAINT `M_MULTI_MEDIA_FK_PRI_GRP_ID` FOREIGN KEY (`PRI_GRP_ID`) REFERENCES `m_groups` (`ID`),
  CONSTRAINT `M_MULTI_MEDIA_FK_TASK_ID` FOREIGN KEY (`TASK_ID`) REFERENCES `m_tasks` (`ID`),
  CONSTRAINT `M_MULTI_MEDIA_FK_UPD_BY_ID` FOREIGN KEY (`UPD_BY_ID`) REFERENCES `m_user` (`ID`),
  CONSTRAINT `M_MULTI_MEDIA_FK_USER_ID` FOREIGN KEY (`USER_ID`) REFERENCES `m_user` (`ID`)
) ENGINE=InnoDB DEFAULT CHARSET=latin1;
/*!40101 SET character_set_client = @saved_cs_client */;

--
-- Dumping data for table `m_multi_media`
--

LOCK TABLES `m_multi_media` WRITE;
/*!40000 ALTER TABLE `m_multi_media` DISABLE KEYS */;
/*!40000 ALTER TABLE `m_multi_media` ENABLE KEYS */;
UNLOCK TABLES;

--
-- Table structure for table `m_multi_media_h`
--

DROP TABLE IF EXISTS `m_multi_media_h`;
/*!40101 SET @saved_cs_client     = @@character_set_client */;
/*!40101 SET character_set_client = utf8 */;
CREATE TABLE `m_multi_media_h` (
  `H_ID` bigint(20) NOT NULL AUTO_INCREMENT,
  `H_FROM_TIME` datetime NOT NULL,
  `H_TO_TIME` datetime DEFAULT NULL,
  `H_STATUS` int(11) NOT NULL DEFAULT '0',
  `H_SESS_ID` bigint(20) DEFAULT NULL,
  `ID` bigint(20) DEFAULT NULL,
  `GLOBAL_ID` varchar(512) DEFAULT NULL,
  `VERSION_NUM` int(11) DEFAULT '0',
  `LU_TIME` datetime DEFAULT NULL,
  `CREATE_TIME` datetime DEFAULT NULL,
  `UPDATE_TIME` datetime DEFAULT NULL,
  `COPY_OF_ID` bigint(20) DEFAULT NULL,
  `COPY_OF_VER` int(11) DEFAULT '0',
  `STATUS` int(11) DEFAULT '0',
  `DSCN_ID` bigint(20) DEFAULT NULL,
  `PRI_GRP_ID` bigint(20) DEFAULT NULL,
  `PRI_ACCT_ID` bigint(20) DEFAULT NULL,
  `ADDED_BY_ID` bigint(20) DEFAULT NULL,
  `ADDED_BY_NAME` varchar(100) DEFAULT NULL,
  `UPD_BY_ID` bigint(20) DEFAULT NULL,
  `UPDATED_BY_NAME` varchar(100) DEFAULT NULL,
  `CHNG_REASON` varchar(4000) DEFAULT NULL,
  `IS_SYS` tinyint(1) DEFAULT '0',
  `UP_COUNT` int(11) DEFAULT '0',
  `DOWN_COUNT` int(11) DEFAULT '0',
  `RATING` int(11) DEFAULT '0',
  `SEL_COUNT` int(11) DEFAULT '0',
  `SHR_PREF` int(11) DEFAULT '0',
  `CLASS_TYPE` int(11) DEFAULT '0',
  `OBJECT_ID` bigint(20) DEFAULT NULL,
  `USER_ID` bigint(20) DEFAULT NULL,
  `ACCT_ID` bigint(20) DEFAULT NULL,
  `GROUP_ID` bigint(20) DEFAULT NULL,
  `DOC_ID` bigint(20) DEFAULT NULL,
  `TASK_ID` bigint(20) DEFAULT NULL,
  `FILE_PATH` varchar(2056) DEFAULT NULL,
  `RAW_FILE_PATH` varchar(2056) DEFAULT NULL,
  `USER_FILEPATH` varchar(2056) DEFAULT NULL,
  `WF_STATUS` int(11) DEFAULT '0',
  `MIME_TYPE` int(11) DEFAULT '0',
  `MIME_TYPE_RAW` int(11) DEFAULT '0',
  `ERROR_REASON` varchar(4000) DEFAULT NULL,
  `MM_DESC` varchar(1024) DEFAULT NULL,
  `NOTES` varchar(4000) DEFAULT NULL,
  PRIMARY KEY (`H_ID`),
  KEY `M_MULTI_MEDIA_H_TOTIME` (`ID`,`H_TO_TIME`)
) ENGINE=InnoDB DEFAULT CHARSET=latin1;
/*!40101 SET character_set_client = @saved_cs_client */;

--
-- Dumping data for table `m_multi_media_h`
--

LOCK TABLES `m_multi_media_h` WRITE;
/*!40000 ALTER TABLE `m_multi_media_h` DISABLE KEYS */;
/*!40000 ALTER TABLE `m_multi_media_h` ENABLE KEYS */;
UNLOCK TABLES;

--
-- Table structure for table `m_notes`
--

DROP TABLE IF EXISTS `m_notes`;
/*!40101 SET @saved_cs_client     = @@character_set_client */;
/*!40101 SET character_set_client = utf8 */;
CREATE TABLE `m_notes` (
  `ID` bigint(20) NOT NULL AUTO_INCREMENT,
  `GLOBAL_ID` varchar(512) NOT NULL,
  `VERSION_NUM` int(11) NOT NULL DEFAULT '0',
  `LU_TIME` timestamp NOT NULL DEFAULT CURRENT_TIMESTAMP ON UPDATE CURRENT_TIMESTAMP,
  `CREATE_TIME` datetime NOT NULL,
  `UPDATE_TIME` datetime NOT NULL,
  `COPY_OF_ID` bigint(20) DEFAULT NULL,
  `COPY_OF_VER` int(11) DEFAULT '0',
  `STATUS` int(11) NOT NULL DEFAULT '0',
  `DSCN_ID` bigint(20) DEFAULT NULL,
  `PRI_GRP_ID` bigint(20) DEFAULT NULL,
  `PRI_ACCT_ID` bigint(20) DEFAULT NULL,
  `ADDED_BY_ID` bigint(20) DEFAULT NULL,
  `ADDED_BY_NAME` varchar(100) DEFAULT NULL,
  `UPD_BY_ID` bigint(20) DEFAULT NULL,
  `UPDATED_BY_NAME` varchar(100) DEFAULT NULL,
  `CHNG_REASON` varchar(4000) DEFAULT NULL,
  `IS_SYS` tinyint(1) NOT NULL DEFAULT '0',
  `UP_COUNT` int(11) NOT NULL DEFAULT '0',
  `DOWN_COUNT` int(11) NOT NULL DEFAULT '0',
  `RATING` int(11) NOT NULL DEFAULT '0',
  `SEL_COUNT` int(11) NOT NULL DEFAULT '0',
  `SHR_PREF` int(11) NOT NULL DEFAULT '0',
  `CLASS_TYPE` int(11) NOT NULL DEFAULT '0',
  `OBJECT_ID` bigint(20) DEFAULT NULL,
  `USER_ID` bigint(20) DEFAULT NULL,
  `ACCT_ID` bigint(20) DEFAULT NULL,
  `GROUP_ID` bigint(20) DEFAULT NULL,
  `DOC_ID` bigint(20) DEFAULT NULL,
  `TASK_ID` bigint(20) DEFAULT NULL,
  `MIME_TYPE` int(11) NOT NULL DEFAULT '1',
  `RICH_TEXT` text,
  `HAS_MEDIA` tinyint(1) NOT NULL DEFAULT '0',
  `NOTES` text NOT NULL,
  PRIMARY KEY (`ID`),
  UNIQUE KEY `M_NOTES_UK_GLOBAL_ID` (`GLOBAL_ID`),
  KEY `M_NOTES_FK_DSCN_ID` (`DSCN_ID`),
  KEY `M_NOTES_FK_PRI_GRP_ID` (`PRI_GRP_ID`),
  KEY `M_NOTES_FK_PRI_ACCT_ID` (`PRI_ACCT_ID`),
  KEY `M_NOTES_FK_UPD_BY_ID` (`UPD_BY_ID`),
  KEY `M_NOTES_FK_USER_ID` (`USER_ID`),
  KEY `M_NOTES_FK_ACCT_ID` (`ACCT_ID`),
  KEY `M_NOTES_FK_GROUP_ID` (`GROUP_ID`),
  KEY `M_NOTES_FK_DOC_ID` (`DOC_ID`),
  KEY `M_NOTES_FK_TASK_ID` (`TASK_ID`),
  KEY `M_NOTES_cr_time` (`CREATE_TIME`),
  KEY `M_NOTES_up_time` (`UPDATE_TIME`),
  KEY `M_NOTES_lu_time` (`LU_TIME`),
  KEY `M_NOTES_own_clone` (`ADDED_BY_ID`,`COPY_OF_ID`),
  KEY `M_NOTES_ref_id` (`CLASS_TYPE`,`OBJECT_ID`),
  KEY `M_NOTES_name` (`NOTES`(767)),
  CONSTRAINT `M_NOTES_FK_ACCT_ID` FOREIGN KEY (`ACCT_ID`) REFERENCES `m_acct` (`ID`),
  CONSTRAINT `M_NOTES_FK_ADDED_BY_ID` FOREIGN KEY (`ADDED_BY_ID`) REFERENCES `m_user` (`ID`),
  CONSTRAINT `M_NOTES_FK_DOC_ID` FOREIGN KEY (`DOC_ID`) REFERENCES `m_docs` (`ID`),
  CONSTRAINT `M_NOTES_FK_DSCN_ID` FOREIGN KEY (`DSCN_ID`) REFERENCES `m_decsn_hist` (`ID`),
  CONSTRAINT `M_NOTES_FK_GROUP_ID` FOREIGN KEY (`GROUP_ID`) REFERENCES `m_groups` (`ID`),
  CONSTRAINT `M_NOTES_FK_PRI_ACCT_ID` FOREIGN KEY (`PRI_ACCT_ID`) REFERENCES `m_acct` (`ID`),
  CONSTRAINT `M_NOTES_FK_PRI_GRP_ID` FOREIGN KEY (`PRI_GRP_ID`) REFERENCES `m_groups` (`ID`),
  CONSTRAINT `M_NOTES_FK_TASK_ID` FOREIGN KEY (`TASK_ID`) REFERENCES `m_tasks` (`ID`),
  CONSTRAINT `M_NOTES_FK_UPD_BY_ID` FOREIGN KEY (`UPD_BY_ID`) REFERENCES `m_user` (`ID`),
  CONSTRAINT `M_NOTES_FK_USER_ID` FOREIGN KEY (`USER_ID`) REFERENCES `m_user` (`ID`)
) ENGINE=InnoDB DEFAULT CHARSET=latin1;
/*!40101 SET character_set_client = @saved_cs_client */;

--
-- Dumping data for table `m_notes`
--

LOCK TABLES `m_notes` WRITE;
/*!40000 ALTER TABLE `m_notes` DISABLE KEYS */;
/*!40000 ALTER TABLE `m_notes` ENABLE KEYS */;
UNLOCK TABLES;

--
-- Table structure for table `m_notes_h`
--

DROP TABLE IF EXISTS `m_notes_h`;
/*!40101 SET @saved_cs_client     = @@character_set_client */;
/*!40101 SET character_set_client = utf8 */;
CREATE TABLE `m_notes_h` (
  `H_ID` bigint(20) NOT NULL AUTO_INCREMENT,
  `H_FROM_TIME` datetime NOT NULL,
  `H_TO_TIME` datetime DEFAULT NULL,
  `H_STATUS` int(11) NOT NULL DEFAULT '0',
  `H_SESS_ID` bigint(20) DEFAULT NULL,
  `ID` bigint(20) DEFAULT NULL,
  `GLOBAL_ID` varchar(512) DEFAULT NULL,
  `VERSION_NUM` int(11) DEFAULT '0',
  `LU_TIME` datetime DEFAULT NULL,
  `CREATE_TIME` datetime DEFAULT NULL,
  `UPDATE_TIME` datetime DEFAULT NULL,
  `COPY_OF_ID` bigint(20) DEFAULT NULL,
  `COPY_OF_VER` int(11) DEFAULT '0',
  `STATUS` int(11) DEFAULT '0',
  `DSCN_ID` bigint(20) DEFAULT NULL,
  `PRI_GRP_ID` bigint(20) DEFAULT NULL,
  `PRI_ACCT_ID` bigint(20) DEFAULT NULL,
  `ADDED_BY_ID` bigint(20) DEFAULT NULL,
  `ADDED_BY_NAME` varchar(100) DEFAULT NULL,
  `UPD_BY_ID` bigint(20) DEFAULT NULL,
  `UPDATED_BY_NAME` varchar(100) DEFAULT NULL,
  `CHNG_REASON` varchar(4000) DEFAULT NULL,
  `IS_SYS` tinyint(1) DEFAULT '0',
  `UP_COUNT` int(11) DEFAULT '0',
  `DOWN_COUNT` int(11) DEFAULT '0',
  `RATING` int(11) DEFAULT '0',
  `SEL_COUNT` int(11) DEFAULT '0',
  `SHR_PREF` int(11) DEFAULT '0',
  `CLASS_TYPE` int(11) DEFAULT '0',
  `OBJECT_ID` bigint(20) DEFAULT NULL,
  `USER_ID` bigint(20) DEFAULT NULL,
  `ACCT_ID` bigint(20) DEFAULT NULL,
  `GROUP_ID` bigint(20) DEFAULT NULL,
  `DOC_ID` bigint(20) DEFAULT NULL,
  `TASK_ID` bigint(20) DEFAULT NULL,
  `MIME_TYPE` int(11) DEFAULT '0',
  `RICH_TEXT` text,
  `HAS_MEDIA` tinyint(1) DEFAULT '0',
  `NOTES` text,
  PRIMARY KEY (`H_ID`),
  KEY `M_NOTES_H_TOTIME` (`ID`,`H_TO_TIME`)
) ENGINE=InnoDB DEFAULT CHARSET=latin1;
/*!40101 SET character_set_client = @saved_cs_client */;

--
-- Dumping data for table `m_notes_h`
--

LOCK TABLES `m_notes_h` WRITE;
/*!40000 ALTER TABLE `m_notes_h` DISABLE KEYS */;
/*!40000 ALTER TABLE `m_notes_h` ENABLE KEYS */;
UNLOCK TABLES;

--
-- Table structure for table `m_notif`
--

DROP TABLE IF EXISTS `m_notif`;
/*!40101 SET @saved_cs_client     = @@character_set_client */;
/*!40101 SET character_set_client = utf8 */;
CREATE TABLE `m_notif` (
  `ID` bigint(20) NOT NULL AUTO_INCREMENT,
  `GLOBAL_ID` varchar(512) NOT NULL,
  `VERSION_NUM` int(11) NOT NULL DEFAULT '0',
  `LU_TIME` timestamp NOT NULL DEFAULT CURRENT_TIMESTAMP ON UPDATE CURRENT_TIMESTAMP,
  `CREATE_TIME` datetime NOT NULL,
  `UPDATE_TIME` datetime NOT NULL,
  `COPY_OF_ID` bigint(20) DEFAULT NULL,
  `COPY_OF_VER` int(11) DEFAULT '0',
  `STATUS` int(11) NOT NULL DEFAULT '0',
  `DSCN_ID` bigint(20) DEFAULT NULL,
  `PRI_GRP_ID` bigint(20) DEFAULT NULL,
  `PRI_ACCT_ID` bigint(20) DEFAULT NULL,
  `ADDED_BY_ID` bigint(20) DEFAULT NULL,
  `ADDED_BY_NAME` varchar(100) DEFAULT NULL,
  `UPD_BY_ID` bigint(20) DEFAULT NULL,
  `UPDATED_BY_NAME` varchar(100) DEFAULT NULL,
  `CHNG_REASON` varchar(4000) DEFAULT NULL,
  `IS_SYS` tinyint(1) NOT NULL DEFAULT '0',
  `UP_COUNT` int(11) NOT NULL DEFAULT '0',
  `DOWN_COUNT` int(11) NOT NULL DEFAULT '0',
  `RATING` int(11) NOT NULL DEFAULT '0',
  `SEL_COUNT` int(11) NOT NULL DEFAULT '0',
  `SHR_PREF` int(11) NOT NULL DEFAULT '0',
  `CLASS_TYPE` int(11) NOT NULL DEFAULT '0',
  `OBJECT_ID` bigint(20) DEFAULT NULL,
  `USER_ID` bigint(20) DEFAULT NULL,
  `ACCT_ID` bigint(20) DEFAULT NULL,
  `GROUP_ID` bigint(20) DEFAULT NULL,
  `DOC_ID` bigint(20) DEFAULT NULL,
  `TASK_ID` bigint(20) DEFAULT NULL,
  `HEADER` varchar(512) NOT NULL,
  `MSG` varchar(4000) DEFAULT NULL,
  `NOTIFY_TYPE` int(11) NOT NULL DEFAULT '0',
  `NOTIFY_STATUS` int(11) NOT NULL DEFAULT '0',
  `IS_INTERNAL` tinyint(1) NOT NULL DEFAULT '0',
  `EXPIRY_TIME` datetime DEFAULT NULL,
  `PURGE_TIME` datetime DEFAULT NULL,
  `PRIORITY` int(11) NOT NULL DEFAULT '0',
  `IS_SPLASH` int(11) NOT NULL DEFAULT '0',
  `SEND_EMAIL` int(11) NOT NULL DEFAULT '0',
  `EMAIL_COUNTER` int(11) NOT NULL DEFAULT '0',
  `EMAIL_SENT_TIME` datetime DEFAULT NULL,
  PRIMARY KEY (`ID`),
  UNIQUE KEY `M_NOTIF_UK_GLOBAL_ID` (`GLOBAL_ID`),
  KEY `M_NOTIF_FK_DSCN_ID` (`DSCN_ID`),
  KEY `M_NOTIF_FK_PRI_GRP_ID` (`PRI_GRP_ID`),
  KEY `M_NOTIF_FK_PRI_ACCT_ID` (`PRI_ACCT_ID`),
  KEY `M_NOTIF_FK_UPD_BY_ID` (`UPD_BY_ID`),
  KEY `M_NOTIF_FK_USER_ID` (`USER_ID`),
  KEY `M_NOTIF_FK_ACCT_ID` (`ACCT_ID`),
  KEY `M_NOTIF_FK_GROUP_ID` (`GROUP_ID`),
  KEY `M_NOTIF_FK_DOC_ID` (`DOC_ID`),
  KEY `M_NOTIF_FK_TASK_ID` (`TASK_ID`),
  KEY `M_NOTIF_cr_time` (`CREATE_TIME`),
  KEY `M_NOTIF_up_time` (`UPDATE_TIME`),
  KEY `M_NOTIF_lu_time` (`LU_TIME`),
  KEY `M_NOTIF_own_clone` (`ADDED_BY_ID`,`COPY_OF_ID`),
  KEY `M_NOTIF_ref_id` (`CLASS_TYPE`,`OBJECT_ID`),
  CONSTRAINT `M_NOTIF_FK_ACCT_ID` FOREIGN KEY (`ACCT_ID`) REFERENCES `m_acct` (`ID`),
  CONSTRAINT `M_NOTIF_FK_ADDED_BY_ID` FOREIGN KEY (`ADDED_BY_ID`) REFERENCES `m_user` (`ID`),
  CONSTRAINT `M_NOTIF_FK_DOC_ID` FOREIGN KEY (`DOC_ID`) REFERENCES `m_docs` (`ID`),
  CONSTRAINT `M_NOTIF_FK_DSCN_ID` FOREIGN KEY (`DSCN_ID`) REFERENCES `m_decsn_hist` (`ID`),
  CONSTRAINT `M_NOTIF_FK_GROUP_ID` FOREIGN KEY (`GROUP_ID`) REFERENCES `m_groups` (`ID`),
  CONSTRAINT `M_NOTIF_FK_PRI_ACCT_ID` FOREIGN KEY (`PRI_ACCT_ID`) REFERENCES `m_acct` (`ID`),
  CONSTRAINT `M_NOTIF_FK_PRI_GRP_ID` FOREIGN KEY (`PRI_GRP_ID`) REFERENCES `m_groups` (`ID`),
  CONSTRAINT `M_NOTIF_FK_TASK_ID` FOREIGN KEY (`TASK_ID`) REFERENCES `m_tasks` (`ID`),
  CONSTRAINT `M_NOTIF_FK_UPD_BY_ID` FOREIGN KEY (`UPD_BY_ID`) REFERENCES `m_user` (`ID`),
  CONSTRAINT `M_NOTIF_FK_USER_ID` FOREIGN KEY (`USER_ID`) REFERENCES `m_user` (`ID`)
) ENGINE=InnoDB AUTO_INCREMENT=20 DEFAULT CHARSET=latin1;
/*!40101 SET character_set_client = @saved_cs_client */;

--
-- Dumping data for table `m_notif`
--

LOCK TABLES `m_notif` WRITE;
/*!40000 ALTER TABLE `m_notif` DISABLE KEYS */;
INSERT INTO `m_notif` VALUES (1,'1381174554079_337_69',0,'2013-10-07 19:35:54','2013-10-07 12:35:54','2013-10-07 12:35:54',NULL,0,0,NULL,1,1,1,'System ClI',1,'System ClI',NULL,0,0,0,0,0,4,31,1,2,1,NULL,NULL,NULL,'New User Added','System CLI added anne AdfPros to XA Secure',1,0,0,NULL,NULL,1,1,1,0,NULL),(2,'1384865595717_310_56',0,'2013-11-19 12:53:15','2013-11-19 18:23:15','2013-11-19 18:23:15',NULL,0,0,NULL,1,1,1,'System ClI',1,'System ClI',NULL,0,0,0,0,0,4,31,1,2,1,NULL,NULL,NULL,'New User Added','System CLI added ibmkt1 ibmkt1 to XA Secure',1,0,0,NULL,NULL,1,1,1,0,NULL),(3,'1384865596157_377_75',0,'2013-11-19 12:53:16','2013-11-19 18:23:16','2013-11-19 18:23:16',NULL,0,0,NULL,1,1,1,'System ClI',1,'System ClI',NULL,0,0,0,0,0,4,31,1,2,1,NULL,NULL,NULL,'New User Added','System CLI added ibmkt2 ibmkt2 to XA Secure',1,0,0,NULL,NULL,1,1,1,0,NULL),(4,'1384865596559_328_94',0,'2013-11-19 12:53:16','2013-11-19 18:23:16','2013-11-19 18:23:16',NULL,0,0,NULL,1,1,1,'System ClI',1,'System ClI',NULL,0,0,0,0,0,4,31,1,2,1,NULL,NULL,NULL,'New User Added','System CLI added ibmkt3 ibmkt3 to XA Secure',1,0,0,NULL,NULL,1,1,1,0,NULL),(5,'1384865596986_219_116',0,'2013-11-19 12:53:16','2013-11-19 18:23:16','2013-11-19 18:23:16',NULL,0,0,NULL,1,1,1,'System ClI',1,'System ClI',NULL,0,0,0,0,0,4,31,1,2,1,NULL,NULL,NULL,'New User Added','System CLI added rfsmkt1 rfsmkt1 to XA Secure',1,0,0,NULL,NULL,1,1,1,0,NULL),(6,'1384865597347_704_135',0,'2013-11-19 12:53:17','2013-11-19 18:23:17','2013-11-19 18:23:17',NULL,0,0,NULL,1,1,1,'System ClI',1,'System ClI',NULL,0,0,0,0,0,4,31,1,2,1,NULL,NULL,NULL,'New User Added','System CLI added rfsmkt2 rfsmkt2 to XA Secure',1,0,0,NULL,NULL,1,1,1,0,NULL),(7,'1384865597719_747_154',0,'2013-11-19 12:53:17','2013-11-19 18:23:17','2013-11-19 18:23:17',NULL,0,0,NULL,1,1,1,'System ClI',1,'System ClI',NULL,0,0,0,0,0,4,31,1,2,1,NULL,NULL,NULL,'New User Added','System CLI added rfsmkt3 rfsmkt3 to XA Secure',1,0,0,NULL,NULL,1,1,1,0,NULL),(8,'1384865598129_815_176',0,'2013-11-19 12:53:18','2013-11-19 18:23:18','2013-11-19 18:23:18',NULL,0,0,NULL,1,1,1,'System ClI',1,'System ClI',NULL,0,0,0,0,0,4,31,1,2,1,NULL,NULL,NULL,'New User Added','System CLI added amexrisk1 amexrisk1 to XA Secure',1,0,0,NULL,NULL,1,1,1,0,NULL),(9,'1384865598475_428_195',0,'2013-11-19 12:53:18','2013-11-19 18:23:18','2013-11-19 18:23:18',NULL,0,0,NULL,1,1,1,'System ClI',1,'System ClI',NULL,0,0,0,0,0,4,31,1,2,1,NULL,NULL,NULL,'New User Added','System CLI added amexrisk2 amexrisk2 to XA Secure',1,0,0,NULL,NULL,1,1,1,0,NULL),(10,'1384865598825_236_214',0,'2013-11-19 12:53:18','2013-11-19 18:23:18','2013-11-19 18:23:18',NULL,0,0,NULL,1,1,1,'System ClI',1,'System ClI',NULL,0,0,0,0,0,4,31,1,2,1,NULL,NULL,NULL,'New User Added','System CLI added amexrisk3 amexrisk3 to XA Secure',1,0,0,NULL,NULL,1,1,1,0,NULL),(11,'1384865599519_215_236',0,'2013-11-19 12:53:19','2013-11-19 18:23:19','2013-11-19 18:23:19',NULL,0,0,NULL,1,1,1,'System ClI',1,'System ClI',NULL,0,0,0,0,0,4,31,1,2,1,NULL,NULL,NULL,'New User Added','System CLI added ibit1 ibit1 to XA Secure',1,0,0,NULL,NULL,1,1,1,0,NULL),(12,'1384865599942_673_255',0,'2013-11-19 12:53:19','2013-11-19 18:23:19','2013-11-19 18:23:19',NULL,0,0,NULL,1,1,1,'System ClI',1,'System ClI',NULL,0,0,0,0,0,4,31,1,2,1,NULL,NULL,NULL,'New User Added','System CLI added ibit2 ibit2 to XA Secure',1,0,0,NULL,NULL,1,1,1,0,NULL),(13,'1384865600787_123_274',0,'2013-11-19 12:53:20','2013-11-19 18:23:20','2013-11-19 18:23:20',NULL,0,0,NULL,1,1,1,'System ClI',1,'System ClI',NULL,0,0,0,0,0,4,31,1,2,1,NULL,NULL,NULL,'New User Added','System CLI added ibit3 ibit3 to XA Secure',1,0,0,NULL,NULL,1,1,1,0,NULL),(14,'1384865601268_604_296',0,'2013-11-19 12:53:21','2013-11-19 18:23:21','2013-11-19 18:23:21',NULL,0,0,NULL,1,1,1,'System ClI',1,'System ClI',NULL,0,0,0,0,0,4,31,1,2,1,NULL,NULL,NULL,'New User Added','System CLI added rfsit1 rfsit1 to XA Secure',1,0,0,NULL,NULL,1,1,1,0,NULL),(15,'1384865601556_825_315',0,'2013-11-19 12:53:21','2013-11-19 18:23:21','2013-11-19 18:23:21',NULL,0,0,NULL,1,1,1,'System ClI',1,'System ClI',NULL,0,0,0,0,0,4,31,1,2,1,NULL,NULL,NULL,'New User Added','System CLI added rfsit2 rfsit2 to XA Secure',1,0,0,NULL,NULL,1,1,1,0,NULL),(16,'1384865601822_398_334',0,'2013-11-19 12:53:21','2013-11-19 18:23:21','2013-11-19 18:23:21',NULL,0,0,NULL,1,1,1,'System ClI',1,'System ClI',NULL,0,0,0,0,0,4,31,1,2,1,NULL,NULL,NULL,'New User Added','System CLI added rfsit3 rfsit3 to XA Secure',1,0,0,NULL,NULL,1,1,1,0,NULL),(17,'1384865602174_20_356',0,'2013-11-19 12:53:22','2013-11-19 18:23:22','2013-11-19 18:23:22',NULL,0,0,NULL,1,1,1,'System ClI',1,'System ClI',NULL,0,0,0,0,0,4,31,1,2,1,NULL,NULL,NULL,'New User Added','System CLI added amexit1 amexit1 to XA Secure',1,0,0,NULL,NULL,1,1,1,0,NULL),(18,'1384865602447_334_375',0,'2013-11-19 12:53:22','2013-11-19 18:23:22','2013-11-19 18:23:22',NULL,0,0,NULL,1,1,1,'System ClI',1,'System ClI',NULL,0,0,0,0,0,4,31,1,2,1,NULL,NULL,NULL,'New User Added','System CLI added amexit2 amexit2 to XA Secure',1,0,0,NULL,NULL,1,1,1,0,NULL),(19,'1384865602741_577_394',0,'2013-11-19 12:53:22','2013-11-19 18:23:22','2013-11-19 18:23:22',NULL,0,0,NULL,1,1,1,'System ClI',1,'System ClI',NULL,0,0,0,0,0,4,31,1,2,1,NULL,NULL,NULL,'New User Added','System CLI added amexit3 amexit3 to XA Secure',1,0,0,NULL,NULL,1,1,1,0,NULL);
/*!40000 ALTER TABLE `m_notif` ENABLE KEYS */;
UNLOCK TABLES;

--
-- Table structure for table `m_notif_h`
--

DROP TABLE IF EXISTS `m_notif_h`;
/*!40101 SET @saved_cs_client     = @@character_set_client */;
/*!40101 SET character_set_client = utf8 */;
CREATE TABLE `m_notif_h` (
  `H_ID` bigint(20) NOT NULL AUTO_INCREMENT,
  `H_FROM_TIME` datetime NOT NULL,
  `H_TO_TIME` datetime DEFAULT NULL,
  `H_STATUS` int(11) NOT NULL DEFAULT '0',
  `H_SESS_ID` bigint(20) DEFAULT NULL,
  `ID` bigint(20) DEFAULT NULL,
  `GLOBAL_ID` varchar(512) DEFAULT NULL,
  `VERSION_NUM` int(11) DEFAULT '0',
  `LU_TIME` datetime DEFAULT NULL,
  `CREATE_TIME` datetime DEFAULT NULL,
  `UPDATE_TIME` datetime DEFAULT NULL,
  `COPY_OF_ID` bigint(20) DEFAULT NULL,
  `COPY_OF_VER` int(11) DEFAULT '0',
  `STATUS` int(11) DEFAULT '0',
  `DSCN_ID` bigint(20) DEFAULT NULL,
  `PRI_GRP_ID` bigint(20) DEFAULT NULL,
  `PRI_ACCT_ID` bigint(20) DEFAULT NULL,
  `ADDED_BY_ID` bigint(20) DEFAULT NULL,
  `ADDED_BY_NAME` varchar(100) DEFAULT NULL,
  `UPD_BY_ID` bigint(20) DEFAULT NULL,
  `UPDATED_BY_NAME` varchar(100) DEFAULT NULL,
  `CHNG_REASON` varchar(4000) DEFAULT NULL,
  `IS_SYS` tinyint(1) DEFAULT '0',
  `UP_COUNT` int(11) DEFAULT '0',
  `DOWN_COUNT` int(11) DEFAULT '0',
  `RATING` int(11) DEFAULT '0',
  `SEL_COUNT` int(11) DEFAULT '0',
  `SHR_PREF` int(11) DEFAULT '0',
  `CLASS_TYPE` int(11) DEFAULT '0',
  `OBJECT_ID` bigint(20) DEFAULT NULL,
  `USER_ID` bigint(20) DEFAULT NULL,
  `ACCT_ID` bigint(20) DEFAULT NULL,
  `GROUP_ID` bigint(20) DEFAULT NULL,
  `DOC_ID` bigint(20) DEFAULT NULL,
  `TASK_ID` bigint(20) DEFAULT NULL,
  `HEADER` varchar(512) DEFAULT NULL,
  `MSG` varchar(4000) DEFAULT NULL,
  `NOTIFY_TYPE` int(11) DEFAULT '0',
  `NOTIFY_STATUS` int(11) DEFAULT '0',
  `IS_INTERNAL` tinyint(1) DEFAULT '0',
  `EXPIRY_TIME` datetime DEFAULT NULL,
  `PURGE_TIME` datetime DEFAULT NULL,
  `PRIORITY` int(11) DEFAULT '0',
  `IS_SPLASH` int(11) DEFAULT '0',
  `SEND_EMAIL` int(11) DEFAULT '0',
  `EMAIL_COUNTER` int(11) DEFAULT '0',
  `EMAIL_SENT_TIME` datetime DEFAULT NULL,
  PRIMARY KEY (`H_ID`),
  KEY `M_NOTIF_H_TOTIME` (`ID`,`H_TO_TIME`)
) ENGINE=InnoDB AUTO_INCREMENT=20 DEFAULT CHARSET=latin1;
/*!40101 SET character_set_client = @saved_cs_client */;

--
-- Dumping data for table `m_notif_h`
--

LOCK TABLES `m_notif_h` WRITE;
/*!40000 ALTER TABLE `m_notif_h` DISABLE KEYS */;
INSERT INTO `m_notif_h` VALUES (1,'2013-10-07 12:35:54',NULL,0,NULL,1,'1381174554079_337_69',0,NULL,'2013-10-07 12:35:54','2013-10-07 12:35:54',NULL,0,0,NULL,1,1,1,'System ClI',1,'System ClI',NULL,0,0,0,0,0,4,31,1,2,1,NULL,NULL,NULL,'New User Added','System CLI added anne AdfPros to XA Secure',1,0,0,NULL,NULL,1,1,1,0,NULL),(2,'2013-11-19 18:23:15',NULL,0,NULL,2,'1384865595717_310_56',0,NULL,'2013-11-19 18:23:15','2013-11-19 18:23:15',NULL,0,0,NULL,1,1,1,'System ClI',1,'System ClI',NULL,0,0,0,0,0,4,31,1,2,1,NULL,NULL,NULL,'New User Added','System CLI added ibmkt1 ibmkt1 to XA Secure',1,0,0,NULL,NULL,1,1,1,0,NULL),(3,'2013-11-19 18:23:16',NULL,0,NULL,3,'1384865596157_377_75',0,NULL,'2013-11-19 18:23:16','2013-11-19 18:23:16',NULL,0,0,NULL,1,1,1,'System ClI',1,'System ClI',NULL,0,0,0,0,0,4,31,1,2,1,NULL,NULL,NULL,'New User Added','System CLI added ibmkt2 ibmkt2 to XA Secure',1,0,0,NULL,NULL,1,1,1,0,NULL),(4,'2013-11-19 18:23:16',NULL,0,NULL,4,'1384865596559_328_94',0,NULL,'2013-11-19 18:23:16','2013-11-19 18:23:16',NULL,0,0,NULL,1,1,1,'System ClI',1,'System ClI',NULL,0,0,0,0,0,4,31,1,2,1,NULL,NULL,NULL,'New User Added','System CLI added ibmkt3 ibmkt3 to XA Secure',1,0,0,NULL,NULL,1,1,1,0,NULL),(5,'2013-11-19 18:23:16',NULL,0,NULL,5,'1384865596986_219_116',0,NULL,'2013-11-19 18:23:16','2013-11-19 18:23:16',NULL,0,0,NULL,1,1,1,'System ClI',1,'System ClI',NULL,0,0,0,0,0,4,31,1,2,1,NULL,NULL,NULL,'New User Added','System CLI added rfsmkt1 rfsmkt1 to XA Secure',1,0,0,NULL,NULL,1,1,1,0,NULL),(6,'2013-11-19 18:23:17',NULL,0,NULL,6,'1384865597347_704_135',0,NULL,'2013-11-19 18:23:17','2013-11-19 18:23:17',NULL,0,0,NULL,1,1,1,'System ClI',1,'System ClI',NULL,0,0,0,0,0,4,31,1,2,1,NULL,NULL,NULL,'New User Added','System CLI added rfsmkt2 rfsmkt2 to XA Secure',1,0,0,NULL,NULL,1,1,1,0,NULL),(7,'2013-11-19 18:23:17',NULL,0,NULL,7,'1384865597719_747_154',0,NULL,'2013-11-19 18:23:17','2013-11-19 18:23:17',NULL,0,0,NULL,1,1,1,'System ClI',1,'System ClI',NULL,0,0,0,0,0,4,31,1,2,1,NULL,NULL,NULL,'New User Added','System CLI added rfsmkt3 rfsmkt3 to XA Secure',1,0,0,NULL,NULL,1,1,1,0,NULL),(8,'2013-11-19 18:23:18',NULL,0,NULL,8,'1384865598129_815_176',0,NULL,'2013-11-19 18:23:18','2013-11-19 18:23:18',NULL,0,0,NULL,1,1,1,'System ClI',1,'System ClI',NULL,0,0,0,0,0,4,31,1,2,1,NULL,NULL,NULL,'New User Added','System CLI added amexrisk1 amexrisk1 to XA Secure',1,0,0,NULL,NULL,1,1,1,0,NULL),(9,'2013-11-19 18:23:18',NULL,0,NULL,9,'1384865598475_428_195',0,NULL,'2013-11-19 18:23:18','2013-11-19 18:23:18',NULL,0,0,NULL,1,1,1,'System ClI',1,'System ClI',NULL,0,0,0,0,0,4,31,1,2,1,NULL,NULL,NULL,'New User Added','System CLI added amexrisk2 amexrisk2 to XA Secure',1,0,0,NULL,NULL,1,1,1,0,NULL),(10,'2013-11-19 18:23:18',NULL,0,NULL,10,'1384865598825_236_214',0,NULL,'2013-11-19 18:23:18','2013-11-19 18:23:18',NULL,0,0,NULL,1,1,1,'System ClI',1,'System ClI',NULL,0,0,0,0,0,4,31,1,2,1,NULL,NULL,NULL,'New User Added','System CLI added amexrisk3 amexrisk3 to XA Secure',1,0,0,NULL,NULL,1,1,1,0,NULL),(11,'2013-11-19 18:23:19',NULL,0,NULL,11,'1384865599519_215_236',0,NULL,'2013-11-19 18:23:19','2013-11-19 18:23:19',NULL,0,0,NULL,1,1,1,'System ClI',1,'System ClI',NULL,0,0,0,0,0,4,31,1,2,1,NULL,NULL,NULL,'New User Added','System CLI added ibit1 ibit1 to XA Secure',1,0,0,NULL,NULL,1,1,1,0,NULL),(12,'2013-11-19 18:23:19',NULL,0,NULL,12,'1384865599942_673_255',0,NULL,'2013-11-19 18:23:19','2013-11-19 18:23:19',NULL,0,0,NULL,1,1,1,'System ClI',1,'System ClI',NULL,0,0,0,0,0,4,31,1,2,1,NULL,NULL,NULL,'New User Added','System CLI added ibit2 ibit2 to XA Secure',1,0,0,NULL,NULL,1,1,1,0,NULL),(13,'2013-11-19 18:23:20',NULL,0,NULL,13,'1384865600787_123_274',0,NULL,'2013-11-19 18:23:20','2013-11-19 18:23:20',NULL,0,0,NULL,1,1,1,'System ClI',1,'System ClI',NULL,0,0,0,0,0,4,31,1,2,1,NULL,NULL,NULL,'New User Added','System CLI added ibit3 ibit3 to XA Secure',1,0,0,NULL,NULL,1,1,1,0,NULL),(14,'2013-11-19 18:23:21',NULL,0,NULL,14,'1384865601268_604_296',0,NULL,'2013-11-19 18:23:21','2013-11-19 18:23:21',NULL,0,0,NULL,1,1,1,'System ClI',1,'System ClI',NULL,0,0,0,0,0,4,31,1,2,1,NULL,NULL,NULL,'New User Added','System CLI added rfsit1 rfsit1 to XA Secure',1,0,0,NULL,NULL,1,1,1,0,NULL),(15,'2013-11-19 18:23:21',NULL,0,NULL,15,'1384865601556_825_315',0,NULL,'2013-11-19 18:23:21','2013-11-19 18:23:21',NULL,0,0,NULL,1,1,1,'System ClI',1,'System ClI',NULL,0,0,0,0,0,4,31,1,2,1,NULL,NULL,NULL,'New User Added','System CLI added rfsit2 rfsit2 to XA Secure',1,0,0,NULL,NULL,1,1,1,0,NULL),(16,'2013-11-19 18:23:21',NULL,0,NULL,16,'1384865601822_398_334',0,NULL,'2013-11-19 18:23:21','2013-11-19 18:23:21',NULL,0,0,NULL,1,1,1,'System ClI',1,'System ClI',NULL,0,0,0,0,0,4,31,1,2,1,NULL,NULL,NULL,'New User Added','System CLI added rfsit3 rfsit3 to XA Secure',1,0,0,NULL,NULL,1,1,1,0,NULL),(17,'2013-11-19 18:23:22',NULL,0,NULL,17,'1384865602174_20_356',0,NULL,'2013-11-19 18:23:22','2013-11-19 18:23:22',NULL,0,0,NULL,1,1,1,'System ClI',1,'System ClI',NULL,0,0,0,0,0,4,31,1,2,1,NULL,NULL,NULL,'New User Added','System CLI added amexit1 amexit1 to XA Secure',1,0,0,NULL,NULL,1,1,1,0,NULL),(18,'2013-11-19 18:23:22',NULL,0,NULL,18,'1384865602447_334_375',0,NULL,'2013-11-19 18:23:22','2013-11-19 18:23:22',NULL,0,0,NULL,1,1,1,'System ClI',1,'System ClI',NULL,0,0,0,0,0,4,31,1,2,1,NULL,NULL,NULL,'New User Added','System CLI added amexit2 amexit2 to XA Secure',1,0,0,NULL,NULL,1,1,1,0,NULL),(19,'2013-11-19 18:23:22',NULL,0,NULL,19,'1384865602741_577_394',0,NULL,'2013-11-19 18:23:22','2013-11-19 18:23:22',NULL,0,0,NULL,1,1,1,'System ClI',1,'System ClI',NULL,0,0,0,0,0,4,31,1,2,1,NULL,NULL,NULL,'New User Added','System CLI added amexit3 amexit3 to XA Secure',1,0,0,NULL,NULL,1,1,1,0,NULL);
/*!40000 ALTER TABLE `m_notif_h` ENABLE KEYS */;
UNLOCK TABLES;

--
-- Table structure for table `m_pwd_reset_req`
--

DROP TABLE IF EXISTS `m_pwd_reset_req`;
/*!40101 SET @saved_cs_client     = @@character_set_client */;
/*!40101 SET character_set_client = utf8 */;
CREATE TABLE `m_pwd_reset_req` (
  `ID` bigint(20) NOT NULL AUTO_INCREMENT,
  `GLOBAL_ID` varchar(512) NOT NULL,
  `VERSION_NUM` int(11) NOT NULL DEFAULT '0',
  `LU_TIME` timestamp NOT NULL DEFAULT CURRENT_TIMESTAMP ON UPDATE CURRENT_TIMESTAMP,
  `CREATE_TIME` datetime NOT NULL,
  `UPDATE_TIME` datetime NOT NULL,
  `REQ_TIME` datetime NOT NULL,
  `EXPIRE_TIME` datetime NOT NULL,
  `STATUS` int(11) NOT NULL DEFAULT '0',
  `USER_ID` bigint(20) NOT NULL,
  `RESET_CODE` varchar(25) DEFAULT NULL,
  `REQ_IP` varchar(48) NOT NULL,
  `REQ_UA` varchar(1024) DEFAULT NULL,
  `REQ_DEVICE_TYPE` int(11) NOT NULL DEFAULT '0',
  `NOTES` varchar(4000) DEFAULT NULL,
  PRIMARY KEY (`ID`),
  UNIQUE KEY `M_PWD_RESET_REQ_UK_GLOBAL_ID` (`GLOBAL_ID`),
  KEY `M_PWD_RESET_REQ_FK_USER_ID` (`USER_ID`),
  KEY `M_PWD_RESET_REQ_cr_time` (`CREATE_TIME`),
  KEY `M_PWD_RESET_REQ_up_time` (`UPDATE_TIME`),
  KEY `M_PWD_RESET_REQ_lu_time` (`LU_TIME`),
  CONSTRAINT `M_PWD_RESET_REQ_FK_USER_ID` FOREIGN KEY (`USER_ID`) REFERENCES `m_user` (`ID`)
) ENGINE=InnoDB AUTO_INCREMENT=20 DEFAULT CHARSET=latin1;
/*!40101 SET character_set_client = @saved_cs_client */;

--
-- Dumping data for table `m_pwd_reset_req`
--

LOCK TABLES `m_pwd_reset_req` WRITE;
/*!40000 ALTER TABLE `m_pwd_reset_req` DISABLE KEYS */;
INSERT INTO `m_pwd_reset_req` VALUES (1,'1381174554049_30_67',0,'2013-10-07 19:35:54','2013-10-07 12:35:54','2013-10-07 12:35:54','2013-10-07 12:35:54','2013-10-21 12:35:54',0,2,'95832855','',NULL,0,NULL),(2,'1384865595666_933_54',0,'2013-11-19 12:53:15','2013-11-19 18:23:15','2013-11-19 18:23:15','2013-11-19 18:23:15','2013-12-03 18:23:15',0,3,'03071080','',NULL,0,NULL),(3,'1384865596136_37_73',0,'2013-11-19 12:53:16','2013-11-19 18:23:16','2013-11-19 18:23:16','2013-11-19 18:23:16','2013-12-03 18:23:16',0,4,'30033627','',NULL,0,NULL),(4,'1384865596538_401_92',0,'2013-11-19 12:53:16','2013-11-19 18:23:16','2013-11-19 18:23:16','2013-11-19 18:23:16','2013-12-03 18:23:16',0,5,'23623047','',NULL,0,NULL),(5,'1384865596969_154_114',0,'2013-11-19 12:53:16','2013-11-19 18:23:16','2013-11-19 18:23:16','2013-11-19 18:23:16','2013-12-03 18:23:16',0,6,'62716263','',NULL,0,NULL),(6,'1384865597325_75_133',0,'2013-11-19 12:53:17','2013-11-19 18:23:17','2013-11-19 18:23:17','2013-11-19 18:23:17','2013-12-03 18:23:17',0,7,'72607993','',NULL,0,NULL),(7,'1384865597693_361_152',0,'2013-11-19 12:53:17','2013-11-19 18:23:17','2013-11-19 18:23:17','2013-11-19 18:23:17','2013-12-03 18:23:17',0,8,'32572466','',NULL,0,NULL),(8,'1384865598106_792_174',0,'2013-11-19 12:53:18','2013-11-19 18:23:18','2013-11-19 18:23:18','2013-11-19 18:23:18','2013-12-03 18:23:18',0,9,'54021497','',NULL,0,NULL),(9,'1384865598457_440_193',0,'2013-11-19 12:53:18','2013-11-19 18:23:18','2013-11-19 18:23:18','2013-11-19 18:23:18','2013-12-03 18:23:18',0,10,'21347700','',NULL,0,NULL),(10,'1384865598803_198_212',0,'2013-11-19 12:53:18','2013-11-19 18:23:18','2013-11-19 18:23:18','2013-11-19 18:23:18','2013-12-03 18:23:18',0,11,'83444127','',NULL,0,NULL),(11,'1384865599504_579_234',0,'2013-11-19 12:53:19','2013-11-19 18:23:19','2013-11-19 18:23:19','2013-11-19 18:23:19','2013-12-03 18:23:19',0,12,'20617462','',NULL,0,NULL),(12,'1384865599918_91_253',0,'2013-11-19 12:53:19','2013-11-19 18:23:19','2013-11-19 18:23:19','2013-11-19 18:23:19','2013-12-03 18:23:19',0,13,'91921263','',NULL,0,NULL),(13,'1384865600768_491_272',0,'2013-11-19 12:53:20','2013-11-19 18:23:20','2013-11-19 18:23:20','2013-11-19 18:23:20','2013-12-03 18:23:20',0,14,'17553279','',NULL,0,NULL),(14,'1384865601253_669_294',0,'2013-11-19 12:53:21','2013-11-19 18:23:21','2013-11-19 18:23:21','2013-11-19 18:23:21','2013-12-03 18:23:21',0,15,'71443071','',NULL,0,NULL),(15,'1384865601543_215_313',0,'2013-11-19 12:53:21','2013-11-19 18:23:21','2013-11-19 18:23:21','2013-11-19 18:23:21','2013-12-03 18:23:21',0,16,'65617844','',NULL,0,NULL),(16,'1384865601806_870_332',0,'2013-11-19 12:53:21','2013-11-19 18:23:21','2013-11-19 18:23:21','2013-11-19 18:23:21','2013-12-03 18:23:21',0,17,'61695537','',NULL,0,NULL),(17,'1384865602159_992_354',0,'2013-11-19 12:53:22','2013-11-19 18:23:22','2013-11-19 18:23:22','2013-11-19 18:23:22','2013-12-03 18:23:22',0,18,'98728914','',NULL,0,NULL),(18,'1384865602432_262_373',0,'2013-11-19 12:53:22','2013-11-19 18:23:22','2013-11-19 18:23:22','2013-11-19 18:23:22','2013-12-03 18:23:22',0,19,'35245460','',NULL,0,NULL),(19,'1384865602722_224_392',0,'2013-11-19 12:53:22','2013-11-19 18:23:22','2013-11-19 18:23:22','2013-11-19 18:23:22','2013-12-03 18:23:22',0,20,'68336655','',NULL,0,NULL);
/*!40000 ALTER TABLE `m_pwd_reset_req` ENABLE KEYS */;
UNLOCK TABLES;

--
-- Table structure for table `m_pwd_reset_req_h`
--

DROP TABLE IF EXISTS `m_pwd_reset_req_h`;
/*!40101 SET @saved_cs_client     = @@character_set_client */;
/*!40101 SET character_set_client = utf8 */;
CREATE TABLE `m_pwd_reset_req_h` (
  `H_ID` bigint(20) NOT NULL AUTO_INCREMENT,
  `H_FROM_TIME` datetime NOT NULL,
  `H_TO_TIME` datetime DEFAULT NULL,
  `H_STATUS` int(11) NOT NULL DEFAULT '0',
  `H_SESS_ID` bigint(20) DEFAULT NULL,
  `ID` bigint(20) DEFAULT NULL,
  `GLOBAL_ID` varchar(512) DEFAULT NULL,
  `VERSION_NUM` int(11) DEFAULT '0',
  `LU_TIME` datetime DEFAULT NULL,
  `CREATE_TIME` datetime DEFAULT NULL,
  `UPDATE_TIME` datetime DEFAULT NULL,
  `REQ_TIME` datetime DEFAULT NULL,
  `EXPIRE_TIME` datetime DEFAULT NULL,
  `STATUS` int(11) DEFAULT '0',
  `USER_ID` bigint(20) DEFAULT NULL,
  `RESET_CODE` varchar(25) DEFAULT NULL,
  `REQ_IP` varchar(48) DEFAULT NULL,
  `REQ_UA` varchar(1024) DEFAULT NULL,
  `REQ_DEVICE_TYPE` int(11) DEFAULT '0',
  `NOTES` varchar(4000) DEFAULT NULL,
  PRIMARY KEY (`H_ID`),
  KEY `M_PWD_RESET_REQ_H_TOTIME` (`ID`,`H_TO_TIME`)
) ENGINE=InnoDB AUTO_INCREMENT=20 DEFAULT CHARSET=latin1;
/*!40101 SET character_set_client = @saved_cs_client */;

--
-- Dumping data for table `m_pwd_reset_req_h`
--

LOCK TABLES `m_pwd_reset_req_h` WRITE;
/*!40000 ALTER TABLE `m_pwd_reset_req_h` DISABLE KEYS */;
INSERT INTO `m_pwd_reset_req_h` VALUES (1,'2013-10-07 12:35:54',NULL,0,NULL,1,'1381174554049_30_67',0,NULL,'2013-10-07 12:35:54','2013-10-07 12:35:54','2013-10-07 12:35:54','2013-10-21 12:35:54',0,2,'95832855','',NULL,0,NULL),(2,'2013-11-19 18:23:15',NULL,0,NULL,2,'1384865595666_933_54',0,NULL,'2013-11-19 18:23:15','2013-11-19 18:23:15','2013-11-19 18:23:15','2013-12-03 18:23:15',0,3,'03071080','',NULL,0,NULL),(3,'2013-11-19 18:23:16',NULL,0,NULL,3,'1384865596136_37_73',0,NULL,'2013-11-19 18:23:16','2013-11-19 18:23:16','2013-11-19 18:23:16','2013-12-03 18:23:16',0,4,'30033627','',NULL,0,NULL),(4,'2013-11-19 18:23:16',NULL,0,NULL,4,'1384865596538_401_92',0,NULL,'2013-11-19 18:23:16','2013-11-19 18:23:16','2013-11-19 18:23:16','2013-12-03 18:23:16',0,5,'23623047','',NULL,0,NULL),(5,'2013-11-19 18:23:16',NULL,0,NULL,5,'1384865596969_154_114',0,NULL,'2013-11-19 18:23:16','2013-11-19 18:23:16','2013-11-19 18:23:16','2013-12-03 18:23:16',0,6,'62716263','',NULL,0,NULL),(6,'2013-11-19 18:23:17',NULL,0,NULL,6,'1384865597325_75_133',0,NULL,'2013-11-19 18:23:17','2013-11-19 18:23:17','2013-11-19 18:23:17','2013-12-03 18:23:17',0,7,'72607993','',NULL,0,NULL),(7,'2013-11-19 18:23:17',NULL,0,NULL,7,'1384865597693_361_152',0,NULL,'2013-11-19 18:23:17','2013-11-19 18:23:17','2013-11-19 18:23:17','2013-12-03 18:23:17',0,8,'32572466','',NULL,0,NULL),(8,'2013-11-19 18:23:18',NULL,0,NULL,8,'1384865598106_792_174',0,NULL,'2013-11-19 18:23:18','2013-11-19 18:23:18','2013-11-19 18:23:18','2013-12-03 18:23:18',0,9,'54021497','',NULL,0,NULL),(9,'2013-11-19 18:23:18',NULL,0,NULL,9,'1384865598457_440_193',0,NULL,'2013-11-19 18:23:18','2013-11-19 18:23:18','2013-11-19 18:23:18','2013-12-03 18:23:18',0,10,'21347700','',NULL,0,NULL),(10,'2013-11-19 18:23:18',NULL,0,NULL,10,'1384865598803_198_212',0,NULL,'2013-11-19 18:23:18','2013-11-19 18:23:18','2013-11-19 18:23:18','2013-12-03 18:23:18',0,11,'83444127','',NULL,0,NULL),(11,'2013-11-19 18:23:19',NULL,0,NULL,11,'1384865599504_579_234',0,NULL,'2013-11-19 18:23:19','2013-11-19 18:23:19','2013-11-19 18:23:19','2013-12-03 18:23:19',0,12,'20617462','',NULL,0,NULL),(12,'2013-11-19 18:23:19',NULL,0,NULL,12,'1384865599918_91_253',0,NULL,'2013-11-19 18:23:19','2013-11-19 18:23:19','2013-11-19 18:23:19','2013-12-03 18:23:19',0,13,'91921263','',NULL,0,NULL),(13,'2013-11-19 18:23:20',NULL,0,NULL,13,'1384865600768_491_272',0,NULL,'2013-11-19 18:23:20','2013-11-19 18:23:20','2013-11-19 18:23:20','2013-12-03 18:23:20',0,14,'17553279','',NULL,0,NULL),(14,'2013-11-19 18:23:21',NULL,0,NULL,14,'1384865601253_669_294',0,NULL,'2013-11-19 18:23:21','2013-11-19 18:23:21','2013-11-19 18:23:21','2013-12-03 18:23:21',0,15,'71443071','',NULL,0,NULL),(15,'2013-11-19 18:23:21',NULL,0,NULL,15,'1384865601543_215_313',0,NULL,'2013-11-19 18:23:21','2013-11-19 18:23:21','2013-11-19 18:23:21','2013-12-03 18:23:21',0,16,'65617844','',NULL,0,NULL),(16,'2013-11-19 18:23:21',NULL,0,NULL,16,'1384865601806_870_332',0,NULL,'2013-11-19 18:23:21','2013-11-19 18:23:21','2013-11-19 18:23:21','2013-12-03 18:23:21',0,17,'61695537','',NULL,0,NULL),(17,'2013-11-19 18:23:22',NULL,0,NULL,17,'1384865602159_992_354',0,NULL,'2013-11-19 18:23:22','2013-11-19 18:23:22','2013-11-19 18:23:22','2013-12-03 18:23:22',0,18,'98728914','',NULL,0,NULL),(18,'2013-11-19 18:23:22',NULL,0,NULL,18,'1384865602432_262_373',0,NULL,'2013-11-19 18:23:22','2013-11-19 18:23:22','2013-11-19 18:23:22','2013-12-03 18:23:22',0,19,'35245460','',NULL,0,NULL),(19,'2013-11-19 18:23:22',NULL,0,NULL,19,'1384865602722_224_392',0,NULL,'2013-11-19 18:23:22','2013-11-19 18:23:22','2013-11-19 18:23:22','2013-12-03 18:23:22',0,20,'68336655','',NULL,0,NULL);
/*!40000 ALTER TABLE `m_pwd_reset_req_h` ENABLE KEYS */;
UNLOCK TABLES;

--
-- Table structure for table `m_rp_sess`
--

DROP TABLE IF EXISTS `m_rp_sess`;
/*!40101 SET @saved_cs_client     = @@character_set_client */;
/*!40101 SET character_set_client = utf8 */;
CREATE TABLE `m_rp_sess` (
  `ID` bigint(20) NOT NULL AUTO_INCREMENT,
  `GLOBAL_ID` varchar(512) NOT NULL,
  `VERSION_NUM` int(11) NOT NULL DEFAULT '0',
  `LU_TIME` timestamp NOT NULL DEFAULT CURRENT_TIMESTAMP ON UPDATE CURRENT_TIMESTAMP,
  `CREATE_TIME` datetime NOT NULL,
  `UPDATE_TIME` datetime NOT NULL,
  `USER_ID` bigint(20) NOT NULL,
  `RP_USER_ID` bigint(20) NOT NULL,
  `EMAIL` varchar(767) NOT NULL,
  `USER_SRC` int(11) NOT NULL DEFAULT '0',
  `AUTH_TIME` datetime NOT NULL,
  `FIRST_NAME` varchar(256) DEFAULT NULL,
  `LAST_NAME` varchar(256) DEFAULT NULL,
  `AGE` int(11) NOT NULL DEFAULT '0',
  `GENDER` int(11) NOT NULL DEFAULT '0',
  `ACCESS_TOKEN` varchar(4000) DEFAULT NULL,
  `USER_TOKEN` varchar(4000) DEFAULT NULL,
  `EXPIRY_TIME` datetime DEFAULT NULL,
  PRIMARY KEY (`ID`),
  UNIQUE KEY `M_RP_SESS_UK_GLOBAL_ID` (`GLOBAL_ID`),
  KEY `M_RP_SESS_FK_USER_ID` (`USER_ID`),
  KEY `M_RP_SESS_FK_RP_USER_ID` (`RP_USER_ID`),
  KEY `M_RP_SESS_cr_time` (`CREATE_TIME`),
  KEY `M_RP_SESS_up_time` (`UPDATE_TIME`),
  KEY `M_RP_SESS_lu_time` (`LU_TIME`),
  CONSTRAINT `M_RP_SESS_FK_RP_USER_ID` FOREIGN KEY (`RP_USER_ID`) REFERENCES `m_rp_users` (`ID`),
  CONSTRAINT `M_RP_SESS_FK_USER_ID` FOREIGN KEY (`USER_ID`) REFERENCES `m_user` (`ID`)
) ENGINE=InnoDB DEFAULT CHARSET=latin1;
/*!40101 SET character_set_client = @saved_cs_client */;

--
-- Dumping data for table `m_rp_sess`
--

LOCK TABLES `m_rp_sess` WRITE;
/*!40000 ALTER TABLE `m_rp_sess` DISABLE KEYS */;
/*!40000 ALTER TABLE `m_rp_sess` ENABLE KEYS */;
UNLOCK TABLES;

--
-- Table structure for table `m_rp_users`
--

DROP TABLE IF EXISTS `m_rp_users`;
/*!40101 SET @saved_cs_client     = @@character_set_client */;
/*!40101 SET character_set_client = utf8 */;
CREATE TABLE `m_rp_users` (
  `ID` bigint(20) NOT NULL AUTO_INCREMENT,
  `GLOBAL_ID` varchar(512) NOT NULL,
  `VERSION_NUM` int(11) NOT NULL DEFAULT '0',
  `LU_TIME` timestamp NOT NULL DEFAULT CURRENT_TIMESTAMP ON UPDATE CURRENT_TIMESTAMP,
  `CREATE_TIME` datetime NOT NULL,
  `UPDATE_TIME` datetime NOT NULL,
  `USER_ID` bigint(20) NOT NULL,
  `EMAIL` varchar(767) NOT NULL,
  `FIRST_NAME` varchar(256) DEFAULT NULL,
  `LAST_NAME` varchar(256) DEFAULT NULL,
  `GENDER` int(11) NOT NULL DEFAULT '0',
  `USER_TOKEN` varchar(4000) DEFAULT NULL,
  `USER_SRC` int(11) NOT NULL DEFAULT '0',
  `ACCESS_TOKEN` varchar(4000) DEFAULT NULL,
  PRIMARY KEY (`ID`),
  UNIQUE KEY `M_RP_USERS_UK_GLOBAL_ID` (`GLOBAL_ID`),
  KEY `M_RP_USERS_FK_USER_ID` (`USER_ID`),
  KEY `M_RP_USERS_cr_time` (`CREATE_TIME`),
  KEY `M_RP_USERS_up_time` (`UPDATE_TIME`),
  KEY `M_RP_USERS_lu_time` (`LU_TIME`),
  KEY `M_RP_USERS_email` (`EMAIL`),
  CONSTRAINT `M_RP_USERS_FK_USER_ID` FOREIGN KEY (`USER_ID`) REFERENCES `m_user` (`ID`)
) ENGINE=InnoDB DEFAULT CHARSET=latin1;
/*!40101 SET character_set_client = @saved_cs_client */;

--
-- Dumping data for table `m_rp_users`
--

LOCK TABLES `m_rp_users` WRITE;
/*!40000 ALTER TABLE `m_rp_users` DISABLE KEYS */;
/*!40000 ALTER TABLE `m_rp_users` ENABLE KEYS */;
UNLOCK TABLES;

--
-- Table structure for table `m_share_pref`
--

DROP TABLE IF EXISTS `m_share_pref`;
/*!40101 SET @saved_cs_client     = @@character_set_client */;
/*!40101 SET character_set_client = utf8 */;
CREATE TABLE `m_share_pref` (
  `ID` bigint(20) NOT NULL AUTO_INCREMENT,
  `GLOBAL_ID` varchar(512) NOT NULL,
  `VERSION_NUM` int(11) NOT NULL DEFAULT '0',
  `LU_TIME` timestamp NOT NULL DEFAULT CURRENT_TIMESTAMP ON UPDATE CURRENT_TIMESTAMP,
  `CREATE_TIME` datetime NOT NULL,
  `UPDATE_TIME` datetime NOT NULL,
  `CLASS_TYPE` int(11) NOT NULL DEFAULT '0',
  `OBJECT_ID` bigint(20) DEFAULT NULL,
  PRIMARY KEY (`ID`),
  UNIQUE KEY `M_SHARE_PREF_UK_GLOBAL_ID` (`GLOBAL_ID`),
  KEY `M_SHARE_PREF_cr_time` (`CREATE_TIME`),
  KEY `M_SHARE_PREF_up_time` (`UPDATE_TIME`),
  KEY `M_SHARE_PREF_lu_time` (`LU_TIME`)
) ENGINE=InnoDB DEFAULT CHARSET=latin1;
/*!40101 SET character_set_client = @saved_cs_client */;

--
-- Dumping data for table `m_share_pref`
--

LOCK TABLES `m_share_pref` WRITE;
/*!40000 ALTER TABLE `m_share_pref` DISABLE KEYS */;
/*!40000 ALTER TABLE `m_share_pref` ENABLE KEYS */;
UNLOCK TABLES;

--
-- Table structure for table `m_share_pref_h`
--

DROP TABLE IF EXISTS `m_share_pref_h`;
/*!40101 SET @saved_cs_client     = @@character_set_client */;
/*!40101 SET character_set_client = utf8 */;
CREATE TABLE `m_share_pref_h` (
  `H_ID` bigint(20) NOT NULL AUTO_INCREMENT,
  `H_FROM_TIME` datetime NOT NULL,
  `H_TO_TIME` datetime DEFAULT NULL,
  `H_STATUS` int(11) NOT NULL DEFAULT '0',
  `H_SESS_ID` bigint(20) DEFAULT NULL,
  `ID` bigint(20) DEFAULT NULL,
  `GLOBAL_ID` varchar(512) DEFAULT NULL,
  `VERSION_NUM` int(11) DEFAULT '0',
  `LU_TIME` datetime DEFAULT NULL,
  `CREATE_TIME` datetime DEFAULT NULL,
  `UPDATE_TIME` datetime DEFAULT NULL,
  `CLASS_TYPE` int(11) DEFAULT '0',
  `OBJECT_ID` bigint(20) DEFAULT NULL,
  PRIMARY KEY (`H_ID`),
  KEY `M_SHARE_PREF_H_TOTIME` (`ID`,`H_TO_TIME`)
) ENGINE=InnoDB DEFAULT CHARSET=latin1;
/*!40101 SET character_set_client = @saved_cs_client */;

--
-- Dumping data for table `m_share_pref_h`
--

LOCK TABLES `m_share_pref_h` WRITE;
/*!40000 ALTER TABLE `m_share_pref_h` DISABLE KEYS */;
/*!40000 ALTER TABLE `m_share_pref_h` ENABLE KEYS */;
UNLOCK TABLES;

--
-- Table structure for table `m_state`
--

DROP TABLE IF EXISTS `m_state`;
/*!40101 SET @saved_cs_client     = @@character_set_client */;
/*!40101 SET character_set_client = utf8 */;
CREATE TABLE `m_state` (
  `ID` bigint(20) NOT NULL AUTO_INCREMENT,
  `GLOBAL_ID` varchar(512) NOT NULL,
  `VERSION_NUM` int(11) NOT NULL DEFAULT '0',
  `LU_TIME` timestamp NOT NULL DEFAULT CURRENT_TIMESTAMP ON UPDATE CURRENT_TIMESTAMP,
  `CREATE_TIME` datetime NOT NULL,
  `UPDATE_TIME` datetime NOT NULL,
  `COUNTRY_ID` bigint(20) NOT NULL,
  `STATE` varchar(512) NOT NULL,
  `STATE_CODE` varchar(32) DEFAULT NULL,
  `STATE_FIPS` varchar(32) DEFAULT NULL,
  `NOTES` varchar(4000) DEFAULT NULL,
  PRIMARY KEY (`ID`),
  UNIQUE KEY `M_STATE_UK_GLOBAL_ID` (`GLOBAL_ID`),
  UNIQUE KEY `M_STATE_state_uk` (`COUNTRY_ID`,`STATE`),
  KEY `M_STATE_cr_time` (`CREATE_TIME`),
  KEY `M_STATE_up_time` (`UPDATE_TIME`),
  KEY `M_STATE_lu_time` (`LU_TIME`),
  KEY `M_STATE_name` (`STATE`),
  KEY `M_STATE_fips` (`STATE_FIPS`),
  KEY `M_STATE_code` (`STATE_CODE`),
  CONSTRAINT `M_STATE_FK_COUNTRY_ID` FOREIGN KEY (`COUNTRY_ID`) REFERENCES `m_country` (`ID`)
) ENGINE=InnoDB DEFAULT CHARSET=latin1;
/*!40101 SET character_set_client = @saved_cs_client */;

--
-- Dumping data for table `m_state`
--

LOCK TABLES `m_state` WRITE;
/*!40000 ALTER TABLE `m_state` DISABLE KEYS */;
/*!40000 ALTER TABLE `m_state` ENABLE KEYS */;
UNLOCK TABLES;

--
-- Table structure for table `m_tasks`
--

DROP TABLE IF EXISTS `m_tasks`;
/*!40101 SET @saved_cs_client     = @@character_set_client */;
/*!40101 SET character_set_client = utf8 */;
CREATE TABLE `m_tasks` (
  `ID` bigint(20) NOT NULL AUTO_INCREMENT,
  `GLOBAL_ID` varchar(512) NOT NULL,
  `VERSION_NUM` int(11) NOT NULL DEFAULT '0',
  `LU_TIME` timestamp NOT NULL DEFAULT CURRENT_TIMESTAMP ON UPDATE CURRENT_TIMESTAMP,
  `CREATE_TIME` datetime NOT NULL,
  `UPDATE_TIME` datetime NOT NULL,
  `COPY_OF_ID` bigint(20) DEFAULT NULL,
  `COPY_OF_VER` int(11) DEFAULT '0',
  `STATUS` int(11) NOT NULL DEFAULT '0',
  `DSCN_ID` bigint(20) DEFAULT NULL,
  `PRI_GRP_ID` bigint(20) DEFAULT NULL,
  `PRI_ACCT_ID` bigint(20) DEFAULT NULL,
  `ADDED_BY_ID` bigint(20) DEFAULT NULL,
  `ADDED_BY_NAME` varchar(100) DEFAULT NULL,
  `UPD_BY_ID` bigint(20) DEFAULT NULL,
  `UPDATED_BY_NAME` varchar(100) DEFAULT NULL,
  `CHNG_REASON` varchar(4000) DEFAULT NULL,
  `IS_SYS` tinyint(1) NOT NULL DEFAULT '0',
  `UP_COUNT` int(11) NOT NULL DEFAULT '0',
  `DOWN_COUNT` int(11) NOT NULL DEFAULT '0',
  `RATING` int(11) NOT NULL DEFAULT '0',
  `SEL_COUNT` int(11) NOT NULL DEFAULT '0',
  `SHR_PREF` int(11) NOT NULL DEFAULT '0',
  `CLASS_TYPE` int(11) NOT NULL DEFAULT '0',
  `OBJECT_ID` bigint(20) DEFAULT NULL,
  `USER_ID` bigint(20) DEFAULT NULL,
  `ACCT_ID` bigint(20) DEFAULT NULL,
  `GROUP_ID` bigint(20) DEFAULT NULL,
  `DOC_ID` bigint(20) DEFAULT NULL,
  `TASK_ID` bigint(20) DEFAULT NULL,
  `TASK_NAME` varchar(512) NOT NULL,
  `TASK_DESC` varchar(4000) DEFAULT NULL,
  `ASGN_GROUP` varchar(512) DEFAULT NULL,
  `ASSIGNED_TO` bigint(20) DEFAULT NULL,
  `DEP_TASK_ID` bigint(20) DEFAULT NULL,
  `REF_TASK_ID` bigint(20) DEFAULT NULL,
  `TASK_START_DATE` datetime DEFAULT NULL,
  `TASK_DUE_DATE` datetime DEFAULT NULL,
  `TASK_RMDR_DATE` datetime DEFAULT NULL,
  `TASK_TYPE` int(11) NOT NULL DEFAULT '0',
  `TASK_STATUS` int(11) NOT NULL DEFAULT '0',
  `PRIORITY` int(11) NOT NULL DEFAULT '0',
  `NOTES` varchar(4000) DEFAULT NULL,
  PRIMARY KEY (`ID`),
  UNIQUE KEY `M_TASKS_UK_GLOBAL_ID` (`GLOBAL_ID`),
  KEY `M_TASKS_FK_DSCN_ID` (`DSCN_ID`),
  KEY `M_TASKS_FK_PRI_GRP_ID` (`PRI_GRP_ID`),
  KEY `M_TASKS_FK_PRI_ACCT_ID` (`PRI_ACCT_ID`),
  KEY `M_TASKS_FK_UPD_BY_ID` (`UPD_BY_ID`),
  KEY `M_TASKS_FK_USER_ID` (`USER_ID`),
  KEY `M_TASKS_FK_ACCT_ID` (`ACCT_ID`),
  KEY `M_TASKS_FK_GROUP_ID` (`GROUP_ID`),
  KEY `M_TASKS_FK_DOC_ID` (`DOC_ID`),
  KEY `M_TASKS_FK_TASK_ID` (`TASK_ID`),
  KEY `M_TASKS_FK_ASSIGNED_TO` (`ASSIGNED_TO`),
  KEY `M_TASKS_FK_DEP_TASK_ID` (`DEP_TASK_ID`),
  KEY `M_TASKS_FK_REF_TASK_ID` (`REF_TASK_ID`),
  KEY `M_TASKS_cr_time` (`CREATE_TIME`),
  KEY `M_TASKS_up_time` (`UPDATE_TIME`),
  KEY `M_TASKS_lu_time` (`LU_TIME`),
  KEY `M_TASKS_own_clone` (`ADDED_BY_ID`,`COPY_OF_ID`),
  KEY `M_TASKS_ref_id` (`CLASS_TYPE`,`OBJECT_ID`),
  CONSTRAINT `M_TASKS_FK_ACCT_ID` FOREIGN KEY (`ACCT_ID`) REFERENCES `m_acct` (`ID`),
  CONSTRAINT `M_TASKS_FK_ADDED_BY_ID` FOREIGN KEY (`ADDED_BY_ID`) REFERENCES `m_user` (`ID`),
  CONSTRAINT `M_TASKS_FK_ASSIGNED_TO` FOREIGN KEY (`ASSIGNED_TO`) REFERENCES `m_user` (`ID`),
  CONSTRAINT `M_TASKS_FK_DEP_TASK_ID` FOREIGN KEY (`DEP_TASK_ID`) REFERENCES `m_tasks` (`ID`),
  CONSTRAINT `M_TASKS_FK_DOC_ID` FOREIGN KEY (`DOC_ID`) REFERENCES `m_docs` (`ID`),
  CONSTRAINT `M_TASKS_FK_DSCN_ID` FOREIGN KEY (`DSCN_ID`) REFERENCES `m_decsn_hist` (`ID`),
  CONSTRAINT `M_TASKS_FK_GROUP_ID` FOREIGN KEY (`GROUP_ID`) REFERENCES `m_groups` (`ID`),
  CONSTRAINT `M_TASKS_FK_PRI_ACCT_ID` FOREIGN KEY (`PRI_ACCT_ID`) REFERENCES `m_acct` (`ID`),
  CONSTRAINT `M_TASKS_FK_PRI_GRP_ID` FOREIGN KEY (`PRI_GRP_ID`) REFERENCES `m_groups` (`ID`),
  CONSTRAINT `M_TASKS_FK_REF_TASK_ID` FOREIGN KEY (`REF_TASK_ID`) REFERENCES `m_tasks` (`ID`),
  CONSTRAINT `M_TASKS_FK_TASK_ID` FOREIGN KEY (`TASK_ID`) REFERENCES `m_tasks` (`ID`),
  CONSTRAINT `M_TASKS_FK_UPD_BY_ID` FOREIGN KEY (`UPD_BY_ID`) REFERENCES `m_user` (`ID`),
  CONSTRAINT `M_TASKS_FK_USER_ID` FOREIGN KEY (`USER_ID`) REFERENCES `m_user` (`ID`)
) ENGINE=InnoDB DEFAULT CHARSET=latin1;
/*!40101 SET character_set_client = @saved_cs_client */;

--
-- Dumping data for table `m_tasks`
--

LOCK TABLES `m_tasks` WRITE;
/*!40000 ALTER TABLE `m_tasks` DISABLE KEYS */;
/*!40000 ALTER TABLE `m_tasks` ENABLE KEYS */;
UNLOCK TABLES;

--
-- Table structure for table `m_tasks_h`
--

DROP TABLE IF EXISTS `m_tasks_h`;
/*!40101 SET @saved_cs_client     = @@character_set_client */;
/*!40101 SET character_set_client = utf8 */;
CREATE TABLE `m_tasks_h` (
  `H_ID` bigint(20) NOT NULL AUTO_INCREMENT,
  `H_FROM_TIME` datetime NOT NULL,
  `H_TO_TIME` datetime DEFAULT NULL,
  `H_STATUS` int(11) NOT NULL DEFAULT '0',
  `H_SESS_ID` bigint(20) DEFAULT NULL,
  `ID` bigint(20) DEFAULT NULL,
  `GLOBAL_ID` varchar(512) DEFAULT NULL,
  `VERSION_NUM` int(11) DEFAULT '0',
  `LU_TIME` datetime DEFAULT NULL,
  `CREATE_TIME` datetime DEFAULT NULL,
  `UPDATE_TIME` datetime DEFAULT NULL,
  `COPY_OF_ID` bigint(20) DEFAULT NULL,
  `COPY_OF_VER` int(11) DEFAULT '0',
  `STATUS` int(11) DEFAULT '0',
  `DSCN_ID` bigint(20) DEFAULT NULL,
  `PRI_GRP_ID` bigint(20) DEFAULT NULL,
  `PRI_ACCT_ID` bigint(20) DEFAULT NULL,
  `ADDED_BY_ID` bigint(20) DEFAULT NULL,
  `ADDED_BY_NAME` varchar(100) DEFAULT NULL,
  `UPD_BY_ID` bigint(20) DEFAULT NULL,
  `UPDATED_BY_NAME` varchar(100) DEFAULT NULL,
  `CHNG_REASON` varchar(4000) DEFAULT NULL,
  `IS_SYS` tinyint(1) DEFAULT '0',
  `UP_COUNT` int(11) DEFAULT '0',
  `DOWN_COUNT` int(11) DEFAULT '0',
  `RATING` int(11) DEFAULT '0',
  `SEL_COUNT` int(11) DEFAULT '0',
  `SHR_PREF` int(11) DEFAULT '0',
  `CLASS_TYPE` int(11) DEFAULT '0',
  `OBJECT_ID` bigint(20) DEFAULT NULL,
  `USER_ID` bigint(20) DEFAULT NULL,
  `ACCT_ID` bigint(20) DEFAULT NULL,
  `GROUP_ID` bigint(20) DEFAULT NULL,
  `DOC_ID` bigint(20) DEFAULT NULL,
  `TASK_ID` bigint(20) DEFAULT NULL,
  `TASK_NAME` varchar(512) DEFAULT NULL,
  `TASK_DESC` varchar(4000) DEFAULT NULL,
  `ASGN_GROUP` varchar(512) DEFAULT NULL,
  `ASSIGNED_TO` bigint(20) DEFAULT NULL,
  `DEP_TASK_ID` bigint(20) DEFAULT NULL,
  `REF_TASK_ID` bigint(20) DEFAULT NULL,
  `TASK_START_DATE` datetime DEFAULT NULL,
  `TASK_DUE_DATE` datetime DEFAULT NULL,
  `TASK_RMDR_DATE` datetime DEFAULT NULL,
  `TASK_TYPE` int(11) DEFAULT '0',
  `TASK_STATUS` int(11) DEFAULT '0',
  `PRIORITY` int(11) DEFAULT '0',
  `NOTES` varchar(4000) DEFAULT NULL,
  PRIMARY KEY (`H_ID`),
  KEY `M_TASKS_H_TOTIME` (`ID`,`H_TO_TIME`)
) ENGINE=InnoDB DEFAULT CHARSET=latin1;
/*!40101 SET character_set_client = @saved_cs_client */;

--
-- Dumping data for table `m_tasks_h`
--

LOCK TABLES `m_tasks_h` WRITE;
/*!40000 ALTER TABLE `m_tasks_h` DISABLE KEYS */;
/*!40000 ALTER TABLE `m_tasks_h` ENABLE KEYS */;
UNLOCK TABLES;

--
-- Table structure for table `m_user`
--

DROP TABLE IF EXISTS `m_user`;
/*!40101 SET @saved_cs_client     = @@character_set_client */;
/*!40101 SET character_set_client = utf8 */;
CREATE TABLE `m_user` (
  `ID` bigint(20) NOT NULL AUTO_INCREMENT,
  `GLOBAL_ID` varchar(512) NOT NULL,
  `VERSION_NUM` int(11) NOT NULL DEFAULT '0',
  `LU_TIME` timestamp NOT NULL DEFAULT CURRENT_TIMESTAMP ON UPDATE CURRENT_TIMESTAMP,
  `CREATE_TIME` datetime NOT NULL,
  `UPDATE_TIME` datetime NOT NULL,
  `FIRST_NAME` varchar(1022) DEFAULT NULL,
  `LAST_NAME` varchar(1022) DEFAULT NULL,
  `PUB_SCR_NAME` varchar(2048) DEFAULT NULL,
  `LOGIN_ID` varchar(767) DEFAULT NULL,
  `PASSWORD` varchar(512) NOT NULL,
  `EMAIL` varchar(512) DEFAULT NULL,
  `MOBILE` varchar(124) DEFAULT NULL,
  `PROFILE_MEDIA_ID` bigint(20) DEFAULT NULL,
  `STATUS` int(11) NOT NULL DEFAULT '0',
  `GENDER` int(11) NOT NULL DEFAULT '0',
  `USER_SRC` int(11) NOT NULL DEFAULT '0',
  `IS_REG` tinyint(1) NOT NULL DEFAULT '0',
  `REG_DATE` datetime DEFAULT NULL,
  `IS_EMAIL_VERIFIED` tinyint(1) NOT NULL DEFAULT '0',
  `IS_INTERNAL` tinyint(1) NOT NULL DEFAULT '0',
  `IS_TEST_USER` tinyint(1) NOT NULL DEFAULT '0',
  `NOTES` varchar(4000) DEFAULT NULL,
  PRIMARY KEY (`ID`),
  UNIQUE KEY `M_USER_UK_GLOBAL_ID` (`GLOBAL_ID`),
  UNIQUE KEY `M_USER_UK_LOGIN_ID` (`LOGIN_ID`),
  UNIQUE KEY `M_USER_UK_EMAIL` (`EMAIL`),
  KEY `M_USER_FK_PROFILE_MEDIA_ID` (`PROFILE_MEDIA_ID`),
  KEY `M_USER_cr_time` (`CREATE_TIME`),
  KEY `M_USER_up_time` (`UPDATE_TIME`),
  KEY `M_USER_lu_time` (`LU_TIME`),
  KEY `M_USER_name` (`FIRST_NAME`(767)),
  KEY `M_USER_email` (`EMAIL`),
  CONSTRAINT `M_USER_FK_PROFILE_MEDIA_ID` FOREIGN KEY (`PROFILE_MEDIA_ID`) REFERENCES `m_multi_media` (`ID`)
) ENGINE=InnoDB AUTO_INCREMENT=21 DEFAULT CHARSET=latin1;
/*!40101 SET character_set_client = @saved_cs_client */;

--
-- Dumping data for table `m_user`
--

LOCK TABLES `m_user` WRITE;
/*!40000 ALTER TABLE `m_user` DISABLE KEYS */;
INSERT INTO `m_user` VALUES (1,'bdc67392-2f7a-11e3-a1d9-b70b1135d695',1,'2013-10-07 18:03:16','2013-10-07 11:03:16','2013-10-07 11:03:16','Admin','','Admin','admin','ceb4f32325eda6142bd65215f4c0f371','','',NULL,1,0,0,0,NULL,0,0,0,NULL),(2,'1381174553862_921_59',0,'2013-12-31 08:47:52','2013-10-07 12:35:53','2013-10-07 12:35:53','Anne','Adfpros','Anne Adfpros','anne','e76d8870b3e794ef81ef435a9a62f67b','anne@adfpros.com',NULL,NULL,1,0,0,0,NULL,0,0,0,NULL),(3,'1384865595396_369_46',0,'2013-12-31 08:48:04','2013-11-19 18:23:15','2013-11-19 18:23:15','Ibmkt1','Ibmkt1','Ibmkt1 Ibmkt1','ibmkt1','6d126bd1a9a5878ca016ba473da7b660','ibmkt1@adfpros.com',NULL,NULL,1,0,0,0,NULL,0,0,0,NULL),(4,'1384865596006_59_65',0,'2013-12-31 08:48:17','2013-11-19 18:23:16','2013-11-19 18:23:16','Ibmkt2','Ibmkt2','Ibmkt2 Ibmkt2','ibmkt2','29fabab0a9e49620d421d32621b0a06e','ibmkt2@adfpros.com',NULL,NULL,1,0,0,0,NULL,0,0,0,NULL),(5,'1384865596382_48_84',0,'2013-12-31 08:48:24','2013-11-19 18:23:16','2013-11-19 18:23:16','Ibmkt3','Ibmkt3','Ibmkt3 Ibmkt3','ibmkt3','b6d2e64648c5d529ea14bdbfe759990d','ibmkt3@adfpros.com',NULL,NULL,1,0,0,0,NULL,0,0,0,NULL),(6,'1384865596848_585_106',0,'2013-12-31 08:48:36','2013-11-19 18:23:16','2013-11-19 18:23:16','Rfsmkt1','Rfsmkt1','Rfsmkt1 Rfsmkt1','rfsmkt1','265a96329a971c2e0dc38a267a7165f5','rfsmkt1@adfpros.com',NULL,NULL,1,0,0,0,NULL,0,0,0,NULL),(7,'1384865597214_876_125',0,'2013-12-31 08:48:44','2013-11-19 18:23:17','2013-11-19 18:23:17','Rfsmkt2','Rfsmkt2','Rfsmkt2 Rfsmkt2','rfsmkt2','40eb68e3c516b2173e5462a2c77cf77b','rfsmkt2@adfpros.com',NULL,NULL,1,0,0,0,NULL,0,0,0,NULL),(8,'1384865597556_808_144',0,'2013-12-31 08:48:52','2013-11-19 18:23:17','2013-11-19 18:23:17','Rfsmkt3','Rfsmkt3','Rfsmkt3 Rfsmkt3','rfsmkt3','eaba77fa86d917e6616f889727f53d5c','rfsmkt3@adfpros.com',NULL,NULL,1,0,0,0,NULL,0,0,0,NULL),(9,'1384865597970_931_166',0,'2013-12-31 08:49:03','2013-11-19 18:23:17','2013-11-19 18:23:17','Amexrisk1','Amexrisk1','Amexrisk1 Amexrisk1','amexrisk1','b48b2d04db6b08b9a3a914c937bfad59','amexrisk1@adfpros.com',NULL,NULL,1,0,0,0,NULL,0,0,0,NULL),(10,'1384865598317_70_185',0,'2013-12-31 08:49:10','2013-11-19 18:23:18','2013-11-19 18:23:18','Amexrisk2','Amexrisk2','Amexrisk2 Amexrisk2','amexrisk2','47e1123e2bebf3f9e76f57834a8fb231','amexrisk2@adfpros.com',NULL,NULL,1,0,0,0,NULL,0,0,0,NULL),(11,'1384865598685_21_204',0,'2013-12-31 08:49:18','2013-11-19 18:23:18','2013-11-19 18:23:18','Amexrisk3','Amexrisk3','Amexrisk3 Amexrisk3','amexrisk3','97d64b44c6eec5f88cb152ab1cfb896e','amexrisk3@adfpros.com',NULL,NULL,1,0,0,0,NULL,0,0,0,NULL),(12,'1384865599402_215_226',0,'2013-12-31 08:49:27','2013-11-19 18:23:19','2013-11-19 18:23:19','Ibit1','Ibit1','Ibit1 Ibit1','ibit1','3d6e6e2aa39db9789f8e48962533d6d2','ibit1@adfpros.com',NULL,NULL,1,0,0,0,NULL,0,0,0,NULL),(13,'1384865599836_543_245',0,'2013-12-31 08:49:33','2013-11-19 18:23:19','2013-11-19 18:23:19','Ibit2','Ibit2','Ibit2 Ibit2','ibit2','70e62697540ebb47c0cc774dec7dffff','ibit2@adfpros.com',NULL,NULL,1,0,0,0,NULL,0,0,0,NULL),(14,'1384865600672_156_264',0,'2013-12-31 08:49:41','2013-11-19 18:23:20','2013-11-19 18:23:20','Ibit3','Ibit3','Ibit3 Ibit3','ibit3','22af168c5059422edc003b9e543c915c','ibit3@adfpros.com',NULL,NULL,1,0,0,0,NULL,0,0,0,NULL),(15,'1384865601168_729_286',0,'2013-12-31 08:49:51','2013-11-19 18:23:21','2013-11-19 18:23:21','Rfsit1','Rfsit1','Rfsit1 Rfsit1','rfsit1','4ddbe550ed0ed4449d1b9cab84175d03','rfsit1@adfpros.com',NULL,NULL,1,0,0,0,NULL,0,0,0,NULL),(16,'1384865601459_880_305',0,'2013-12-31 08:50:00','2013-11-19 18:23:21','2013-11-19 18:23:21','Rfsit2','Rfsit2','Rfsit2 Rfsit2','rfsit2','1180ce439210c06bffc72e89ca5660e4','rfsit2@adfpros.com',NULL,NULL,1,0,0,0,NULL,0,0,0,NULL),(17,'1384865601722_327_324',0,'2013-12-31 08:50:12','2013-11-19 18:23:21','2013-11-19 18:23:21','Rfsit3','Rfsit3','Rfsit3 Rfsit3','rfsit3','2049f8979a1ff988e40e6890814b2de7','rfsit3@adfpros.com',NULL,NULL,1,0,0,0,NULL,0,0,0,NULL),(18,'1384865602068_118_346',0,'2013-12-31 08:50:23','2013-11-19 18:23:22','2013-11-19 18:23:22','Amexit1','Amexit1','Amexit1 Amexit1','amexit1','89239861ff709e4ac6cbac301f9a1f1d','amexit1@adfpros.com',NULL,NULL,1,0,0,0,NULL,0,0,0,NULL),(19,'1384865602360_836_365',0,'2013-12-31 08:50:30','2013-11-19 18:23:22','2013-11-19 18:23:22','Amexit2','Amexit2','Amexit2 Amexit2','amexit2','ae8a87757aadb3abccfe3d5f1e23236d','amexit2@adfpros.com',NULL,NULL,1,0,0,0,NULL,0,0,0,NULL),(20,'1384865602652_125_384',0,'2013-12-31 08:50:38','2013-11-19 18:23:22','2013-11-19 18:23:22','Amexit3','Amexit3','Amexit3 Amexit3','amexit3','e1291a26ca38ed5ab58ba40735b6e192','amexit3@adfpros.com',NULL,NULL,1,0,0,0,NULL,0,0,0,NULL);
/*!40000 ALTER TABLE `m_user` ENABLE KEYS */;
UNLOCK TABLES;

--
-- Table structure for table `m_user_act`
--

DROP TABLE IF EXISTS `m_user_act`;
/*!40101 SET @saved_cs_client     = @@character_set_client */;
/*!40101 SET character_set_client = utf8 */;
CREATE TABLE `m_user_act` (
  `ID` bigint(20) NOT NULL AUTO_INCREMENT,
  `GLOBAL_ID` varchar(512) NOT NULL,
  `VERSION_NUM` int(11) NOT NULL DEFAULT '0',
  `LU_TIME` timestamp NOT NULL DEFAULT CURRENT_TIMESTAMP ON UPDATE CURRENT_TIMESTAMP,
  `CREATE_TIME` datetime NOT NULL,
  `UPDATE_TIME` datetime NOT NULL,
  `ACT_CODE` varchar(512) DEFAULT NULL,
  `USER_ID` bigint(20) NOT NULL,
  `REQ_TIME` datetime NOT NULL,
  `EXPIRE_TIME` datetime NOT NULL,
  `ACT_TIME` datetime DEFAULT NULL,
  `STATUS` int(11) NOT NULL DEFAULT '3',
  `REQ_IP` varchar(48) NOT NULL,
  `REQ_UA` varchar(1024) DEFAULT NULL,
  `REQ_DEVICE_TYPE` int(11) NOT NULL DEFAULT '0',
  `ACT_IP` varchar(48) DEFAULT NULL,
  `ACT_UA` varchar(1024) DEFAULT NULL,
  `ACT_DEVICE_TYPE` int(11) NOT NULL DEFAULT '0',
  `NOTES` varchar(4000) DEFAULT NULL,
  `REJECT_RESP` varchar(4000) DEFAULT NULL,
  `RISK_LEVEL` int(11) NOT NULL DEFAULT '0',
  `RISK_REASON` varchar(4000) DEFAULT NULL,
  `DSCN_ID` bigint(20) DEFAULT NULL,
  PRIMARY KEY (`ID`),
  UNIQUE KEY `M_USER_ACT_UK_GLOBAL_ID` (`GLOBAL_ID`),
  KEY `M_USER_ACT_FK_USER_ID` (`USER_ID`),
  KEY `M_USER_ACT_FK_DSCN_ID` (`DSCN_ID`),
  KEY `M_USER_ACT_cr_time` (`CREATE_TIME`),
  KEY `M_USER_ACT_up_time` (`UPDATE_TIME`),
  KEY `M_USER_ACT_lu_time` (`LU_TIME`),
  CONSTRAINT `M_USER_ACT_FK_DSCN_ID` FOREIGN KEY (`DSCN_ID`) REFERENCES `m_decsn_hist` (`ID`),
  CONSTRAINT `M_USER_ACT_FK_USER_ID` FOREIGN KEY (`USER_ID`) REFERENCES `m_user` (`ID`)
) ENGINE=InnoDB DEFAULT CHARSET=latin1;
/*!40101 SET character_set_client = @saved_cs_client */;

--
-- Dumping data for table `m_user_act`
--

LOCK TABLES `m_user_act` WRITE;
/*!40000 ALTER TABLE `m_user_act` DISABLE KEYS */;
/*!40000 ALTER TABLE `m_user_act` ENABLE KEYS */;
UNLOCK TABLES;

--
-- Table structure for table `m_user_act_h`
--

DROP TABLE IF EXISTS `m_user_act_h`;
/*!40101 SET @saved_cs_client     = @@character_set_client */;
/*!40101 SET character_set_client = utf8 */;
CREATE TABLE `m_user_act_h` (
  `H_ID` bigint(20) NOT NULL AUTO_INCREMENT,
  `H_FROM_TIME` datetime NOT NULL,
  `H_TO_TIME` datetime DEFAULT NULL,
  `H_STATUS` int(11) NOT NULL DEFAULT '0',
  `H_SESS_ID` bigint(20) DEFAULT NULL,
  `ID` bigint(20) DEFAULT NULL,
  `GLOBAL_ID` varchar(512) DEFAULT NULL,
  `VERSION_NUM` int(11) DEFAULT '0',
  `LU_TIME` datetime DEFAULT NULL,
  `CREATE_TIME` datetime DEFAULT NULL,
  `UPDATE_TIME` datetime DEFAULT NULL,
  `ACT_CODE` varchar(512) DEFAULT NULL,
  `USER_ID` bigint(20) DEFAULT NULL,
  `REQ_TIME` datetime DEFAULT NULL,
  `EXPIRE_TIME` datetime DEFAULT NULL,
  `ACT_TIME` datetime DEFAULT NULL,
  `STATUS` int(11) DEFAULT '0',
  `REQ_IP` varchar(48) DEFAULT NULL,
  `REQ_UA` varchar(1024) DEFAULT NULL,
  `REQ_DEVICE_TYPE` int(11) DEFAULT '0',
  `ACT_IP` varchar(48) DEFAULT NULL,
  `ACT_UA` varchar(1024) DEFAULT NULL,
  `ACT_DEVICE_TYPE` int(11) DEFAULT '0',
  `NOTES` varchar(4000) DEFAULT NULL,
  `REJECT_RESP` varchar(4000) DEFAULT NULL,
  `RISK_LEVEL` int(11) DEFAULT '0',
  `RISK_REASON` varchar(4000) DEFAULT NULL,
  `DSCN_ID` bigint(20) DEFAULT NULL,
  PRIMARY KEY (`H_ID`),
  KEY `M_USER_ACT_H_TOTIME` (`ID`,`H_TO_TIME`)
) ENGINE=InnoDB DEFAULT CHARSET=latin1;
/*!40101 SET character_set_client = @saved_cs_client */;

--
-- Dumping data for table `m_user_act_h`
--

LOCK TABLES `m_user_act_h` WRITE;
/*!40000 ALTER TABLE `m_user_act_h` DISABLE KEYS */;
/*!40000 ALTER TABLE `m_user_act_h` ENABLE KEYS */;
UNLOCK TABLES;

--
-- Table structure for table `m_user_h`
--

DROP TABLE IF EXISTS `m_user_h`;
/*!40101 SET @saved_cs_client     = @@character_set_client */;
/*!40101 SET character_set_client = utf8 */;
CREATE TABLE `m_user_h` (
  `H_ID` bigint(20) NOT NULL AUTO_INCREMENT,
  `H_FROM_TIME` datetime NOT NULL,
  `H_TO_TIME` datetime DEFAULT NULL,
  `H_STATUS` int(11) NOT NULL DEFAULT '0',
  `H_SESS_ID` bigint(20) DEFAULT NULL,
  `ID` bigint(20) DEFAULT NULL,
  `GLOBAL_ID` varchar(512) DEFAULT NULL,
  `VERSION_NUM` int(11) DEFAULT '0',
  `LU_TIME` datetime DEFAULT NULL,
  `CREATE_TIME` datetime DEFAULT NULL,
  `UPDATE_TIME` datetime DEFAULT NULL,
  `FIRST_NAME` varchar(1022) DEFAULT NULL,
  `LAST_NAME` varchar(1022) DEFAULT NULL,
  `PUB_SCR_NAME` varchar(2048) DEFAULT NULL,
  `LOGIN_ID` varchar(767) DEFAULT NULL,
  `PASSWORD` varchar(512) DEFAULT NULL,
  `EMAIL` varchar(512) DEFAULT NULL,
  `MOBILE` varchar(124) DEFAULT NULL,
  `PROFILE_MEDIA_ID` bigint(20) DEFAULT NULL,
  `STATUS` int(11) DEFAULT '0',
  `GENDER` int(11) DEFAULT '0',
  `USER_SRC` int(11) DEFAULT '0',
  `IS_REG` tinyint(1) DEFAULT '0',
  `REG_DATE` datetime DEFAULT NULL,
  `IS_EMAIL_VERIFIED` tinyint(1) DEFAULT '0',
  `IS_INTERNAL` tinyint(1) DEFAULT '0',
  `IS_TEST_USER` tinyint(1) DEFAULT '0',
  `NOTES` varchar(4000) DEFAULT NULL,
  PRIMARY KEY (`H_ID`),
  KEY `M_USER_H_TOTIME` (`ID`,`H_TO_TIME`)
) ENGINE=InnoDB AUTO_INCREMENT=20 DEFAULT CHARSET=latin1;
/*!40101 SET character_set_client = @saved_cs_client */;

--
-- Dumping data for table `m_user_h`
--

LOCK TABLES `m_user_h` WRITE;
/*!40000 ALTER TABLE `m_user_h` DISABLE KEYS */;
INSERT INTO `m_user_h` VALUES (1,'2013-10-07 12:35:53',NULL,0,NULL,2,'1381174553862_921_59',0,NULL,'2013-10-07 12:35:53','2013-10-07 12:35:53','Anne','Adfpros','Anne Adfpros','anne@adfpros.com','d780f70a0aa831752f878fec98545236','anne@adfpros.com',NULL,NULL,1,0,0,0,NULL,0,0,0,NULL),(2,'2013-11-19 18:23:15',NULL,0,NULL,3,'1384865595396_369_46',0,NULL,'2013-11-19 18:23:15','2013-11-19 18:23:15','Ibmkt1','Ibmkt1','Ibmkt1 Ibmkt1','ibmkt1@adfpros.com','868b6f5242814691346abdcd01960a4a','ibmkt1@adfpros.com',NULL,NULL,1,0,0,0,NULL,0,0,0,NULL),(3,'2013-11-19 18:23:16',NULL,0,NULL,4,'1384865596006_59_65',0,NULL,'2013-11-19 18:23:16','2013-11-19 18:23:16','Ibmkt2','Ibmkt2','Ibmkt2 Ibmkt2','ibmkt2@adfpros.com','be48200fb5a9b58bb17ab3ddf47ec449','ibmkt2@adfpros.com',NULL,NULL,1,0,0,0,NULL,0,0,0,NULL),(4,'2013-11-19 18:23:16',NULL,0,NULL,5,'1384865596382_48_84',0,NULL,'2013-11-19 18:23:16','2013-11-19 18:23:16','Ibmkt3','Ibmkt3','Ibmkt3 Ibmkt3','ibmkt3@adfpros.com','e36fda4ef9bdf07bd636d9078f04f3e0','ibmkt3@adfpros.com',NULL,NULL,1,0,0,0,NULL,0,0,0,NULL),(5,'2013-11-19 18:23:16',NULL,0,NULL,6,'1384865596848_585_106',0,NULL,'2013-11-19 18:23:16','2013-11-19 18:23:16','Rfsmkt1','Rfsmkt1','Rfsmkt1 Rfsmkt1','rfsmkt1@adfpros.com','d79b3fe176a0ba592c35d5246ed1fb74','rfsmkt1@adfpros.com',NULL,NULL,1,0,0,0,NULL,0,0,0,NULL),(6,'2013-11-19 18:23:17',NULL,0,NULL,7,'1384865597214_876_125',0,NULL,'2013-11-19 18:23:17','2013-11-19 18:23:17','Rfsmkt2','Rfsmkt2','Rfsmkt2 Rfsmkt2','rfsmkt2@adfpros.com','c14033f65aca570f125d0c0da0e81e6a','rfsmkt2@adfpros.com',NULL,NULL,1,0,0,0,NULL,0,0,0,NULL),(7,'2013-11-19 18:23:17',NULL,0,NULL,8,'1384865597556_808_144',0,NULL,'2013-11-19 18:23:17','2013-11-19 18:23:17','Rfsmkt3','Rfsmkt3','Rfsmkt3 Rfsmkt3','rfsmkt3@adfpros.com','905c98eb9d870d05eecc36eff9537535','rfsmkt3@adfpros.com',NULL,NULL,1,0,0,0,NULL,0,0,0,NULL),(8,'2013-11-19 18:23:17',NULL,0,NULL,9,'1384865597970_931_166',0,NULL,'2013-11-19 18:23:17','2013-11-19 18:23:17','Amexrisk1','Amexrisk1','Amexrisk1 Amexrisk1','amexrisk1@adfpros.com','b797773964ed62c2c34d04cad954f5a8','amexrisk1@adfpros.com',NULL,NULL,1,0,0,0,NULL,0,0,0,NULL),(9,'2013-11-19 18:23:18',NULL,0,NULL,10,'1384865598317_70_185',0,NULL,'2013-11-19 18:23:18','2013-11-19 18:23:18','Amexrisk2','Amexrisk2','Amexrisk2 Amexrisk2','amexrisk2@adfpros.com','b83b6585bc10acc801f66d0a77984928','amexrisk2@adfpros.com',NULL,NULL,1,0,0,0,NULL,0,0,0,NULL),(10,'2013-11-19 18:23:18',NULL,0,NULL,11,'1384865598685_21_204',0,NULL,'2013-11-19 18:23:18','2013-11-19 18:23:18','Amexrisk3','Amexrisk3','Amexrisk3 Amexrisk3','amexrisk3@adfpros.com','a1e6f20e53a1ea75db137786239b410d','amexrisk3@adfpros.com',NULL,NULL,1,0,0,0,NULL,0,0,0,NULL),(11,'2013-11-19 18:23:19',NULL,0,NULL,12,'1384865599402_215_226',0,NULL,'2013-11-19 18:23:19','2013-11-19 18:23:19','Ibit1','Ibit1','Ibit1 Ibit1','ibit1@adfpros.com','b047b81259862723ee6c4c83035ee15b','ibit1@adfpros.com',NULL,NULL,1,0,0,0,NULL,0,0,0,NULL),(12,'2013-11-19 18:23:19',NULL,0,NULL,13,'1384865599836_543_245',0,NULL,'2013-11-19 18:23:19','2013-11-19 18:23:19','Ibit2','Ibit2','Ibit2 Ibit2','ibit2@adfpros.com','ff34aebd743589a5a13012536551a0fd','ibit2@adfpros.com',NULL,NULL,1,0,0,0,NULL,0,0,0,NULL),(13,'2013-11-19 18:23:20',NULL,0,NULL,14,'1384865600672_156_264',0,NULL,'2013-11-19 18:23:20','2013-11-19 18:23:20','Ibit3','Ibit3','Ibit3 Ibit3','ibit3@adfpros.com','eb0f72e8489eb2bc89657b9490fb9c59','ibit3@adfpros.com',NULL,NULL,1,0,0,0,NULL,0,0,0,NULL),(14,'2013-11-19 18:23:21',NULL,0,NULL,15,'1384865601168_729_286',0,NULL,'2013-11-19 18:23:21','2013-11-19 18:23:21','Rfsit1','Rfsit1','Rfsit1 Rfsit1','rfsit1@adfpros.com','29e105f83c1b217cf90700e94f165832','rfsit1@adfpros.com',NULL,NULL,1,0,0,0,NULL,0,0,0,NULL),(15,'2013-11-19 18:23:21',NULL,0,NULL,16,'1384865601459_880_305',0,NULL,'2013-11-19 18:23:21','2013-11-19 18:23:21','Rfsit2','Rfsit2','Rfsit2 Rfsit2','rfsit2@adfpros.com','9e1c2f83125f4541b457e96b30b1b567','rfsit2@adfpros.com',NULL,NULL,1,0,0,0,NULL,0,0,0,NULL),(16,'2013-11-19 18:23:21',NULL,0,NULL,17,'1384865601722_327_324',0,NULL,'2013-11-19 18:23:21','2013-11-19 18:23:21','Rfsit3','Rfsit3','Rfsit3 Rfsit3','rfsit3@adfpros.com','71c6ca416d2d5db71d263fc744e8adce','rfsit3@adfpros.com',NULL,NULL,1,0,0,0,NULL,0,0,0,NULL),(17,'2013-11-19 18:23:22',NULL,0,NULL,18,'1384865602068_118_346',0,NULL,'2013-11-19 18:23:22','2013-11-19 18:23:22','Amexit1','Amexit1','Amexit1 Amexit1','amexit1@adfpros.com','d1903379a56e46d8bab5c9ca9077ccb0','amexit1@adfpros.com',NULL,NULL,1,0,0,0,NULL,0,0,0,NULL),(18,'2013-11-19 18:23:22',NULL,0,NULL,19,'1384865602360_836_365',0,NULL,'2013-11-19 18:23:22','2013-11-19 18:23:22','Amexit2','Amexit2','Amexit2 Amexit2','amexit2@adfpros.com','9ffdbab787f8d492d241a20980254161','amexit2@adfpros.com',NULL,NULL,1,0,0,0,NULL,0,0,0,NULL),(19,'2013-11-19 18:23:22',NULL,0,NULL,20,'1384865602652_125_384',0,NULL,'2013-11-19 18:23:22','2013-11-19 18:23:22','Amexit3','Amexit3','Amexit3 Amexit3','amexit3@adfpros.com','32efd07f4432ee74b794ee347078a2d1','amexit3@adfpros.com',NULL,NULL,1,0,0,0,NULL,0,0,0,NULL);
/*!40000 ALTER TABLE `m_user_h` ENABLE KEYS */;
UNLOCK TABLES;

--
-- Table structure for table `m_user_pref`
--

DROP TABLE IF EXISTS `m_user_pref`;
/*!40101 SET @saved_cs_client     = @@character_set_client */;
/*!40101 SET character_set_client = utf8 */;
CREATE TABLE `m_user_pref` (
  `ID` bigint(20) NOT NULL AUTO_INCREMENT,
  `GLOBAL_ID` varchar(512) NOT NULL,
  `VERSION_NUM` int(11) NOT NULL DEFAULT '0',
  `LU_TIME` timestamp NOT NULL DEFAULT CURRENT_TIMESTAMP ON UPDATE CURRENT_TIMESTAMP,
  `CREATE_TIME` datetime NOT NULL,
  `UPDATE_TIME` datetime NOT NULL,
  `USER_ID` bigint(20) NOT NULL,
  `CLASS_TYPE` int(11) NOT NULL DEFAULT '0',
  `OBJECT_ID` bigint(20) DEFAULT NULL,
  `DATA_VER` int(11) NOT NULL DEFAULT '0',
  `FEEDBACK` int(11) NOT NULL DEFAULT '0',
  `HIDE_DATA` int(11) NOT NULL DEFAULT '0',
  `BOOKMARKED` int(11) NOT NULL DEFAULT '0',
  `BOOKMARK_NAME` varchar(4000) DEFAULT NULL,
  `BK_NAME_UPDATED` tinyint(1) NOT NULL DEFAULT '0',
  `SELECTED` int(11) NOT NULL DEFAULT '0',
  `MY_RATING` int(11) NOT NULL DEFAULT '0',
  `NOTES` varchar(4000) DEFAULT NULL,
  PRIMARY KEY (`ID`),
  UNIQUE KEY `M_USER_PREF_UK_GLOBAL_ID` (`GLOBAL_ID`),
  UNIQUE KEY `M_USER_PREF_user_obj_uk` (`USER_ID`,`CLASS_TYPE`,`OBJECT_ID`),
  KEY `M_USER_PREF_cr_time` (`CREATE_TIME`),
  KEY `M_USER_PREF_up_time` (`UPDATE_TIME`),
  KEY `M_USER_PREF_lu_time` (`LU_TIME`),
  CONSTRAINT `M_USER_PREF_FK_USER_ID` FOREIGN KEY (`USER_ID`) REFERENCES `m_user` (`ID`)
) ENGINE=InnoDB DEFAULT CHARSET=latin1;
/*!40101 SET character_set_client = @saved_cs_client */;

--
-- Dumping data for table `m_user_pref`
--

LOCK TABLES `m_user_pref` WRITE;
/*!40000 ALTER TABLE `m_user_pref` DISABLE KEYS */;
/*!40000 ALTER TABLE `m_user_pref` ENABLE KEYS */;
UNLOCK TABLES;

--
-- Table structure for table `m_user_pref_h`
--

DROP TABLE IF EXISTS `m_user_pref_h`;
/*!40101 SET @saved_cs_client     = @@character_set_client */;
/*!40101 SET character_set_client = utf8 */;
CREATE TABLE `m_user_pref_h` (
  `H_ID` bigint(20) NOT NULL AUTO_INCREMENT,
  `H_FROM_TIME` datetime NOT NULL,
  `H_TO_TIME` datetime DEFAULT NULL,
  `H_STATUS` int(11) NOT NULL DEFAULT '0',
  `H_SESS_ID` bigint(20) DEFAULT NULL,
  `ID` bigint(20) DEFAULT NULL,
  `GLOBAL_ID` varchar(512) DEFAULT NULL,
  `VERSION_NUM` int(11) DEFAULT '0',
  `LU_TIME` datetime DEFAULT NULL,
  `CREATE_TIME` datetime DEFAULT NULL,
  `UPDATE_TIME` datetime DEFAULT NULL,
  `USER_ID` bigint(20) DEFAULT NULL,
  `CLASS_TYPE` int(11) DEFAULT '0',
  `OBJECT_ID` bigint(20) DEFAULT NULL,
  `DATA_VER` int(11) DEFAULT '0',
  `FEEDBACK` int(11) DEFAULT '0',
  `HIDE_DATA` int(11) DEFAULT '0',
  `BOOKMARKED` int(11) DEFAULT '0',
  `BOOKMARK_NAME` varchar(4000) DEFAULT NULL,
  `BK_NAME_UPDATED` tinyint(1) DEFAULT '0',
  `SELECTED` int(11) DEFAULT '0',
  `MY_RATING` int(11) DEFAULT '0',
  `NOTES` varchar(4000) DEFAULT NULL,
  PRIMARY KEY (`H_ID`),
  KEY `M_USER_PREF_H_TOTIME` (`ID`,`H_TO_TIME`)
) ENGINE=InnoDB DEFAULT CHARSET=latin1;
/*!40101 SET character_set_client = @saved_cs_client */;

--
-- Dumping data for table `m_user_pref_h`
--

LOCK TABLES `m_user_pref_h` WRITE;
/*!40000 ALTER TABLE `m_user_pref_h` DISABLE KEYS */;
/*!40000 ALTER TABLE `m_user_pref_h` ENABLE KEYS */;
UNLOCK TABLES;

--
-- Table structure for table `m_user_role`
--

DROP TABLE IF EXISTS `m_user_role`;
/*!40101 SET @saved_cs_client     = @@character_set_client */;
/*!40101 SET character_set_client = utf8 */;
CREATE TABLE `m_user_role` (
  `ID` bigint(20) NOT NULL AUTO_INCREMENT,
  `GLOBAL_ID` varchar(512) NOT NULL,
  `VERSION_NUM` int(11) NOT NULL DEFAULT '0',
  `LU_TIME` timestamp NOT NULL DEFAULT CURRENT_TIMESTAMP ON UPDATE CURRENT_TIMESTAMP,
  `CREATE_TIME` datetime NOT NULL,
  `UPDATE_TIME` datetime NOT NULL,
  `USER_ID` bigint(20) NOT NULL,
  `USER_ROLE` varchar(128) DEFAULT NULL,
  `STATUS` int(11) NOT NULL DEFAULT '0',
  PRIMARY KEY (`ID`),
  UNIQUE KEY `M_USER_ROLE_UK_GLOBAL_ID` (`GLOBAL_ID`),
  KEY `M_USER_ROLE_FK_USER_ID` (`USER_ID`),
  KEY `M_USER_ROLE_cr_time` (`CREATE_TIME`),
  KEY `M_USER_ROLE_up_time` (`UPDATE_TIME`),
  KEY `M_USER_ROLE_lu_time` (`LU_TIME`),
  CONSTRAINT `M_USER_ROLE_FK_USER_ID` FOREIGN KEY (`USER_ID`) REFERENCES `m_user` (`ID`)
) ENGINE=InnoDB AUTO_INCREMENT=21 DEFAULT CHARSET=latin1;
/*!40101 SET character_set_client = @saved_cs_client */;

--
-- Dumping data for table `m_user_role`
--

LOCK TABLES `m_user_role` WRITE;
/*!40000 ALTER TABLE `m_user_role` DISABLE KEYS */;
INSERT INTO `m_user_role` VALUES (1,'bdc6b334-2f7a-11e3-a1d9-b70b1135d695',1,'2013-10-07 18:03:16','2013-10-07 11:03:16','2013-10-07 11:03:16',1,'ROLE_SYS_ADMIN',1),(2,'1381174553884_247_60',0,'2013-10-07 19:35:53','2013-10-07 12:35:53','2013-10-07 12:35:53',2,'ROLE_USER',1),(3,'1384865595409_776_47',0,'2013-11-19 12:53:15','2013-11-19 18:23:15','2013-11-19 18:23:15',3,'ROLE_USER',1),(4,'1384865596016_109_66',0,'2013-11-19 12:53:16','2013-11-19 18:23:16','2013-11-19 18:23:16',4,'ROLE_USER',1),(5,'1384865596390_29_85',0,'2013-11-19 12:53:16','2013-11-19 18:23:16','2013-11-19 18:23:16',5,'ROLE_USER',1),(6,'1384865596856_488_107',0,'2013-11-19 12:53:16','2013-11-19 18:23:16','2013-11-19 18:23:16',6,'ROLE_USER',1),(7,'1384865597222_374_126',0,'2013-11-19 12:53:17','2013-11-19 18:23:17','2013-11-19 18:23:17',7,'ROLE_USER',1),(8,'1384865597566_677_145',0,'2013-11-19 12:53:17','2013-11-19 18:23:17','2013-11-19 18:23:17',8,'ROLE_USER',1),(9,'1384865597975_448_167',0,'2013-11-19 12:53:17','2013-11-19 18:23:17','2013-11-19 18:23:17',9,'ROLE_USER',1),(10,'1384865598324_213_186',0,'2013-11-19 12:53:18','2013-11-19 18:23:18','2013-11-19 18:23:18',10,'ROLE_USER',1),(11,'1384865598693_940_205',0,'2013-11-19 12:53:18','2013-11-19 18:23:18','2013-11-19 18:23:18',11,'ROLE_USER',1),(12,'1384865599409_257_227',0,'2013-11-19 12:53:19','2013-11-19 18:23:19','2013-11-19 18:23:19',12,'ROLE_USER',1),(13,'1384865599844_784_246',0,'2013-11-19 12:53:19','2013-11-19 18:23:19','2013-11-19 18:23:19',13,'ROLE_USER',1),(14,'1384865600677_966_265',0,'2013-11-19 12:53:20','2013-11-19 18:23:20','2013-11-19 18:23:20',14,'ROLE_USER',1),(15,'1384865601174_391_287',0,'2013-11-19 12:53:21','2013-11-19 18:23:21','2013-11-19 18:23:21',15,'ROLE_USER',1),(16,'1384865601463_781_306',0,'2013-11-19 12:53:21','2013-11-19 18:23:21','2013-11-19 18:23:21',16,'ROLE_USER',1),(17,'1384865601729_203_325',0,'2013-11-19 12:53:21','2013-11-19 18:23:21','2013-11-19 18:23:21',17,'ROLE_USER',1),(18,'1384865602075_155_347',0,'2013-11-19 12:53:22','2013-11-19 18:23:22','2013-11-19 18:23:22',18,'ROLE_USER',1),(19,'1384865602365_0_366',0,'2013-11-19 12:53:22','2013-11-19 18:23:22','2013-11-19 18:23:22',19,'ROLE_USER',1),(20,'1384865602656_267_385',0,'2013-11-19 12:53:22','2013-11-19 18:23:22','2013-11-19 18:23:22',20,'ROLE_USER',1);
/*!40000 ALTER TABLE `m_user_role` ENABLE KEYS */;
UNLOCK TABLES;

--
-- Table structure for table `m_user_role_h`
--

DROP TABLE IF EXISTS `m_user_role_h`;
/*!40101 SET @saved_cs_client     = @@character_set_client */;
/*!40101 SET character_set_client = utf8 */;
CREATE TABLE `m_user_role_h` (
  `H_ID` bigint(20) NOT NULL AUTO_INCREMENT,
  `H_FROM_TIME` datetime NOT NULL,
  `H_TO_TIME` datetime DEFAULT NULL,
  `H_STATUS` int(11) NOT NULL DEFAULT '0',
  `H_SESS_ID` bigint(20) DEFAULT NULL,
  `ID` bigint(20) DEFAULT NULL,
  `GLOBAL_ID` varchar(512) DEFAULT NULL,
  `VERSION_NUM` int(11) DEFAULT '0',
  `LU_TIME` datetime DEFAULT NULL,
  `CREATE_TIME` datetime DEFAULT NULL,
  `UPDATE_TIME` datetime DEFAULT NULL,
  `USER_ID` bigint(20) DEFAULT NULL,
  `USER_ROLE` varchar(128) DEFAULT NULL,
  `STATUS` int(11) DEFAULT '0',
  PRIMARY KEY (`H_ID`),
  KEY `M_USER_ROLE_H_TOTIME` (`ID`,`H_TO_TIME`)
) ENGINE=InnoDB AUTO_INCREMENT=20 DEFAULT CHARSET=latin1;
/*!40101 SET character_set_client = @saved_cs_client */;

--
-- Dumping data for table `m_user_role_h`
--

LOCK TABLES `m_user_role_h` WRITE;
/*!40000 ALTER TABLE `m_user_role_h` DISABLE KEYS */;
INSERT INTO `m_user_role_h` VALUES (1,'2013-10-07 12:35:53',NULL,0,NULL,2,'1381174553884_247_60',0,NULL,'2013-10-07 12:35:53','2013-10-07 12:35:53',2,'ROLE_USER',1),(2,'2013-11-19 18:23:15',NULL,0,NULL,3,'1384865595409_776_47',0,NULL,'2013-11-19 18:23:15','2013-11-19 18:23:15',3,'ROLE_USER',1),(3,'2013-11-19 18:23:16',NULL,0,NULL,4,'1384865596016_109_66',0,NULL,'2013-11-19 18:23:16','2013-11-19 18:23:16',4,'ROLE_USER',1),(4,'2013-11-19 18:23:16',NULL,0,NULL,5,'1384865596390_29_85',0,NULL,'2013-11-19 18:23:16','2013-11-19 18:23:16',5,'ROLE_USER',1),(5,'2013-11-19 18:23:16',NULL,0,NULL,6,'1384865596856_488_107',0,NULL,'2013-11-19 18:23:16','2013-11-19 18:23:16',6,'ROLE_USER',1),(6,'2013-11-19 18:23:17',NULL,0,NULL,7,'1384865597222_374_126',0,NULL,'2013-11-19 18:23:17','2013-11-19 18:23:17',7,'ROLE_USER',1),(7,'2013-11-19 18:23:17',NULL,0,NULL,8,'1384865597566_677_145',0,NULL,'2013-11-19 18:23:17','2013-11-19 18:23:17',8,'ROLE_USER',1),(8,'2013-11-19 18:23:17',NULL,0,NULL,9,'1384865597975_448_167',0,NULL,'2013-11-19 18:23:17','2013-11-19 18:23:17',9,'ROLE_USER',1),(9,'2013-11-19 18:23:18',NULL,0,NULL,10,'1384865598324_213_186',0,NULL,'2013-11-19 18:23:18','2013-11-19 18:23:18',10,'ROLE_USER',1),(10,'2013-11-19 18:23:18',NULL,0,NULL,11,'1384865598693_940_205',0,NULL,'2013-11-19 18:23:18','2013-11-19 18:23:18',11,'ROLE_USER',1),(11,'2013-11-19 18:23:19',NULL,0,NULL,12,'1384865599409_257_227',0,NULL,'2013-11-19 18:23:19','2013-11-19 18:23:19',12,'ROLE_USER',1),(12,'2013-11-19 18:23:19',NULL,0,NULL,13,'1384865599844_784_246',0,NULL,'2013-11-19 18:23:19','2013-11-19 18:23:19',13,'ROLE_USER',1),(13,'2013-11-19 18:23:20',NULL,0,NULL,14,'1384865600677_966_265',0,NULL,'2013-11-19 18:23:20','2013-11-19 18:23:20',14,'ROLE_USER',1),(14,'2013-11-19 18:23:21',NULL,0,NULL,15,'1384865601174_391_287',0,NULL,'2013-11-19 18:23:21','2013-11-19 18:23:21',15,'ROLE_USER',1),(15,'2013-11-19 18:23:21',NULL,0,NULL,16,'1384865601463_781_306',0,NULL,'2013-11-19 18:23:21','2013-11-19 18:23:21',16,'ROLE_USER',1),(16,'2013-11-19 18:23:21',NULL,0,NULL,17,'1384865601729_203_325',0,NULL,'2013-11-19 18:23:21','2013-11-19 18:23:21',17,'ROLE_USER',1),(17,'2013-11-19 18:23:22',NULL,0,NULL,18,'1384865602075_155_347',0,NULL,'2013-11-19 18:23:22','2013-11-19 18:23:22',18,'ROLE_USER',1),(18,'2013-11-19 18:23:22',NULL,0,NULL,19,'1384865602365_0_366',0,NULL,'2013-11-19 18:23:22','2013-11-19 18:23:22',19,'ROLE_USER',1),(19,'2013-11-19 18:23:22',NULL,0,NULL,20,'1384865602656_267_385',0,NULL,'2013-11-19 18:23:22','2013-11-19 18:23:22',20,'ROLE_USER',1);
/*!40000 ALTER TABLE `m_user_role_h` ENABLE KEYS */;
UNLOCK TABLES;

--
-- Table structure for table `m_user_set`
--

DROP TABLE IF EXISTS `m_user_set`;
/*!40101 SET @saved_cs_client     = @@character_set_client */;
/*!40101 SET character_set_client = utf8 */;
CREATE TABLE `m_user_set` (
  `ID` bigint(20) NOT NULL AUTO_INCREMENT,
  `GLOBAL_ID` varchar(512) NOT NULL,
  `VERSION_NUM` int(11) NOT NULL DEFAULT '0',
  `LU_TIME` timestamp NOT NULL DEFAULT CURRENT_TIMESTAMP ON UPDATE CURRENT_TIMESTAMP,
  `CREATE_TIME` datetime NOT NULL,
  `UPDATE_TIME` datetime NOT NULL,
  `USER_ID` bigint(20) NOT NULL,
  `PROP` varchar(64) DEFAULT NULL,
  `CATEGORY` int(11) NOT NULL DEFAULT '0',
  `DEF_VALUE` varchar(256) DEFAULT NULL,
  `USER_VALUE` varchar(256) DEFAULT NULL,
  `CAN_UPDATE` tinyint(1) NOT NULL DEFAULT '1',
  PRIMARY KEY (`ID`),
  UNIQUE KEY `M_USER_SET_UK_GLOBAL_ID` (`GLOBAL_ID`),
  KEY `M_USER_SET_cr_time` (`CREATE_TIME`),
  KEY `M_USER_SET_up_time` (`UPDATE_TIME`),
  KEY `M_USER_SET_lu_time` (`LU_TIME`),
  KEY `M_USER_SET_userid` (`USER_ID`),
  CONSTRAINT `M_USER_SET_FK_USER_ID` FOREIGN KEY (`USER_ID`) REFERENCES `m_user` (`ID`)
) ENGINE=InnoDB DEFAULT CHARSET=latin1;
/*!40101 SET character_set_client = @saved_cs_client */;

--
-- Dumping data for table `m_user_set`
--

LOCK TABLES `m_user_set` WRITE;
/*!40000 ALTER TABLE `m_user_set` DISABLE KEYS */;
/*!40000 ALTER TABLE `m_user_set` ENABLE KEYS */;
UNLOCK TABLES;

--
-- Table structure for table `m_user_set_h`
--

DROP TABLE IF EXISTS `m_user_set_h`;
/*!40101 SET @saved_cs_client     = @@character_set_client */;
/*!40101 SET character_set_client = utf8 */;
CREATE TABLE `m_user_set_h` (
  `H_ID` bigint(20) NOT NULL AUTO_INCREMENT,
  `H_FROM_TIME` datetime NOT NULL,
  `H_TO_TIME` datetime DEFAULT NULL,
  `H_STATUS` int(11) NOT NULL DEFAULT '0',
  `H_SESS_ID` bigint(20) DEFAULT NULL,
  `ID` bigint(20) DEFAULT NULL,
  `GLOBAL_ID` varchar(512) DEFAULT NULL,
  `VERSION_NUM` int(11) DEFAULT '0',
  `LU_TIME` datetime DEFAULT NULL,
  `CREATE_TIME` datetime DEFAULT NULL,
  `UPDATE_TIME` datetime DEFAULT NULL,
  `USER_ID` bigint(20) DEFAULT NULL,
  `PROP` varchar(64) DEFAULT NULL,
  `CATEGORY` int(11) DEFAULT '0',
  `DEF_VALUE` varchar(256) DEFAULT NULL,
  `USER_VALUE` varchar(256) DEFAULT NULL,
  `CAN_UPDATE` tinyint(1) DEFAULT '0',
  PRIMARY KEY (`H_ID`),
  KEY `M_USER_SET_H_TOTIME` (`ID`,`H_TO_TIME`)
) ENGINE=InnoDB DEFAULT CHARSET=latin1;
/*!40101 SET character_set_client = @saved_cs_client */;

--
-- Dumping data for table `m_user_set_h`
--

LOCK TABLES `m_user_set_h` WRITE;
/*!40000 ALTER TABLE `m_user_set_h` DISABLE KEYS */;
/*!40000 ALTER TABLE `m_user_set_h` ENABLE KEYS */;
UNLOCK TABLES;

--
-- Table structure for table `x_asset`
--

DROP TABLE IF EXISTS `x_asset`;
/*!40101 SET @saved_cs_client     = @@character_set_client */;
/*!40101 SET character_set_client = utf8 */;
CREATE TABLE `x_asset` (
  `ID` bigint(20) NOT NULL AUTO_INCREMENT,
  `GLOBAL_ID` varchar(512) NOT NULL,
  `VERSION_NUM` int(11) NOT NULL DEFAULT '0',
  `LU_TIME` timestamp NOT NULL DEFAULT CURRENT_TIMESTAMP ON UPDATE CURRENT_TIMESTAMP,
  `CREATE_TIME` datetime NOT NULL,
  `UPDATE_TIME` datetime NOT NULL,
  `COPY_OF_ID` bigint(20) DEFAULT NULL,
  `COPY_OF_VER` int(11) DEFAULT '0',
  `STATUS` int(11) NOT NULL DEFAULT '0',
  `DSCN_ID` bigint(20) DEFAULT NULL,
  `PRI_GRP_ID` bigint(20) DEFAULT NULL,
  `PRI_ACCT_ID` bigint(20) DEFAULT NULL,
  `ADDED_BY_ID` bigint(20) DEFAULT NULL,
  `ADDED_BY_NAME` varchar(100) DEFAULT NULL,
  `UPD_BY_ID` bigint(20) DEFAULT NULL,
  `UPDATED_BY_NAME` varchar(100) DEFAULT NULL,
  `CHNG_REASON` varchar(4000) DEFAULT NULL,
  `IS_SYS` tinyint(1) NOT NULL DEFAULT '0',
  `ASSET_NAME` varchar(1024) NOT NULL,
  `DESCR` varchar(4000) NOT NULL,
  `ACT_STATUS` int(11) NOT NULL DEFAULT '0',
  `ASSET_TYPE` int(11) NOT NULL DEFAULT '0',
  `CONFIG` text,
  `SUP_NATIVE` tinyint(1) NOT NULL DEFAULT '0',
  PRIMARY KEY (`ID`),
  UNIQUE KEY `X_ASSET_UK_GLOBAL_ID` (`GLOBAL_ID`),
  KEY `X_ASSET_FK_DSCN_ID` (`DSCN_ID`),
  KEY `X_ASSET_FK_PRI_GRP_ID` (`PRI_GRP_ID`),
  KEY `X_ASSET_FK_PRI_ACCT_ID` (`PRI_ACCT_ID`),
  KEY `X_ASSET_FK_UPD_BY_ID` (`UPD_BY_ID`),
  KEY `X_ASSET_cr_time` (`CREATE_TIME`),
  KEY `X_ASSET_up_time` (`UPDATE_TIME`),
  KEY `X_ASSET_lu_time` (`LU_TIME`),
  KEY `X_ASSET_own_clone` (`ADDED_BY_ID`,`COPY_OF_ID`),
  CONSTRAINT `X_ASSET_FK_ADDED_BY_ID` FOREIGN KEY (`ADDED_BY_ID`) REFERENCES `m_user` (`ID`),
  CONSTRAINT `X_ASSET_FK_DSCN_ID` FOREIGN KEY (`DSCN_ID`) REFERENCES `m_decsn_hist` (`ID`),
  CONSTRAINT `X_ASSET_FK_PRI_ACCT_ID` FOREIGN KEY (`PRI_ACCT_ID`) REFERENCES `m_acct` (`ID`),
  CONSTRAINT `X_ASSET_FK_PRI_GRP_ID` FOREIGN KEY (`PRI_GRP_ID`) REFERENCES `m_groups` (`ID`),
  CONSTRAINT `X_ASSET_FK_UPD_BY_ID` FOREIGN KEY (`UPD_BY_ID`) REFERENCES `m_user` (`ID`)
) ENGINE=InnoDB AUTO_INCREMENT=4 DEFAULT CHARSET=latin1;
/*!40101 SET character_set_client = @saved_cs_client */;

--
-- Dumping data for table `x_asset`
--

LOCK TABLES `x_asset` WRITE;
/*!40000 ALTER TABLE `x_asset` DISABLE KEYS */;
INSERT INTO `x_asset` VALUES (1,'1381174553351_785_42',2,'2014-01-18 08:12:43','2013-10-07 12:35:53','2014-01-18 13:42:43',NULL,0,1,NULL,NULL,NULL,1,'System ClI',1,'Admin ',NULL,0,'hadoopdev','Default HDFS Repository',1,1,'{\"username\":\"policymgr/demo20.xasecure.net@DEV20.XASECURE.NET\",\"password\":\"policymgr\",\"fs.default.name\":\"hdfs://xadev20.xasecure.net:8020\",\"hadoop.security.authorization\":\"true\",\"hadoop.security.authentication\":\"kerberos\",\"hadoop.security.auth_to_local\":\"RULE:[2:$1@$0]([rn]m@.*)s/.*/yarn/         RULE:[2:$1@$0](jhs@.*)s/.*/mapred/         RULE:[2:$1@$0]([nd]n@.*)s/.*/hdfs/         RULE:[2:$1@$0](hm@.*)s/.*/hbase/         RULE:[2:$1@$0](rs@.*)s/.*/hbase/         DEFAULT\",\"dfs.datanode.kerberos.principal\":\"hdfs/xadev20.xasecure.net@DEV20.XASECURE.NET\",\"dfs.namenode.kerberos.principal\":\"hdfs/xadev20.xasecure.net@DEV20.XASECURE.NET\",\"dfs.secondary.namenode.kerberos.principal\":\"hdfs/xadev20.xasecure.net@DEV20.XASECURE.NET\",\"commonNameForCertificate\":\"\"}',0),(2,'1381174553414_907_45',2,'2014-01-18 08:15:26','2013-10-07 12:35:53','2014-01-18 13:45:26',NULL,0,1,NULL,NULL,NULL,1,'System ClI',1,'Admin ',NULL,0,'hbasedev','Default HBase Repository',1,2,'{\"username\":\"policymgr/demo20.xasecure.net@DEV20.XASECURE.NET\",\"password\":\"policymgr\",\"fs.default.name\":\"hdfs://dev20.xasecure.net:8020\",\"hadoop.security.authorization\":\"true\",\"hadoop.security.authentication\":\"kerberos\",\"hadoop.security.auth_to_local\":\"RULE:[2:$1@$0]([rn]m@.*)s/.*/yarn/         RULE:[2:$1@$0](jhs@.*)s/.*/mapred/         RULE:[2:$1@$0]([nd]n@.*)s/.*/hdfs/         RULE:[2:$1@$0](hm@.*)s/.*/hbase/         RULE:[2:$1@$0](rs@.*)s/.*/hbase/         DEFAULT\",\"dfs.datanode.kerberos.principal\":\"hdfs/xadev20.xasecure.net@DEV20.XASECURE.NET\",\"dfs.namenode.kerberos.principal\":\"hdfs/xadev20.xasecure.net@DEV20.XASECURE.NET\",\"dfs.secondary.namenode.kerberos.principal\":\"hdfs/xadev20.xasecure.net@DEV20.XASECURE.NET\",\"hbase.master.kerberos.principal\":\"hbase/xadev20.xasecure.net@DEV20.XASECURE.NET\",\"hbase.rpc.engine\":\"org.apache.hadoop.hbase.ipc.SecureRpcEngine\",\"hbase.rpc.protection\":\"PRIVACY\",\"hbase.security.authentication\":\"kerberos\",\"hbase.zookeeper.property.clientPort\":\"2181\",\"hbase.zookeeper.quorum\":\"dev20.xasecure.net\",\"commonNameForCertificate\":\"\"}',0),(3,'1381174553460_195_48',2,'2014-01-18 08:13:35','2013-10-07 12:35:53','2014-01-18 13:43:35',NULL,0,1,NULL,NULL,NULL,1,'System ClI',1,'Admin ',NULL,0,'hivedev','Default Hive Repository',1,3,'{\"username\":\"policymgr/demo20.xasecure.net@DEV20.XASECURE.NET\",\"password\":\"policymgr\",\"jdbc.driverClassName\":\"org.apache.hive.jdbc.HiveDriver\",\"jdbc.url\":\"jdbc:hive2://dev20.xasecure.net:10000/default;principal=hive/xadev20.xasecure.net@DEV20.XASECURE.NET\",\"commonNameForCertificate\":\"\"}',0);
/*!40000 ALTER TABLE `x_asset` ENABLE KEYS */;
UNLOCK TABLES;

--
-- Table structure for table `x_asset_h`
--

DROP TABLE IF EXISTS `x_asset_h`;
/*!40101 SET @saved_cs_client     = @@character_set_client */;
/*!40101 SET character_set_client = utf8 */;
CREATE TABLE `x_asset_h` (
  `H_ID` bigint(20) NOT NULL AUTO_INCREMENT,
  `H_FROM_TIME` datetime NOT NULL,
  `H_TO_TIME` datetime DEFAULT NULL,
  `H_STATUS` int(11) NOT NULL DEFAULT '0',
  `H_SESS_ID` bigint(20) DEFAULT NULL,
  `ID` bigint(20) DEFAULT NULL,
  `GLOBAL_ID` varchar(512) DEFAULT NULL,
  `VERSION_NUM` int(11) DEFAULT '0',
  `LU_TIME` datetime DEFAULT NULL,
  `CREATE_TIME` datetime DEFAULT NULL,
  `UPDATE_TIME` datetime DEFAULT NULL,
  `COPY_OF_ID` bigint(20) DEFAULT NULL,
  `COPY_OF_VER` int(11) DEFAULT '0',
  `STATUS` int(11) DEFAULT '0',
  `DSCN_ID` bigint(20) DEFAULT NULL,
  `PRI_GRP_ID` bigint(20) DEFAULT NULL,
  `PRI_ACCT_ID` bigint(20) DEFAULT NULL,
  `ADDED_BY_ID` bigint(20) DEFAULT NULL,
  `ADDED_BY_NAME` varchar(100) DEFAULT NULL,
  `UPD_BY_ID` bigint(20) DEFAULT NULL,
  `UPDATED_BY_NAME` varchar(100) DEFAULT NULL,
  `CHNG_REASON` varchar(4000) DEFAULT NULL,
  `IS_SYS` tinyint(1) DEFAULT '0',
  `ASSET_NAME` varchar(1024) DEFAULT NULL,
  `DESCR` varchar(4000) DEFAULT NULL,
  `ACT_STATUS` int(11) DEFAULT '0',
  `ASSET_TYPE` int(11) DEFAULT '0',
  `CONFIG` text,
  `SUP_NATIVE` tinyint(1) DEFAULT '0',
  PRIMARY KEY (`H_ID`),
  KEY `X_ASSET_H_TOTIME` (`ID`,`H_TO_TIME`)
) ENGINE=InnoDB AUTO_INCREMENT=7 DEFAULT CHARSET=latin1;
/*!40101 SET character_set_client = @saved_cs_client */;

--
-- Dumping data for table `x_asset_h`
--

LOCK TABLES `x_asset_h` WRITE;
/*!40000 ALTER TABLE `x_asset_h` DISABLE KEYS */;
INSERT INTO `x_asset_h` VALUES (1,'2013-10-07 12:35:53','2014-01-18 13:42:43',0,NULL,1,'1381174553351_785_42',0,NULL,'2013-10-07 12:35:53','2013-10-07 12:35:53',NULL,0,1,NULL,NULL,NULL,1,'System ClI',1,'System ClI',NULL,0,'hadoopdev','Default HDFS Repository',1,1,NULL,0),(2,'2013-10-07 12:35:53','2014-01-18 13:45:26',0,NULL,2,'1381174553414_907_45',0,NULL,'2013-10-07 12:35:53','2013-10-07 12:35:53',NULL,0,1,NULL,NULL,NULL,1,'System ClI',1,'System ClI',NULL,0,'hbasedev','Default HBase Repository',1,2,NULL,0),(3,'2013-10-07 12:35:53','2014-01-18 13:43:35',0,NULL,3,'1381174553460_195_48',0,NULL,'2013-10-07 12:35:53','2013-10-07 12:35:53',NULL,0,1,NULL,NULL,NULL,1,'System ClI',1,'System ClI',NULL,0,'hivedev','Default Hive Repository',1,3,NULL,0),(4,'2014-01-18 13:42:43',NULL,1,NULL,1,'1381174553351_785_42',2,NULL,'2013-10-07 12:35:53','2014-01-18 13:42:43',NULL,0,1,NULL,NULL,NULL,1,'System ClI',1,'Admin ',NULL,0,'hadoopdev','Default HDFS Repository',1,1,'{\"username\":\"policymgr/demo20.xasecure.net@DEV20.XASECURE.NET\",\"password\":\"policymgr\",\"fs.default.name\":\"hdfs://xadev20.xasecure.net:8020\",\"hadoop.security.authorization\":\"true\",\"hadoop.security.authentication\":\"kerberos\",\"hadoop.security.auth_to_local\":\"RULE:[2:$1@$0]([rn]m@.*)s/.*/yarn/         RULE:[2:$1@$0](jhs@.*)s/.*/mapred/         RULE:[2:$1@$0]([nd]n@.*)s/.*/hdfs/         RULE:[2:$1@$0](hm@.*)s/.*/hbase/         RULE:[2:$1@$0](rs@.*)s/.*/hbase/         DEFAULT\",\"dfs.datanode.kerberos.principal\":\"hdfs/xadev20.xasecure.net@DEV20.XASECURE.NET\",\"dfs.namenode.kerberos.principal\":\"hdfs/xadev20.xasecure.net@DEV20.XASECURE.NET\",\"dfs.secondary.namenode.kerberos.principal\":\"hdfs/xadev20.xasecure.net@DEV20.XASECURE.NET\",\"commonNameForCertificate\":\"\"}',0),(5,'2014-01-18 13:43:35',NULL,1,NULL,3,'1381174553460_195_48',2,NULL,'2013-10-07 12:35:53','2014-01-18 13:43:35',NULL,0,1,NULL,NULL,NULL,1,'System ClI',1,'Admin ',NULL,0,'hivedev','Default Hive Repository',1,3,'{\"username\":\"policymgr/demo20.xasecure.net@DEV20.XASECURE.NET\",\"password\":\"policymgr\",\"jdbc.driverClassName\":\"org.apache.hive.jdbc.HiveDriver\",\"jdbc.url\":\"jdbc:hive2://dev20.xasecure.net:10000/default;principal=hive/xadev20.xasecure.net@DEV20.XASECURE.NET\",\"commonNameForCertificate\":\"\"}',0),(6,'2014-01-18 13:45:26',NULL,1,NULL,2,'1381174553414_907_45',2,NULL,'2013-10-07 12:35:53','2014-01-18 13:45:26',NULL,0,1,NULL,NULL,NULL,1,'System ClI',1,'Admin ',NULL,0,'hbasedev','Default HBase Repository',1,2,'{\"username\":\"policymgr/demo20.xasecure.net@DEV20.XASECURE.NET\",\"password\":\"policymgr\",\"fs.default.name\":\"hdfs://dev20.xasecure.net:8020\",\"hadoop.security.authorization\":\"true\",\"hadoop.security.authentication\":\"kerberos\",\"hadoop.security.auth_to_local\":\"RULE:[2:$1@$0]([rn]m@.*)s/.*/yarn/         RULE:[2:$1@$0](jhs@.*)s/.*/mapred/         RULE:[2:$1@$0]([nd]n@.*)s/.*/hdfs/         RULE:[2:$1@$0](hm@.*)s/.*/hbase/         RULE:[2:$1@$0](rs@.*)s/.*/hbase/         DEFAULT\",\"dfs.datanode.kerberos.principal\":\"hdfs/xadev20.xasecure.net@DEV20.XASECURE.NET\",\"dfs.namenode.kerberos.principal\":\"hdfs/xadev20.xasecure.net@DEV20.XASECURE.NET\",\"dfs.secondary.namenode.kerberos.principal\":\"hdfs/xadev20.xasecure.net@DEV20.XASECURE.NET\",\"hbase.master.kerberos.principal\":\"hbase/xadev20.xasecure.net@DEV20.XASECURE.NET\",\"hbase.rpc.engine\":\"org.apache.hadoop.hbase.ipc.SecureRpcEngine\",\"hbase.rpc.protection\":\"PRIVACY\",\"hbase.security.authentication\":\"kerberos\",\"hbase.zookeeper.property.clientPort\":\"2181\",\"hbase.zookeeper.quorum\":\"dev20.xasecure.net\",\"commonNameForCertificate\":\"\"}',0);
/*!40000 ALTER TABLE `x_asset_h` ENABLE KEYS */;
UNLOCK TABLES;

--
-- Table structure for table `x_audit_map`
--

DROP TABLE IF EXISTS `x_audit_map`;
/*!40101 SET @saved_cs_client     = @@character_set_client */;
/*!40101 SET character_set_client = utf8 */;
CREATE TABLE `x_audit_map` (
  `ID` bigint(20) NOT NULL AUTO_INCREMENT,
  `GLOBAL_ID` varchar(512) NOT NULL,
  `VERSION_NUM` int(11) NOT NULL DEFAULT '0',
  `LU_TIME` timestamp NOT NULL DEFAULT CURRENT_TIMESTAMP ON UPDATE CURRENT_TIMESTAMP,
  `CREATE_TIME` datetime NOT NULL,
  `UPDATE_TIME` datetime NOT NULL,
  `COPY_OF_ID` bigint(20) DEFAULT NULL,
  `COPY_OF_VER` int(11) DEFAULT '0',
  `STATUS` int(11) NOT NULL DEFAULT '0',
  `DSCN_ID` bigint(20) DEFAULT NULL,
  `PRI_GRP_ID` bigint(20) DEFAULT NULL,
  `PRI_ACCT_ID` bigint(20) DEFAULT NULL,
  `ADDED_BY_ID` bigint(20) DEFAULT NULL,
  `ADDED_BY_NAME` varchar(100) DEFAULT NULL,
  `UPD_BY_ID` bigint(20) DEFAULT NULL,
  `UPDATED_BY_NAME` varchar(100) DEFAULT NULL,
  `CHNG_REASON` varchar(4000) DEFAULT NULL,
  `IS_SYS` tinyint(1) NOT NULL DEFAULT '0',
  `RES_ID` bigint(20) DEFAULT NULL,
  `GROUP_ID` bigint(20) DEFAULT NULL,
  `USER_ID` bigint(20) DEFAULT NULL,
  `AUDIT_TYPE` int(11) NOT NULL DEFAULT '0',
  PRIMARY KEY (`ID`),
  UNIQUE KEY `X_AUDIT_MAP_UK_GLOBAL_ID` (`GLOBAL_ID`),
  KEY `X_AUDIT_MAP_FK_DSCN_ID` (`DSCN_ID`),
  KEY `X_AUDIT_MAP_FK_PRI_GRP_ID` (`PRI_GRP_ID`),
  KEY `X_AUDIT_MAP_FK_PRI_ACCT_ID` (`PRI_ACCT_ID`),
  KEY `X_AUDIT_MAP_FK_UPD_BY_ID` (`UPD_BY_ID`),
  KEY `X_AUDIT_MAP_FK_RES_ID` (`RES_ID`),
  KEY `X_AUDIT_MAP_FK_GROUP_ID` (`GROUP_ID`),
  KEY `X_AUDIT_MAP_FK_USER_ID` (`USER_ID`),
  KEY `X_AUDIT_MAP_cr_time` (`CREATE_TIME`),
  KEY `X_AUDIT_MAP_up_time` (`UPDATE_TIME`),
  KEY `X_AUDIT_MAP_lu_time` (`LU_TIME`),
  KEY `X_AUDIT_MAP_own_clone` (`ADDED_BY_ID`,`COPY_OF_ID`),
  CONSTRAINT `X_AUDIT_MAP_FK_ADDED_BY_ID` FOREIGN KEY (`ADDED_BY_ID`) REFERENCES `m_user` (`ID`),
  CONSTRAINT `X_AUDIT_MAP_FK_DSCN_ID` FOREIGN KEY (`DSCN_ID`) REFERENCES `m_decsn_hist` (`ID`),
  CONSTRAINT `X_AUDIT_MAP_FK_GROUP_ID` FOREIGN KEY (`GROUP_ID`) REFERENCES `x_group` (`ID`),
  CONSTRAINT `X_AUDIT_MAP_FK_PRI_ACCT_ID` FOREIGN KEY (`PRI_ACCT_ID`) REFERENCES `m_acct` (`ID`),
  CONSTRAINT `X_AUDIT_MAP_FK_PRI_GRP_ID` FOREIGN KEY (`PRI_GRP_ID`) REFERENCES `m_groups` (`ID`),
  CONSTRAINT `X_AUDIT_MAP_FK_RES_ID` FOREIGN KEY (`RES_ID`) REFERENCES `x_resource` (`ID`),
  CONSTRAINT `X_AUDIT_MAP_FK_UPD_BY_ID` FOREIGN KEY (`UPD_BY_ID`) REFERENCES `m_user` (`ID`),
  CONSTRAINT `X_AUDIT_MAP_FK_USER_ID` FOREIGN KEY (`USER_ID`) REFERENCES `x_user` (`ID`)
) ENGINE=InnoDB DEFAULT CHARSET=latin1;
/*!40101 SET character_set_client = @saved_cs_client */;

--
-- Dumping data for table `x_audit_map`
--

LOCK TABLES `x_audit_map` WRITE;
/*!40000 ALTER TABLE `x_audit_map` DISABLE KEYS */;
/*!40000 ALTER TABLE `x_audit_map` ENABLE KEYS */;
UNLOCK TABLES;

--
-- Table structure for table `x_audit_map_h`
--

DROP TABLE IF EXISTS `x_audit_map_h`;
/*!40101 SET @saved_cs_client     = @@character_set_client */;
/*!40101 SET character_set_client = utf8 */;
CREATE TABLE `x_audit_map_h` (
  `H_ID` bigint(20) NOT NULL AUTO_INCREMENT,
  `H_FROM_TIME` datetime NOT NULL,
  `H_TO_TIME` datetime DEFAULT NULL,
  `H_STATUS` int(11) NOT NULL DEFAULT '0',
  `H_SESS_ID` bigint(20) DEFAULT NULL,
  `ID` bigint(20) DEFAULT NULL,
  `GLOBAL_ID` varchar(512) DEFAULT NULL,
  `VERSION_NUM` int(11) DEFAULT '0',
  `LU_TIME` datetime DEFAULT NULL,
  `CREATE_TIME` datetime DEFAULT NULL,
  `UPDATE_TIME` datetime DEFAULT NULL,
  `COPY_OF_ID` bigint(20) DEFAULT NULL,
  `COPY_OF_VER` int(11) DEFAULT '0',
  `STATUS` int(11) DEFAULT '0',
  `DSCN_ID` bigint(20) DEFAULT NULL,
  `PRI_GRP_ID` bigint(20) DEFAULT NULL,
  `PRI_ACCT_ID` bigint(20) DEFAULT NULL,
  `ADDED_BY_ID` bigint(20) DEFAULT NULL,
  `ADDED_BY_NAME` varchar(100) DEFAULT NULL,
  `UPD_BY_ID` bigint(20) DEFAULT NULL,
  `UPDATED_BY_NAME` varchar(100) DEFAULT NULL,
  `CHNG_REASON` varchar(4000) DEFAULT NULL,
  `IS_SYS` tinyint(1) DEFAULT '0',
  `RES_ID` bigint(20) DEFAULT NULL,
  `GROUP_ID` bigint(20) DEFAULT NULL,
  `USER_ID` bigint(20) DEFAULT NULL,
  `AUDIT_TYPE` int(11) DEFAULT '0',
  PRIMARY KEY (`H_ID`),
  KEY `X_AUDIT_MAP_H_TOTIME` (`ID`,`H_TO_TIME`)
) ENGINE=InnoDB DEFAULT CHARSET=latin1;
/*!40101 SET character_set_client = @saved_cs_client */;

--
-- Dumping data for table `x_audit_map_h`
--

LOCK TABLES `x_audit_map_h` WRITE;
/*!40000 ALTER TABLE `x_audit_map_h` DISABLE KEYS */;
/*!40000 ALTER TABLE `x_audit_map_h` ENABLE KEYS */;
UNLOCK TABLES;

--
-- Table structure for table `x_comm_ref`
--

DROP TABLE IF EXISTS `x_comm_ref`;
/*!40101 SET @saved_cs_client     = @@character_set_client */;
/*!40101 SET character_set_client = utf8 */;
CREATE TABLE `x_comm_ref` (
  `ID` bigint(20) NOT NULL AUTO_INCREMENT,
  `GLOBAL_ID` varchar(512) NOT NULL,
  `VERSION_NUM` int(11) NOT NULL DEFAULT '0',
  `LU_TIME` timestamp NOT NULL DEFAULT CURRENT_TIMESTAMP ON UPDATE CURRENT_TIMESTAMP,
  `CREATE_TIME` datetime NOT NULL,
  `UPDATE_TIME` datetime NOT NULL,
  `COPY_OF_ID` bigint(20) DEFAULT NULL,
  `COPY_OF_VER` int(11) DEFAULT '0',
  `STATUS` int(11) NOT NULL DEFAULT '0',
  `DSCN_ID` bigint(20) DEFAULT NULL,
  `PRI_GRP_ID` bigint(20) DEFAULT NULL,
  `PRI_ACCT_ID` bigint(20) DEFAULT NULL,
  `ADDED_BY_ID` bigint(20) DEFAULT NULL,
  `ADDED_BY_NAME` varchar(100) DEFAULT NULL,
  `UPD_BY_ID` bigint(20) DEFAULT NULL,
  `UPDATED_BY_NAME` varchar(100) DEFAULT NULL,
  `CHNG_REASON` varchar(4000) DEFAULT NULL,
  `IS_SYS` tinyint(1) NOT NULL DEFAULT '0',
  `UP_COUNT` int(11) NOT NULL DEFAULT '0',
  `DOWN_COUNT` int(11) NOT NULL DEFAULT '0',
  `RATING` int(11) NOT NULL DEFAULT '0',
  `SEL_COUNT` int(11) NOT NULL DEFAULT '0',
  `SHR_PREF` int(11) NOT NULL DEFAULT '0',
  `CLASS_TYPE` int(11) NOT NULL DEFAULT '0',
  `OBJECT_ID` bigint(20) DEFAULT NULL,
  `USER_ID` bigint(20) DEFAULT NULL,
  `ACCT_ID` bigint(20) DEFAULT NULL,
  `GROUP_ID` bigint(20) DEFAULT NULL,
  `DOC_ID` bigint(20) DEFAULT NULL,
  `TASK_ID` bigint(20) DEFAULT NULL,
  `RESOURCE_ID` bigint(20) DEFAULT NULL,
  PRIMARY KEY (`ID`),
  UNIQUE KEY `X_COMM_REF_UK_GLOBAL_ID` (`GLOBAL_ID`),
  KEY `X_COMM_REF_FK_DSCN_ID` (`DSCN_ID`),
  KEY `X_COMM_REF_FK_PRI_GRP_ID` (`PRI_GRP_ID`),
  KEY `X_COMM_REF_FK_PRI_ACCT_ID` (`PRI_ACCT_ID`),
  KEY `X_COMM_REF_FK_UPD_BY_ID` (`UPD_BY_ID`),
  KEY `X_COMM_REF_FK_USER_ID` (`USER_ID`),
  KEY `X_COMM_REF_FK_ACCT_ID` (`ACCT_ID`),
  KEY `X_COMM_REF_FK_GROUP_ID` (`GROUP_ID`),
  KEY `X_COMM_REF_FK_DOC_ID` (`DOC_ID`),
  KEY `X_COMM_REF_FK_TASK_ID` (`TASK_ID`),
  KEY `X_COMM_REF_FK_RESOURCE_ID` (`RESOURCE_ID`),
  KEY `X_COMM_REF_cr_time` (`CREATE_TIME`),
  KEY `X_COMM_REF_up_time` (`UPDATE_TIME`),
  KEY `X_COMM_REF_lu_time` (`LU_TIME`),
  KEY `X_COMM_REF_own_clone` (`ADDED_BY_ID`,`COPY_OF_ID`),
  KEY `X_COMM_REF_ref_id` (`CLASS_TYPE`,`OBJECT_ID`),
  CONSTRAINT `X_COMM_REF_FK_RESOURCE_ID` FOREIGN KEY (`RESOURCE_ID`) REFERENCES `x_resource` (`ID`),
  CONSTRAINT `X_COMM_REF_FK_ACCT_ID` FOREIGN KEY (`ACCT_ID`) REFERENCES `m_acct` (`ID`),
  CONSTRAINT `X_COMM_REF_FK_ADDED_BY_ID` FOREIGN KEY (`ADDED_BY_ID`) REFERENCES `m_user` (`ID`),
  CONSTRAINT `X_COMM_REF_FK_DOC_ID` FOREIGN KEY (`DOC_ID`) REFERENCES `m_docs` (`ID`),
  CONSTRAINT `X_COMM_REF_FK_DSCN_ID` FOREIGN KEY (`DSCN_ID`) REFERENCES `m_decsn_hist` (`ID`),
  CONSTRAINT `X_COMM_REF_FK_GROUP_ID` FOREIGN KEY (`GROUP_ID`) REFERENCES `m_groups` (`ID`),
  CONSTRAINT `X_COMM_REF_FK_PRI_ACCT_ID` FOREIGN KEY (`PRI_ACCT_ID`) REFERENCES `m_acct` (`ID`),
  CONSTRAINT `X_COMM_REF_FK_PRI_GRP_ID` FOREIGN KEY (`PRI_GRP_ID`) REFERENCES `m_groups` (`ID`),
  CONSTRAINT `X_COMM_REF_FK_TASK_ID` FOREIGN KEY (`TASK_ID`) REFERENCES `m_tasks` (`ID`),
  CONSTRAINT `X_COMM_REF_FK_UPD_BY_ID` FOREIGN KEY (`UPD_BY_ID`) REFERENCES `m_user` (`ID`),
  CONSTRAINT `X_COMM_REF_FK_USER_ID` FOREIGN KEY (`USER_ID`) REFERENCES `m_user` (`ID`)
) ENGINE=InnoDB DEFAULT CHARSET=latin1;
/*!40101 SET character_set_client = @saved_cs_client */;

--
-- Dumping data for table `x_comm_ref`
--

LOCK TABLES `x_comm_ref` WRITE;
/*!40000 ALTER TABLE `x_comm_ref` DISABLE KEYS */;
/*!40000 ALTER TABLE `x_comm_ref` ENABLE KEYS */;
UNLOCK TABLES;

--
-- Table structure for table `x_comm_ref_h`
--

DROP TABLE IF EXISTS `x_comm_ref_h`;
/*!40101 SET @saved_cs_client     = @@character_set_client */;
/*!40101 SET character_set_client = utf8 */;
CREATE TABLE `x_comm_ref_h` (
  `H_ID` bigint(20) NOT NULL AUTO_INCREMENT,
  `H_FROM_TIME` datetime NOT NULL,
  `H_TO_TIME` datetime DEFAULT NULL,
  `H_STATUS` int(11) NOT NULL DEFAULT '0',
  `H_SESS_ID` bigint(20) DEFAULT NULL,
  `ID` bigint(20) DEFAULT NULL,
  `GLOBAL_ID` varchar(512) DEFAULT NULL,
  `VERSION_NUM` int(11) DEFAULT '0',
  `LU_TIME` datetime DEFAULT NULL,
  `CREATE_TIME` datetime DEFAULT NULL,
  `UPDATE_TIME` datetime DEFAULT NULL,
  `COPY_OF_ID` bigint(20) DEFAULT NULL,
  `COPY_OF_VER` int(11) DEFAULT '0',
  `STATUS` int(11) DEFAULT '0',
  `DSCN_ID` bigint(20) DEFAULT NULL,
  `PRI_GRP_ID` bigint(20) DEFAULT NULL,
  `PRI_ACCT_ID` bigint(20) DEFAULT NULL,
  `ADDED_BY_ID` bigint(20) DEFAULT NULL,
  `ADDED_BY_NAME` varchar(100) DEFAULT NULL,
  `UPD_BY_ID` bigint(20) DEFAULT NULL,
  `UPDATED_BY_NAME` varchar(100) DEFAULT NULL,
  `CHNG_REASON` varchar(4000) DEFAULT NULL,
  `IS_SYS` tinyint(1) DEFAULT '0',
  `UP_COUNT` int(11) DEFAULT '0',
  `DOWN_COUNT` int(11) DEFAULT '0',
  `RATING` int(11) DEFAULT '0',
  `SEL_COUNT` int(11) DEFAULT '0',
  `SHR_PREF` int(11) DEFAULT '0',
  `CLASS_TYPE` int(11) DEFAULT '0',
  `OBJECT_ID` bigint(20) DEFAULT NULL,
  `USER_ID` bigint(20) DEFAULT NULL,
  `ACCT_ID` bigint(20) DEFAULT NULL,
  `GROUP_ID` bigint(20) DEFAULT NULL,
  `DOC_ID` bigint(20) DEFAULT NULL,
  `TASK_ID` bigint(20) DEFAULT NULL,
  `RESOURCE_ID` bigint(20) DEFAULT NULL,
  PRIMARY KEY (`H_ID`),
  KEY `X_COMM_REF_H_TOTIME` (`ID`,`H_TO_TIME`)
) ENGINE=InnoDB DEFAULT CHARSET=latin1;
/*!40101 SET character_set_client = @saved_cs_client */;

--
-- Dumping data for table `x_comm_ref_h`
--

LOCK TABLES `x_comm_ref_h` WRITE;
/*!40000 ALTER TABLE `x_comm_ref_h` DISABLE KEYS */;
/*!40000 ALTER TABLE `x_comm_ref_h` ENABLE KEYS */;
UNLOCK TABLES;

--
-- Table structure for table `x_cred_store`
--

DROP TABLE IF EXISTS `x_cred_store`;
/*!40101 SET @saved_cs_client     = @@character_set_client */;
/*!40101 SET character_set_client = utf8 */;
CREATE TABLE `x_cred_store` (
  `ID` bigint(20) NOT NULL AUTO_INCREMENT,
  `GLOBAL_ID` varchar(512) NOT NULL,
  `VERSION_NUM` int(11) NOT NULL DEFAULT '0',
  `LU_TIME` timestamp NOT NULL DEFAULT CURRENT_TIMESTAMP ON UPDATE CURRENT_TIMESTAMP,
  `CREATE_TIME` datetime NOT NULL,
  `UPDATE_TIME` datetime NOT NULL,
  `COPY_OF_ID` bigint(20) DEFAULT NULL,
  `COPY_OF_VER` int(11) DEFAULT '0',
  `STATUS` int(11) NOT NULL DEFAULT '0',
  `DSCN_ID` bigint(20) DEFAULT NULL,
  `PRI_GRP_ID` bigint(20) DEFAULT NULL,
  `PRI_ACCT_ID` bigint(20) DEFAULT NULL,
  `ADDED_BY_ID` bigint(20) DEFAULT NULL,
  `ADDED_BY_NAME` varchar(100) DEFAULT NULL,
  `UPD_BY_ID` bigint(20) DEFAULT NULL,
  `UPDATED_BY_NAME` varchar(100) DEFAULT NULL,
  `CHNG_REASON` varchar(4000) DEFAULT NULL,
  `IS_SYS` tinyint(1) NOT NULL DEFAULT '0',
  `STORE_NAME` varchar(1024) NOT NULL,
  `DESCR` varchar(4000) NOT NULL,
  PRIMARY KEY (`ID`),
  UNIQUE KEY `X_CRED_STORE_UK_GLOBAL_ID` (`GLOBAL_ID`),
  KEY `X_CRED_STORE_FK_DSCN_ID` (`DSCN_ID`),
  KEY `X_CRED_STORE_FK_PRI_GRP_ID` (`PRI_GRP_ID`),
  KEY `X_CRED_STORE_FK_PRI_ACCT_ID` (`PRI_ACCT_ID`),
  KEY `X_CRED_STORE_FK_UPD_BY_ID` (`UPD_BY_ID`),
  KEY `X_CRED_STORE_cr_time` (`CREATE_TIME`),
  KEY `X_CRED_STORE_up_time` (`UPDATE_TIME`),
  KEY `X_CRED_STORE_lu_time` (`LU_TIME`),
  KEY `X_CRED_STORE_own_clone` (`ADDED_BY_ID`,`COPY_OF_ID`),
  CONSTRAINT `X_CRED_STORE_FK_ADDED_BY_ID` FOREIGN KEY (`ADDED_BY_ID`) REFERENCES `m_user` (`ID`),
  CONSTRAINT `X_CRED_STORE_FK_DSCN_ID` FOREIGN KEY (`DSCN_ID`) REFERENCES `m_decsn_hist` (`ID`),
  CONSTRAINT `X_CRED_STORE_FK_PRI_ACCT_ID` FOREIGN KEY (`PRI_ACCT_ID`) REFERENCES `m_acct` (`ID`),
  CONSTRAINT `X_CRED_STORE_FK_PRI_GRP_ID` FOREIGN KEY (`PRI_GRP_ID`) REFERENCES `m_groups` (`ID`),
  CONSTRAINT `X_CRED_STORE_FK_UPD_BY_ID` FOREIGN KEY (`UPD_BY_ID`) REFERENCES `m_user` (`ID`)
) ENGINE=InnoDB DEFAULT CHARSET=latin1;
/*!40101 SET character_set_client = @saved_cs_client */;

--
-- Dumping data for table `x_cred_store`
--

LOCK TABLES `x_cred_store` WRITE;
/*!40000 ALTER TABLE `x_cred_store` DISABLE KEYS */;
/*!40000 ALTER TABLE `x_cred_store` ENABLE KEYS */;
UNLOCK TABLES;

--
-- Table structure for table `x_cred_store_h`
--

DROP TABLE IF EXISTS `x_cred_store_h`;
/*!40101 SET @saved_cs_client     = @@character_set_client */;
/*!40101 SET character_set_client = utf8 */;
CREATE TABLE `x_cred_store_h` (
  `H_ID` bigint(20) NOT NULL AUTO_INCREMENT,
  `H_FROM_TIME` datetime NOT NULL,
  `H_TO_TIME` datetime DEFAULT NULL,
  `H_STATUS` int(11) NOT NULL DEFAULT '0',
  `H_SESS_ID` bigint(20) DEFAULT NULL,
  `ID` bigint(20) DEFAULT NULL,
  `GLOBAL_ID` varchar(512) DEFAULT NULL,
  `VERSION_NUM` int(11) DEFAULT '0',
  `LU_TIME` datetime DEFAULT NULL,
  `CREATE_TIME` datetime DEFAULT NULL,
  `UPDATE_TIME` datetime DEFAULT NULL,
  `COPY_OF_ID` bigint(20) DEFAULT NULL,
  `COPY_OF_VER` int(11) DEFAULT '0',
  `STATUS` int(11) DEFAULT '0',
  `DSCN_ID` bigint(20) DEFAULT NULL,
  `PRI_GRP_ID` bigint(20) DEFAULT NULL,
  `PRI_ACCT_ID` bigint(20) DEFAULT NULL,
  `ADDED_BY_ID` bigint(20) DEFAULT NULL,
  `ADDED_BY_NAME` varchar(100) DEFAULT NULL,
  `UPD_BY_ID` bigint(20) DEFAULT NULL,
  `UPDATED_BY_NAME` varchar(100) DEFAULT NULL,
  `CHNG_REASON` varchar(4000) DEFAULT NULL,
  `IS_SYS` tinyint(1) DEFAULT '0',
  `STORE_NAME` varchar(1024) DEFAULT NULL,
  `DESCR` varchar(4000) DEFAULT NULL,
  PRIMARY KEY (`H_ID`),
  KEY `X_CRED_STORE_H_TOTIME` (`ID`,`H_TO_TIME`)
) ENGINE=InnoDB DEFAULT CHARSET=latin1;
/*!40101 SET character_set_client = @saved_cs_client */;

--
-- Dumping data for table `x_cred_store_h`
--

LOCK TABLES `x_cred_store_h` WRITE;
/*!40000 ALTER TABLE `x_cred_store_h` DISABLE KEYS */;
/*!40000 ALTER TABLE `x_cred_store_h` ENABLE KEYS */;
UNLOCK TABLES;

--
-- Table structure for table `x_group`
--

DROP TABLE IF EXISTS `x_group`;
/*!40101 SET @saved_cs_client     = @@character_set_client */;
/*!40101 SET character_set_client = utf8 */;
CREATE TABLE `x_group` (
  `ID` bigint(20) NOT NULL AUTO_INCREMENT,
  `GLOBAL_ID` varchar(512) NOT NULL,
  `VERSION_NUM` int(11) NOT NULL DEFAULT '0',
  `LU_TIME` timestamp NOT NULL DEFAULT CURRENT_TIMESTAMP ON UPDATE CURRENT_TIMESTAMP,
  `CREATE_TIME` datetime NOT NULL,
  `UPDATE_TIME` datetime NOT NULL,
  `COPY_OF_ID` bigint(20) DEFAULT NULL,
  `COPY_OF_VER` int(11) DEFAULT '0',
  `STATUS` int(11) NOT NULL DEFAULT '0',
  `DSCN_ID` bigint(20) DEFAULT NULL,
  `PRI_GRP_ID` bigint(20) DEFAULT NULL,
  `PRI_ACCT_ID` bigint(20) DEFAULT NULL,
  `ADDED_BY_ID` bigint(20) DEFAULT NULL,
  `ADDED_BY_NAME` varchar(100) DEFAULT NULL,
  `UPD_BY_ID` bigint(20) DEFAULT NULL,
  `UPDATED_BY_NAME` varchar(100) DEFAULT NULL,
  `CHNG_REASON` varchar(4000) DEFAULT NULL,
  `IS_SYS` tinyint(1) NOT NULL DEFAULT '0',
  `GROUP_NAME` varchar(1024) NOT NULL,
  `DESCR` varchar(4000) NOT NULL,
  `GROUP_TYPE` int(11) NOT NULL DEFAULT '0',
  `CRED_STORE_ID` bigint(20) DEFAULT NULL,
  PRIMARY KEY (`ID`),
  UNIQUE KEY `X_GROUP_UK_GLOBAL_ID` (`GLOBAL_ID`),
  KEY `X_GROUP_FK_DSCN_ID` (`DSCN_ID`),
  KEY `X_GROUP_FK_PRI_GRP_ID` (`PRI_GRP_ID`),
  KEY `X_GROUP_FK_PRI_ACCT_ID` (`PRI_ACCT_ID`),
  KEY `X_GROUP_FK_UPD_BY_ID` (`UPD_BY_ID`),
  KEY `X_GROUP_FK_CRED_STORE_ID` (`CRED_STORE_ID`),
  KEY `X_GROUP_cr_time` (`CREATE_TIME`),
  KEY `X_GROUP_up_time` (`UPDATE_TIME`),
  KEY `X_GROUP_lu_time` (`LU_TIME`),
  KEY `X_GROUP_own_clone` (`ADDED_BY_ID`,`COPY_OF_ID`),
  CONSTRAINT `X_GROUP_FK_ADDED_BY_ID` FOREIGN KEY (`ADDED_BY_ID`) REFERENCES `m_user` (`ID`),
  CONSTRAINT `X_GROUP_FK_CRED_STORE_ID` FOREIGN KEY (`CRED_STORE_ID`) REFERENCES `x_cred_store` (`ID`),
  CONSTRAINT `X_GROUP_FK_DSCN_ID` FOREIGN KEY (`DSCN_ID`) REFERENCES `m_decsn_hist` (`ID`),
  CONSTRAINT `X_GROUP_FK_PRI_ACCT_ID` FOREIGN KEY (`PRI_ACCT_ID`) REFERENCES `m_acct` (`ID`),
  CONSTRAINT `X_GROUP_FK_PRI_GRP_ID` FOREIGN KEY (`PRI_GRP_ID`) REFERENCES `m_groups` (`ID`),
  CONSTRAINT `X_GROUP_FK_UPD_BY_ID` FOREIGN KEY (`UPD_BY_ID`) REFERENCES `m_user` (`ID`)
) ENGINE=InnoDB AUTO_INCREMENT=7 DEFAULT CHARSET=latin1;
/*!40101 SET character_set_client = @saved_cs_client */;

--
-- Dumping data for table `x_group`
--

LOCK TABLES `x_group` WRITE;
/*!40000 ALTER TABLE `x_group` DISABLE KEYS */;
INSERT INTO `x_group` VALUES (1,'1384865595047_906_37',0,'2013-11-19 12:53:15','2013-11-19 18:23:15','2013-11-19 18:23:15',NULL,0,1,NULL,1,1,1,'System ClI',1,'System ClI',NULL,0,'IB_Marketing','IB_Marketing',1,NULL),(2,'1384865596643_923_97',0,'2013-11-19 12:53:16','2013-11-19 18:23:16','2013-11-19 18:23:16',NULL,0,1,NULL,1,1,1,'System ClI',1,'System ClI',NULL,0,'RFS_Marketing','RFS_Marketing',1,NULL),(3,'1384865597792_446_157',0,'2013-11-19 12:53:17','2013-11-19 18:23:17','2013-11-19 18:23:17',NULL,0,1,NULL,1,1,1,'System ClI',1,'System ClI',NULL,0,'AMEX_Risk','AMEX_Risk',1,NULL),(4,'1384865598901_49_217',0,'2013-11-19 12:53:18','2013-11-19 18:23:18','2013-11-19 18:23:18',NULL,0,1,NULL,1,1,1,'System ClI',1,'System ClI',NULL,0,'IB_IT','IB_IT',1,NULL),(5,'1384865600864_624_277',0,'2013-11-19 12:53:20','2013-11-19 18:23:20','2013-11-19 18:23:20',NULL,0,1,NULL,1,1,1,'System ClI',1,'System ClI',NULL,0,'RFS_IT','RFS_IT',1,NULL),(6,'1384865601876_863_337',0,'2013-11-19 12:53:21','2013-11-19 18:23:21','2013-11-19 18:23:21',NULL,0,1,NULL,1,1,1,'System ClI',1,'System ClI',NULL,0,'AMEX_IT','AMEX_IT',1,NULL);
/*!40000 ALTER TABLE `x_group` ENABLE KEYS */;
UNLOCK TABLES;

--
-- Table structure for table `x_group_groups`
--

DROP TABLE IF EXISTS `x_group_groups`;
/*!40101 SET @saved_cs_client     = @@character_set_client */;
/*!40101 SET character_set_client = utf8 */;
CREATE TABLE `x_group_groups` (
  `ID` bigint(20) NOT NULL AUTO_INCREMENT,
  `GLOBAL_ID` varchar(512) NOT NULL,
  `VERSION_NUM` int(11) NOT NULL DEFAULT '0',
  `LU_TIME` timestamp NOT NULL DEFAULT CURRENT_TIMESTAMP ON UPDATE CURRENT_TIMESTAMP,
  `CREATE_TIME` datetime NOT NULL,
  `UPDATE_TIME` datetime NOT NULL,
  `COPY_OF_ID` bigint(20) DEFAULT NULL,
  `COPY_OF_VER` int(11) DEFAULT '0',
  `STATUS` int(11) NOT NULL DEFAULT '0',
  `DSCN_ID` bigint(20) DEFAULT NULL,
  `PRI_GRP_ID` bigint(20) DEFAULT NULL,
  `PRI_ACCT_ID` bigint(20) DEFAULT NULL,
  `ADDED_BY_ID` bigint(20) DEFAULT NULL,
  `ADDED_BY_NAME` varchar(100) DEFAULT NULL,
  `UPD_BY_ID` bigint(20) DEFAULT NULL,
  `UPDATED_BY_NAME` varchar(100) DEFAULT NULL,
  `CHNG_REASON` varchar(4000) DEFAULT NULL,
  `IS_SYS` tinyint(1) NOT NULL DEFAULT '0',
  `GROUP_NAME` varchar(1024) NOT NULL,
  `P_GROUP_ID` bigint(20) DEFAULT NULL,
  `GROUP_ID` bigint(20) DEFAULT NULL,
  PRIMARY KEY (`ID`),
  UNIQUE KEY `X_GROUP_GROUPS_UK_GLOBAL_ID` (`GLOBAL_ID`),
  KEY `X_GROUP_GROUPS_FK_DSCN_ID` (`DSCN_ID`),
  KEY `X_GROUP_GROUPS_FK_PRI_GRP_ID` (`PRI_GRP_ID`),
  KEY `X_GROUP_GROUPS_FK_PRI_ACCT_ID` (`PRI_ACCT_ID`),
  KEY `X_GROUP_GROUPS_FK_UPD_BY_ID` (`UPD_BY_ID`),
  KEY `X_GROUP_GROUPS_FK_P_GROUP_ID` (`P_GROUP_ID`),
  KEY `X_GROUP_GROUPS_FK_GROUP_ID` (`GROUP_ID`),
  KEY `X_GROUP_GROUPS_cr_time` (`CREATE_TIME`),
  KEY `X_GROUP_GROUPS_up_time` (`UPDATE_TIME`),
  KEY `X_GROUP_GROUPS_lu_time` (`LU_TIME`),
  KEY `X_GROUP_GROUPS_own_clone` (`ADDED_BY_ID`,`COPY_OF_ID`),
  CONSTRAINT `X_GROUP_GROUPS_FK_ADDED_BY_ID` FOREIGN KEY (`ADDED_BY_ID`) REFERENCES `m_user` (`ID`),
  CONSTRAINT `X_GROUP_GROUPS_FK_DSCN_ID` FOREIGN KEY (`DSCN_ID`) REFERENCES `m_decsn_hist` (`ID`),
  CONSTRAINT `X_GROUP_GROUPS_FK_GROUP_ID` FOREIGN KEY (`GROUP_ID`) REFERENCES `x_group` (`ID`),
  CONSTRAINT `X_GROUP_GROUPS_FK_PRI_ACCT_ID` FOREIGN KEY (`PRI_ACCT_ID`) REFERENCES `m_acct` (`ID`),
  CONSTRAINT `X_GROUP_GROUPS_FK_PRI_GRP_ID` FOREIGN KEY (`PRI_GRP_ID`) REFERENCES `m_groups` (`ID`),
  CONSTRAINT `X_GROUP_GROUPS_FK_P_GROUP_ID` FOREIGN KEY (`P_GROUP_ID`) REFERENCES `x_group` (`ID`),
  CONSTRAINT `X_GROUP_GROUPS_FK_UPD_BY_ID` FOREIGN KEY (`UPD_BY_ID`) REFERENCES `m_user` (`ID`)
) ENGINE=InnoDB DEFAULT CHARSET=latin1;
/*!40101 SET character_set_client = @saved_cs_client */;

--
-- Dumping data for table `x_group_groups`
--

LOCK TABLES `x_group_groups` WRITE;
/*!40000 ALTER TABLE `x_group_groups` DISABLE KEYS */;
/*!40000 ALTER TABLE `x_group_groups` ENABLE KEYS */;
UNLOCK TABLES;

--
-- Table structure for table `x_group_groups_h`
--

DROP TABLE IF EXISTS `x_group_groups_h`;
/*!40101 SET @saved_cs_client     = @@character_set_client */;
/*!40101 SET character_set_client = utf8 */;
CREATE TABLE `x_group_groups_h` (
  `H_ID` bigint(20) NOT NULL AUTO_INCREMENT,
  `H_FROM_TIME` datetime NOT NULL,
  `H_TO_TIME` datetime DEFAULT NULL,
  `H_STATUS` int(11) NOT NULL DEFAULT '0',
  `H_SESS_ID` bigint(20) DEFAULT NULL,
  `ID` bigint(20) DEFAULT NULL,
  `GLOBAL_ID` varchar(512) DEFAULT NULL,
  `VERSION_NUM` int(11) DEFAULT '0',
  `LU_TIME` datetime DEFAULT NULL,
  `CREATE_TIME` datetime DEFAULT NULL,
  `UPDATE_TIME` datetime DEFAULT NULL,
  `COPY_OF_ID` bigint(20) DEFAULT NULL,
  `COPY_OF_VER` int(11) DEFAULT '0',
  `STATUS` int(11) DEFAULT '0',
  `DSCN_ID` bigint(20) DEFAULT NULL,
  `PRI_GRP_ID` bigint(20) DEFAULT NULL,
  `PRI_ACCT_ID` bigint(20) DEFAULT NULL,
  `ADDED_BY_ID` bigint(20) DEFAULT NULL,
  `ADDED_BY_NAME` varchar(100) DEFAULT NULL,
  `UPD_BY_ID` bigint(20) DEFAULT NULL,
  `UPDATED_BY_NAME` varchar(100) DEFAULT NULL,
  `CHNG_REASON` varchar(4000) DEFAULT NULL,
  `IS_SYS` tinyint(1) DEFAULT '0',
  `GROUP_NAME` varchar(1024) DEFAULT NULL,
  `P_GROUP_ID` bigint(20) DEFAULT NULL,
  `GROUP_ID` bigint(20) DEFAULT NULL,
  PRIMARY KEY (`H_ID`),
  KEY `X_GROUP_GROUPS_H_TOTIME` (`ID`,`H_TO_TIME`)
) ENGINE=InnoDB DEFAULT CHARSET=latin1;
/*!40101 SET character_set_client = @saved_cs_client */;

--
-- Dumping data for table `x_group_groups_h`
--

LOCK TABLES `x_group_groups_h` WRITE;
/*!40000 ALTER TABLE `x_group_groups_h` DISABLE KEYS */;
/*!40000 ALTER TABLE `x_group_groups_h` ENABLE KEYS */;
UNLOCK TABLES;

--
-- Table structure for table `x_group_h`
--

DROP TABLE IF EXISTS `x_group_h`;
/*!40101 SET @saved_cs_client     = @@character_set_client */;
/*!40101 SET character_set_client = utf8 */;
CREATE TABLE `x_group_h` (
  `H_ID` bigint(20) NOT NULL AUTO_INCREMENT,
  `H_FROM_TIME` datetime NOT NULL,
  `H_TO_TIME` datetime DEFAULT NULL,
  `H_STATUS` int(11) NOT NULL DEFAULT '0',
  `H_SESS_ID` bigint(20) DEFAULT NULL,
  `ID` bigint(20) DEFAULT NULL,
  `GLOBAL_ID` varchar(512) DEFAULT NULL,
  `VERSION_NUM` int(11) DEFAULT '0',
  `LU_TIME` datetime DEFAULT NULL,
  `CREATE_TIME` datetime DEFAULT NULL,
  `UPDATE_TIME` datetime DEFAULT NULL,
  `COPY_OF_ID` bigint(20) DEFAULT NULL,
  `COPY_OF_VER` int(11) DEFAULT '0',
  `STATUS` int(11) DEFAULT '0',
  `DSCN_ID` bigint(20) DEFAULT NULL,
  `PRI_GRP_ID` bigint(20) DEFAULT NULL,
  `PRI_ACCT_ID` bigint(20) DEFAULT NULL,
  `ADDED_BY_ID` bigint(20) DEFAULT NULL,
  `ADDED_BY_NAME` varchar(100) DEFAULT NULL,
  `UPD_BY_ID` bigint(20) DEFAULT NULL,
  `UPDATED_BY_NAME` varchar(100) DEFAULT NULL,
  `CHNG_REASON` varchar(4000) DEFAULT NULL,
  `IS_SYS` tinyint(1) DEFAULT '0',
  `GROUP_NAME` varchar(1024) DEFAULT NULL,
  `DESCR` varchar(4000) DEFAULT NULL,
  `GROUP_TYPE` int(11) DEFAULT '0',
  `CRED_STORE_ID` bigint(20) DEFAULT NULL,
  PRIMARY KEY (`H_ID`),
  KEY `X_GROUP_H_TOTIME` (`ID`,`H_TO_TIME`)
) ENGINE=InnoDB AUTO_INCREMENT=7 DEFAULT CHARSET=latin1;
/*!40101 SET character_set_client = @saved_cs_client */;

--
-- Dumping data for table `x_group_h`
--

LOCK TABLES `x_group_h` WRITE;
/*!40000 ALTER TABLE `x_group_h` DISABLE KEYS */;
INSERT INTO `x_group_h` VALUES (1,'2013-11-19 18:23:15',NULL,0,NULL,1,'1384865595047_906_37',0,NULL,'2013-11-19 18:23:15','2013-11-19 18:23:15',NULL,0,1,NULL,1,1,1,'System ClI',1,'System ClI',NULL,0,'IB_Marketing','IB_Marketing',1,NULL),(2,'2013-11-19 18:23:16',NULL,0,NULL,2,'1384865596643_923_97',0,NULL,'2013-11-19 18:23:16','2013-11-19 18:23:16',NULL,0,1,NULL,1,1,1,'System ClI',1,'System ClI',NULL,0,'RFS_Marketing','RFS_Marketing',1,NULL),(3,'2013-11-19 18:23:17',NULL,0,NULL,3,'1384865597792_446_157',0,NULL,'2013-11-19 18:23:17','2013-11-19 18:23:17',NULL,0,1,NULL,1,1,1,'System ClI',1,'System ClI',NULL,0,'AMEX_Risk','AMEX_Risk',1,NULL),(4,'2013-11-19 18:23:18',NULL,0,NULL,4,'1384865598901_49_217',0,NULL,'2013-11-19 18:23:18','2013-11-19 18:23:18',NULL,0,1,NULL,1,1,1,'System ClI',1,'System ClI',NULL,0,'IB_IT','IB_IT',1,NULL),(5,'2013-11-19 18:23:20',NULL,0,NULL,5,'1384865600864_624_277',0,NULL,'2013-11-19 18:23:20','2013-11-19 18:23:20',NULL,0,1,NULL,1,1,1,'System ClI',1,'System ClI',NULL,0,'RFS_IT','RFS_IT',1,NULL),(6,'2013-11-19 18:23:21',NULL,0,NULL,6,'1384865601876_863_337',0,NULL,'2013-11-19 18:23:21','2013-11-19 18:23:21',NULL,0,1,NULL,1,1,1,'System ClI',1,'System ClI',NULL,0,'AMEX_IT','AMEX_IT',1,NULL);
/*!40000 ALTER TABLE `x_group_h` ENABLE KEYS */;
UNLOCK TABLES;

--
-- Table structure for table `x_group_users`
--

DROP TABLE IF EXISTS `x_group_users`;
/*!40101 SET @saved_cs_client     = @@character_set_client */;
/*!40101 SET character_set_client = utf8 */;
CREATE TABLE `x_group_users` (
  `ID` bigint(20) NOT NULL AUTO_INCREMENT,
  `GLOBAL_ID` varchar(512) NOT NULL,
  `VERSION_NUM` int(11) NOT NULL DEFAULT '0',
  `LU_TIME` timestamp NOT NULL DEFAULT CURRENT_TIMESTAMP ON UPDATE CURRENT_TIMESTAMP,
  `CREATE_TIME` datetime NOT NULL,
  `UPDATE_TIME` datetime NOT NULL,
  `COPY_OF_ID` bigint(20) DEFAULT NULL,
  `COPY_OF_VER` int(11) DEFAULT '0',
  `STATUS` int(11) NOT NULL DEFAULT '0',
  `DSCN_ID` bigint(20) DEFAULT NULL,
  `PRI_GRP_ID` bigint(20) DEFAULT NULL,
  `PRI_ACCT_ID` bigint(20) DEFAULT NULL,
  `ADDED_BY_ID` bigint(20) DEFAULT NULL,
  `ADDED_BY_NAME` varchar(100) DEFAULT NULL,
  `UPD_BY_ID` bigint(20) DEFAULT NULL,
  `UPDATED_BY_NAME` varchar(100) DEFAULT NULL,
  `CHNG_REASON` varchar(4000) DEFAULT NULL,
  `IS_SYS` tinyint(1) NOT NULL DEFAULT '0',
  `GROUP_NAME` varchar(1024) NOT NULL,
  `P_GROUP_ID` bigint(20) DEFAULT NULL,
  `USER_ID` bigint(20) DEFAULT NULL,
  PRIMARY KEY (`ID`),
  UNIQUE KEY `X_GROUP_USERS_UK_GLOBAL_ID` (`GLOBAL_ID`),
  KEY `X_GROUP_USERS_FK_DSCN_ID` (`DSCN_ID`),
  KEY `X_GROUP_USERS_FK_PRI_GRP_ID` (`PRI_GRP_ID`),
  KEY `X_GROUP_USERS_FK_PRI_ACCT_ID` (`PRI_ACCT_ID`),
  KEY `X_GROUP_USERS_FK_UPD_BY_ID` (`UPD_BY_ID`),
  KEY `X_GROUP_USERS_FK_P_GROUP_ID` (`P_GROUP_ID`),
  KEY `X_GROUP_USERS_FK_USER_ID` (`USER_ID`),
  KEY `X_GROUP_USERS_cr_time` (`CREATE_TIME`),
  KEY `X_GROUP_USERS_up_time` (`UPDATE_TIME`),
  KEY `X_GROUP_USERS_lu_time` (`LU_TIME`),
  KEY `X_GROUP_USERS_own_clone` (`ADDED_BY_ID`,`COPY_OF_ID`),
  CONSTRAINT `X_GROUP_USERS_FK_ADDED_BY_ID` FOREIGN KEY (`ADDED_BY_ID`) REFERENCES `m_user` (`ID`),
  CONSTRAINT `X_GROUP_USERS_FK_DSCN_ID` FOREIGN KEY (`DSCN_ID`) REFERENCES `m_decsn_hist` (`ID`),
  CONSTRAINT `X_GROUP_USERS_FK_PRI_ACCT_ID` FOREIGN KEY (`PRI_ACCT_ID`) REFERENCES `m_acct` (`ID`),
  CONSTRAINT `X_GROUP_USERS_FK_PRI_GRP_ID` FOREIGN KEY (`PRI_GRP_ID`) REFERENCES `m_groups` (`ID`),
  CONSTRAINT `X_GROUP_USERS_FK_P_GROUP_ID` FOREIGN KEY (`P_GROUP_ID`) REFERENCES `x_group` (`ID`),
  CONSTRAINT `X_GROUP_USERS_FK_UPD_BY_ID` FOREIGN KEY (`UPD_BY_ID`) REFERENCES `m_user` (`ID`),
  CONSTRAINT `X_GROUP_USERS_FK_USER_ID` FOREIGN KEY (`USER_ID`) REFERENCES `x_user` (`ID`)
) ENGINE=InnoDB AUTO_INCREMENT=19 DEFAULT CHARSET=latin1;
/*!40101 SET character_set_client = @saved_cs_client */;

--
-- Dumping data for table `x_group_users`
--

LOCK TABLES `x_group_users` WRITE;
/*!40000 ALTER TABLE `x_group_users` DISABLE KEYS */;
INSERT INTO `x_group_users` VALUES (1,'1384865595273_232_43',0,'2013-11-19 12:53:15','2013-11-19 18:23:15','2013-11-19 18:23:15',NULL,0,1,NULL,1,1,1,'System ClI',1,'System ClI',NULL,0,'IB_Marketing',1,1),(2,'1384865595932_990_62',0,'2013-11-19 12:53:15','2013-11-19 18:23:15','2013-11-19 18:23:15',NULL,0,1,NULL,1,1,1,'System ClI',1,'System ClI',NULL,0,'IB_Marketing',1,2),(3,'1384865596307_684_81',0,'2013-11-19 12:53:16','2013-11-19 18:23:16','2013-11-19 18:23:16',NULL,0,1,NULL,1,1,1,'System ClI',1,'System ClI',NULL,0,'IB_Marketing',1,3),(4,'1384865596786_139_103',0,'2013-11-19 12:53:16','2013-11-19 18:23:16','2013-11-19 18:23:16',NULL,0,1,NULL,1,1,1,'System ClI',1,'System ClI',NULL,0,'RFS_Marketing',2,4),(5,'1384865597152_814_122',0,'2013-11-19 12:53:17','2013-11-19 18:23:17','2013-11-19 18:23:17',NULL,0,1,NULL,1,1,1,'System ClI',1,'System ClI',NULL,0,'RFS_Marketing',2,5),(6,'1384865597490_947_141',0,'2013-11-19 12:53:17','2013-11-19 18:23:17','2013-11-19 18:23:17',NULL,0,1,NULL,1,1,1,'System ClI',1,'System ClI',NULL,0,'RFS_Marketing',2,6),(7,'1384865597908_628_163',0,'2013-11-19 12:53:17','2013-11-19 18:23:17','2013-11-19 18:23:17',NULL,0,1,NULL,1,1,1,'System ClI',1,'System ClI',NULL,0,'AMEX_Risk',3,7),(8,'1384865598254_215_182',0,'2013-11-19 12:53:18','2013-11-19 18:23:18','2013-11-19 18:23:18',NULL,0,1,NULL,1,1,1,'System ClI',1,'System ClI',NULL,0,'AMEX_Risk',3,8),(9,'1384865598610_69_201',0,'2013-11-19 12:53:18','2013-11-19 18:23:18','2013-11-19 18:23:18',NULL,0,1,NULL,1,1,1,'System ClI',1,'System ClI',NULL,0,'AMEX_Risk',3,9),(10,'1384865599083_30_223',0,'2013-11-19 12:53:19','2013-11-19 18:23:19','2013-11-19 18:23:19',NULL,0,1,NULL,1,1,1,'System ClI',1,'System ClI',NULL,0,'IB_IT',4,10),(11,'1384865599744_330_242',0,'2013-11-19 12:53:19','2013-11-19 18:23:19','2013-11-19 18:23:19',NULL,0,1,NULL,1,1,1,'System ClI',1,'System ClI',NULL,0,'IB_IT',4,11),(12,'1384865600574_106_261',0,'2013-11-19 12:53:20','2013-11-19 18:23:20','2013-11-19 18:23:20',NULL,0,1,NULL,1,1,1,'System ClI',1,'System ClI',NULL,0,'IB_IT',4,12),(13,'1384865601079_603_283',0,'2013-11-19 12:53:21','2013-11-19 18:23:21','2013-11-19 18:23:21',NULL,0,1,NULL,1,1,1,'System ClI',1,'System ClI',NULL,0,'RFS_IT',5,13),(14,'1384865601395_695_302',0,'2013-11-19 12:53:21','2013-11-19 18:23:21','2013-11-19 18:23:21',NULL,0,1,NULL,1,1,1,'System ClI',1,'System ClI',NULL,0,'RFS_IT',5,14),(15,'1384865601667_45_321',0,'2013-11-19 12:53:21','2013-11-19 18:23:21','2013-11-19 18:23:21',NULL,0,1,NULL,1,1,1,'System ClI',1,'System ClI',NULL,0,'RFS_IT',5,15),(16,'1384865602008_694_343',0,'2013-11-19 12:53:22','2013-11-19 18:23:22','2013-11-19 18:23:22',NULL,0,1,NULL,1,1,1,'System ClI',1,'System ClI',NULL,0,'AMEX_IT',6,16),(17,'1384865602298_548_362',0,'2013-11-19 12:53:22','2013-11-19 18:23:22','2013-11-19 18:23:22',NULL,0,1,NULL,1,1,1,'System ClI',1,'System ClI',NULL,0,'AMEX_IT',6,17),(18,'1384865602587_248_381',0,'2013-11-19 12:53:22','2013-11-19 18:23:22','2013-11-19 18:23:22',NULL,0,1,NULL,1,1,1,'System ClI',1,'System ClI',NULL,0,'AMEX_IT',6,18);
/*!40000 ALTER TABLE `x_group_users` ENABLE KEYS */;
UNLOCK TABLES;

--
-- Table structure for table `x_group_users_h`
--

DROP TABLE IF EXISTS `x_group_users_h`;
/*!40101 SET @saved_cs_client     = @@character_set_client */;
/*!40101 SET character_set_client = utf8 */;
CREATE TABLE `x_group_users_h` (
  `H_ID` bigint(20) NOT NULL AUTO_INCREMENT,
  `H_FROM_TIME` datetime NOT NULL,
  `H_TO_TIME` datetime DEFAULT NULL,
  `H_STATUS` int(11) NOT NULL DEFAULT '0',
  `H_SESS_ID` bigint(20) DEFAULT NULL,
  `ID` bigint(20) DEFAULT NULL,
  `GLOBAL_ID` varchar(512) DEFAULT NULL,
  `VERSION_NUM` int(11) DEFAULT '0',
  `LU_TIME` datetime DEFAULT NULL,
  `CREATE_TIME` datetime DEFAULT NULL,
  `UPDATE_TIME` datetime DEFAULT NULL,
  `COPY_OF_ID` bigint(20) DEFAULT NULL,
  `COPY_OF_VER` int(11) DEFAULT '0',
  `STATUS` int(11) DEFAULT '0',
  `DSCN_ID` bigint(20) DEFAULT NULL,
  `PRI_GRP_ID` bigint(20) DEFAULT NULL,
  `PRI_ACCT_ID` bigint(20) DEFAULT NULL,
  `ADDED_BY_ID` bigint(20) DEFAULT NULL,
  `ADDED_BY_NAME` varchar(100) DEFAULT NULL,
  `UPD_BY_ID` bigint(20) DEFAULT NULL,
  `UPDATED_BY_NAME` varchar(100) DEFAULT NULL,
  `CHNG_REASON` varchar(4000) DEFAULT NULL,
  `IS_SYS` tinyint(1) DEFAULT '0',
  `GROUP_NAME` varchar(1024) DEFAULT NULL,
  `P_GROUP_ID` bigint(20) DEFAULT NULL,
  `USER_ID` bigint(20) DEFAULT NULL,
  PRIMARY KEY (`H_ID`),
  KEY `X_GROUP_USERS_H_TOTIME` (`ID`,`H_TO_TIME`)
) ENGINE=InnoDB AUTO_INCREMENT=19 DEFAULT CHARSET=latin1;
/*!40101 SET character_set_client = @saved_cs_client */;

--
-- Dumping data for table `x_group_users_h`
--

LOCK TABLES `x_group_users_h` WRITE;
/*!40000 ALTER TABLE `x_group_users_h` DISABLE KEYS */;
INSERT INTO `x_group_users_h` VALUES (1,'2013-11-19 18:23:15',NULL,0,NULL,1,'1384865595273_232_43',0,NULL,'2013-11-19 18:23:15','2013-11-19 18:23:15',NULL,0,1,NULL,1,1,1,'System ClI',1,'System ClI',NULL,0,'IB_Marketing',1,1),(2,'2013-11-19 18:23:15',NULL,0,NULL,2,'1384865595932_990_62',0,NULL,'2013-11-19 18:23:15','2013-11-19 18:23:15',NULL,0,1,NULL,1,1,1,'System ClI',1,'System ClI',NULL,0,'IB_Marketing',1,2),(3,'2013-11-19 18:23:16',NULL,0,NULL,3,'1384865596307_684_81',0,NULL,'2013-11-19 18:23:16','2013-11-19 18:23:16',NULL,0,1,NULL,1,1,1,'System ClI',1,'System ClI',NULL,0,'IB_Marketing',1,3),(4,'2013-11-19 18:23:16',NULL,0,NULL,4,'1384865596786_139_103',0,NULL,'2013-11-19 18:23:16','2013-11-19 18:23:16',NULL,0,1,NULL,1,1,1,'System ClI',1,'System ClI',NULL,0,'RFS_Marketing',2,4),(5,'2013-11-19 18:23:17',NULL,0,NULL,5,'1384865597152_814_122',0,NULL,'2013-11-19 18:23:17','2013-11-19 18:23:17',NULL,0,1,NULL,1,1,1,'System ClI',1,'System ClI',NULL,0,'RFS_Marketing',2,5),(6,'2013-11-19 18:23:17',NULL,0,NULL,6,'1384865597490_947_141',0,NULL,'2013-11-19 18:23:17','2013-11-19 18:23:17',NULL,0,1,NULL,1,1,1,'System ClI',1,'System ClI',NULL,0,'RFS_Marketing',2,6),(7,'2013-11-19 18:23:17',NULL,0,NULL,7,'1384865597908_628_163',0,NULL,'2013-11-19 18:23:17','2013-11-19 18:23:17',NULL,0,1,NULL,1,1,1,'System ClI',1,'System ClI',NULL,0,'AMEX_Risk',3,7),(8,'2013-11-19 18:23:18',NULL,0,NULL,8,'1384865598254_215_182',0,NULL,'2013-11-19 18:23:18','2013-11-19 18:23:18',NULL,0,1,NULL,1,1,1,'System ClI',1,'System ClI',NULL,0,'AMEX_Risk',3,8),(9,'2013-11-19 18:23:18',NULL,0,NULL,9,'1384865598610_69_201',0,NULL,'2013-11-19 18:23:18','2013-11-19 18:23:18',NULL,0,1,NULL,1,1,1,'System ClI',1,'System ClI',NULL,0,'AMEX_Risk',3,9),(10,'2013-11-19 18:23:19',NULL,0,NULL,10,'1384865599083_30_223',0,NULL,'2013-11-19 18:23:19','2013-11-19 18:23:19',NULL,0,1,NULL,1,1,1,'System ClI',1,'System ClI',NULL,0,'IB_IT',4,10),(11,'2013-11-19 18:23:19',NULL,0,NULL,11,'1384865599744_330_242',0,NULL,'2013-11-19 18:23:19','2013-11-19 18:23:19',NULL,0,1,NULL,1,1,1,'System ClI',1,'System ClI',NULL,0,'IB_IT',4,11),(12,'2013-11-19 18:23:20',NULL,0,NULL,12,'1384865600574_106_261',0,NULL,'2013-11-19 18:23:20','2013-11-19 18:23:20',NULL,0,1,NULL,1,1,1,'System ClI',1,'System ClI',NULL,0,'IB_IT',4,12),(13,'2013-11-19 18:23:21',NULL,0,NULL,13,'1384865601079_603_283',0,NULL,'2013-11-19 18:23:21','2013-11-19 18:23:21',NULL,0,1,NULL,1,1,1,'System ClI',1,'System ClI',NULL,0,'RFS_IT',5,13),(14,'2013-11-19 18:23:21',NULL,0,NULL,14,'1384865601395_695_302',0,NULL,'2013-11-19 18:23:21','2013-11-19 18:23:21',NULL,0,1,NULL,1,1,1,'System ClI',1,'System ClI',NULL,0,'RFS_IT',5,14),(15,'2013-11-19 18:23:21',NULL,0,NULL,15,'1384865601667_45_321',0,NULL,'2013-11-19 18:23:21','2013-11-19 18:23:21',NULL,0,1,NULL,1,1,1,'System ClI',1,'System ClI',NULL,0,'RFS_IT',5,15),(16,'2013-11-19 18:23:22',NULL,0,NULL,16,'1384865602008_694_343',0,NULL,'2013-11-19 18:23:22','2013-11-19 18:23:22',NULL,0,1,NULL,1,1,1,'System ClI',1,'System ClI',NULL,0,'AMEX_IT',6,16),(17,'2013-11-19 18:23:22',NULL,0,NULL,17,'1384865602298_548_362',0,NULL,'2013-11-19 18:23:22','2013-11-19 18:23:22',NULL,0,1,NULL,1,1,1,'System ClI',1,'System ClI',NULL,0,'AMEX_IT',6,17),(18,'2013-11-19 18:23:22',NULL,0,NULL,18,'1384865602587_248_381',0,NULL,'2013-11-19 18:23:22','2013-11-19 18:23:22',NULL,0,1,NULL,1,1,1,'System ClI',1,'System ClI',NULL,0,'AMEX_IT',6,18);
/*!40000 ALTER TABLE `x_group_users_h` ENABLE KEYS */;
UNLOCK TABLES;

--
-- Table structure for table `x_perm_map`
--

DROP TABLE IF EXISTS `x_perm_map`;
/*!40101 SET @saved_cs_client     = @@character_set_client */;
/*!40101 SET character_set_client = utf8 */;
CREATE TABLE `x_perm_map` (
  `ID` bigint(20) NOT NULL AUTO_INCREMENT,
  `GLOBAL_ID` varchar(512) NOT NULL,
  `VERSION_NUM` int(11) NOT NULL DEFAULT '0',
  `LU_TIME` timestamp NOT NULL DEFAULT CURRENT_TIMESTAMP ON UPDATE CURRENT_TIMESTAMP,
  `CREATE_TIME` datetime NOT NULL,
  `UPDATE_TIME` datetime NOT NULL,
  `COPY_OF_ID` bigint(20) DEFAULT NULL,
  `COPY_OF_VER` int(11) DEFAULT '0',
  `STATUS` int(11) NOT NULL DEFAULT '0',
  `DSCN_ID` bigint(20) DEFAULT NULL,
  `PRI_GRP_ID` bigint(20) DEFAULT NULL,
  `PRI_ACCT_ID` bigint(20) DEFAULT NULL,
  `ADDED_BY_ID` bigint(20) DEFAULT NULL,
  `ADDED_BY_NAME` varchar(100) DEFAULT NULL,
  `UPD_BY_ID` bigint(20) DEFAULT NULL,
  `UPDATED_BY_NAME` varchar(100) DEFAULT NULL,
  `CHNG_REASON` varchar(4000) DEFAULT NULL,
  `IS_SYS` tinyint(1) NOT NULL DEFAULT '0',
  `RES_ID` bigint(20) DEFAULT NULL,
  `GROUP_ID` bigint(20) DEFAULT NULL,
  `USER_ID` bigint(20) DEFAULT NULL,
  `PERM_FOR` int(11) NOT NULL DEFAULT '0',
  `PERM_TYPE` int(11) NOT NULL DEFAULT '0',
  `PERM_GROUP` varchar(1024) DEFAULT NULL,
  `IS_RECURSIVE` tinyint(1) NOT NULL DEFAULT '1',
  `IS_WILD_CARD` tinyint(1) NOT NULL DEFAULT '1',
  `GRANT_REVOKE` tinyint(1) NOT NULL DEFAULT '1',
  PRIMARY KEY (`ID`),
  UNIQUE KEY `X_PERM_MAP_UK_GLOBAL_ID` (`GLOBAL_ID`),
  KEY `X_PERM_MAP_FK_DSCN_ID` (`DSCN_ID`),
  KEY `X_PERM_MAP_FK_PRI_GRP_ID` (`PRI_GRP_ID`),
  KEY `X_PERM_MAP_FK_PRI_ACCT_ID` (`PRI_ACCT_ID`),
  KEY `X_PERM_MAP_FK_UPD_BY_ID` (`UPD_BY_ID`),
  KEY `X_PERM_MAP_FK_RES_ID` (`RES_ID`),
  KEY `X_PERM_MAP_FK_GROUP_ID` (`GROUP_ID`),
  KEY `X_PERM_MAP_FK_USER_ID` (`USER_ID`),
  KEY `X_PERM_MAP_cr_time` (`CREATE_TIME`),
  KEY `X_PERM_MAP_up_time` (`UPDATE_TIME`),
  KEY `X_PERM_MAP_lu_time` (`LU_TIME`),
  KEY `X_PERM_MAP_own_clone` (`ADDED_BY_ID`,`COPY_OF_ID`),
  CONSTRAINT `X_PERM_MAP_FK_ADDED_BY_ID` FOREIGN KEY (`ADDED_BY_ID`) REFERENCES `m_user` (`ID`),
  CONSTRAINT `X_PERM_MAP_FK_DSCN_ID` FOREIGN KEY (`DSCN_ID`) REFERENCES `m_decsn_hist` (`ID`),
  CONSTRAINT `X_PERM_MAP_FK_GROUP_ID` FOREIGN KEY (`GROUP_ID`) REFERENCES `x_group` (`ID`),
  CONSTRAINT `X_PERM_MAP_FK_PRI_ACCT_ID` FOREIGN KEY (`PRI_ACCT_ID`) REFERENCES `m_acct` (`ID`),
  CONSTRAINT `X_PERM_MAP_FK_PRI_GRP_ID` FOREIGN KEY (`PRI_GRP_ID`) REFERENCES `m_groups` (`ID`),
  CONSTRAINT `X_PERM_MAP_FK_RES_ID` FOREIGN KEY (`RES_ID`) REFERENCES `x_resource` (`ID`),
  CONSTRAINT `X_PERM_MAP_FK_UPD_BY_ID` FOREIGN KEY (`UPD_BY_ID`) REFERENCES `m_user` (`ID`),
  CONSTRAINT `X_PERM_MAP_FK_USER_ID` FOREIGN KEY (`USER_ID`) REFERENCES `x_user` (`ID`)
) ENGINE=InnoDB DEFAULT CHARSET=latin1;
/*!40101 SET character_set_client = @saved_cs_client */;

--
-- Dumping data for table `x_perm_map`
--

LOCK TABLES `x_perm_map` WRITE;
/*!40000 ALTER TABLE `x_perm_map` DISABLE KEYS */;
/*!40000 ALTER TABLE `x_perm_map` ENABLE KEYS */;
UNLOCK TABLES;

--
-- Table structure for table `x_perm_map_h`
--

DROP TABLE IF EXISTS `x_perm_map_h`;
/*!40101 SET @saved_cs_client     = @@character_set_client */;
/*!40101 SET character_set_client = utf8 */;
CREATE TABLE `x_perm_map_h` (
  `H_ID` bigint(20) NOT NULL AUTO_INCREMENT,
  `H_FROM_TIME` datetime NOT NULL,
  `H_TO_TIME` datetime DEFAULT NULL,
  `H_STATUS` int(11) NOT NULL DEFAULT '0',
  `H_SESS_ID` bigint(20) DEFAULT NULL,
  `ID` bigint(20) DEFAULT NULL,
  `GLOBAL_ID` varchar(512) DEFAULT NULL,
  `VERSION_NUM` int(11) DEFAULT '0',
  `LU_TIME` datetime DEFAULT NULL,
  `CREATE_TIME` datetime DEFAULT NULL,
  `UPDATE_TIME` datetime DEFAULT NULL,
  `COPY_OF_ID` bigint(20) DEFAULT NULL,
  `COPY_OF_VER` int(11) DEFAULT '0',
  `STATUS` int(11) DEFAULT '0',
  `DSCN_ID` bigint(20) DEFAULT NULL,
  `PRI_GRP_ID` bigint(20) DEFAULT NULL,
  `PRI_ACCT_ID` bigint(20) DEFAULT NULL,
  `ADDED_BY_ID` bigint(20) DEFAULT NULL,
  `ADDED_BY_NAME` varchar(100) DEFAULT NULL,
  `UPD_BY_ID` bigint(20) DEFAULT NULL,
  `UPDATED_BY_NAME` varchar(100) DEFAULT NULL,
  `CHNG_REASON` varchar(4000) DEFAULT NULL,
  `IS_SYS` tinyint(1) DEFAULT '0',
  `RES_ID` bigint(20) DEFAULT NULL,
  `GROUP_ID` bigint(20) DEFAULT NULL,
  `USER_ID` bigint(20) DEFAULT NULL,
  `PERM_FOR` int(11) DEFAULT '0',
  `PERM_TYPE` int(11) DEFAULT '0',
  `PERM_GROUP` varchar(1024) DEFAULT NULL,
  `IS_RECURSIVE` tinyint(1) DEFAULT '0',
  `IS_WILD_CARD` tinyint(1) DEFAULT '0',
  `GRANT_REVOKE` tinyint(1) DEFAULT '0',
  PRIMARY KEY (`H_ID`),
  KEY `X_PERM_MAP_H_TOTIME` (`ID`,`H_TO_TIME`)
) ENGINE=InnoDB DEFAULT CHARSET=latin1;
/*!40101 SET character_set_client = @saved_cs_client */;

--
-- Dumping data for table `x_perm_map_h`
--

LOCK TABLES `x_perm_map_h` WRITE;
/*!40000 ALTER TABLE `x_perm_map_h` DISABLE KEYS */;
/*!40000 ALTER TABLE `x_perm_map_h` ENABLE KEYS */;
UNLOCK TABLES;

--
-- Table structure for table `x_resource`
--

DROP TABLE IF EXISTS `x_resource`;
/*!40101 SET @saved_cs_client     = @@character_set_client */;
/*!40101 SET character_set_client = utf8 */;
CREATE TABLE `x_resource` (
  `ID` bigint(20) NOT NULL AUTO_INCREMENT,
  `GLOBAL_ID` varchar(512) NOT NULL,
  `VERSION_NUM` int(11) NOT NULL DEFAULT '0',
  `LU_TIME` timestamp NOT NULL DEFAULT CURRENT_TIMESTAMP ON UPDATE CURRENT_TIMESTAMP,
  `CREATE_TIME` datetime NOT NULL,
  `UPDATE_TIME` datetime NOT NULL,
  `COPY_OF_ID` bigint(20) DEFAULT NULL,
  `COPY_OF_VER` int(11) DEFAULT '0',
  `STATUS` int(11) NOT NULL DEFAULT '0',
  `DSCN_ID` bigint(20) DEFAULT NULL,
  `PRI_GRP_ID` bigint(20) DEFAULT NULL,
  `PRI_ACCT_ID` bigint(20) DEFAULT NULL,
  `ADDED_BY_ID` bigint(20) DEFAULT NULL,
  `ADDED_BY_NAME` varchar(100) DEFAULT NULL,
  `UPD_BY_ID` bigint(20) DEFAULT NULL,
  `UPDATED_BY_NAME` varchar(100) DEFAULT NULL,
  `CHNG_REASON` varchar(4000) DEFAULT NULL,
  `IS_SYS` tinyint(1) NOT NULL DEFAULT '0',
  `RES_NAME` varchar(4000) DEFAULT NULL,
  `RES_GROUP` varchar(1024) DEFAULT NULL,
  `DESCR` varchar(4000) DEFAULT NULL,
  `RES_TYPE` int(11) NOT NULL DEFAULT '0',
  `ASSET_ID` bigint(20) NOT NULL,
  `PARENT_ID` bigint(20) DEFAULT NULL,
  `PARENT_PATH` varchar(4000) DEFAULT NULL,
  `IS_ENCRYPT` int(11) NOT NULL DEFAULT '0',
  `IS_RECURSIVE` tinyint(1) NOT NULL DEFAULT '1',
  `RES_DBS` text,
  `RES_TABLES` text,
  `RES_UDFS` text,
  `RES_COL_FAMS` text,
  `RES_COLS` text,
  PRIMARY KEY (`ID`),
  UNIQUE KEY `X_RESOURCE_UK_GLOBAL_ID` (`GLOBAL_ID`),
  KEY `X_RESOURCE_FK_DSCN_ID` (`DSCN_ID`),
  KEY `X_RESOURCE_FK_PRI_GRP_ID` (`PRI_GRP_ID`),
  KEY `X_RESOURCE_FK_PRI_ACCT_ID` (`PRI_ACCT_ID`),
  KEY `X_RESOURCE_FK_UPD_BY_ID` (`UPD_BY_ID`),
  KEY `X_RESOURCE_FK_ASSET_ID` (`ASSET_ID`),
  KEY `X_RESOURCE_FK_PARENT_ID` (`PARENT_ID`),
  KEY `X_RESOURCE_cr_time` (`CREATE_TIME`),
  KEY `X_RESOURCE_up_time` (`UPDATE_TIME`),
  KEY `X_RESOURCE_lu_time` (`LU_TIME`),
  KEY `X_RESOURCE_own_clone` (`ADDED_BY_ID`,`COPY_OF_ID`),
  CONSTRAINT `X_RESOURCE_FK_ADDED_BY_ID` FOREIGN KEY (`ADDED_BY_ID`) REFERENCES `m_user` (`ID`),
  CONSTRAINT `X_RESOURCE_FK_ASSET_ID` FOREIGN KEY (`ASSET_ID`) REFERENCES `x_asset` (`ID`),
  CONSTRAINT `X_RESOURCE_FK_DSCN_ID` FOREIGN KEY (`DSCN_ID`) REFERENCES `m_decsn_hist` (`ID`),
  CONSTRAINT `X_RESOURCE_FK_PARENT_ID` FOREIGN KEY (`PARENT_ID`) REFERENCES `x_resource` (`ID`),
  CONSTRAINT `X_RESOURCE_FK_PRI_ACCT_ID` FOREIGN KEY (`PRI_ACCT_ID`) REFERENCES `m_acct` (`ID`),
  CONSTRAINT `X_RESOURCE_FK_PRI_GRP_ID` FOREIGN KEY (`PRI_GRP_ID`) REFERENCES `m_groups` (`ID`),
  CONSTRAINT `X_RESOURCE_FK_UPD_BY_ID` FOREIGN KEY (`UPD_BY_ID`) REFERENCES `m_user` (`ID`)
) ENGINE=InnoDB DEFAULT CHARSET=latin1;
/*!40101 SET character_set_client = @saved_cs_client */;

--
-- Dumping data for table `x_resource`
--

LOCK TABLES `x_resource` WRITE;
/*!40000 ALTER TABLE `x_resource` DISABLE KEYS */;
/*!40000 ALTER TABLE `x_resource` ENABLE KEYS */;
UNLOCK TABLES;

--
-- Table structure for table `x_resource_h`
--

DROP TABLE IF EXISTS `x_resource_h`;
/*!40101 SET @saved_cs_client     = @@character_set_client */;
/*!40101 SET character_set_client = utf8 */;
CREATE TABLE `x_resource_h` (
  `H_ID` bigint(20) NOT NULL AUTO_INCREMENT,
  `H_FROM_TIME` datetime NOT NULL,
  `H_TO_TIME` datetime DEFAULT NULL,
  `H_STATUS` int(11) NOT NULL DEFAULT '0',
  `H_SESS_ID` bigint(20) DEFAULT NULL,
  `ID` bigint(20) DEFAULT NULL,
  `GLOBAL_ID` varchar(512) DEFAULT NULL,
  `VERSION_NUM` int(11) DEFAULT '0',
  `LU_TIME` datetime DEFAULT NULL,
  `CREATE_TIME` datetime DEFAULT NULL,
  `UPDATE_TIME` datetime DEFAULT NULL,
  `COPY_OF_ID` bigint(20) DEFAULT NULL,
  `COPY_OF_VER` int(11) DEFAULT '0',
  `STATUS` int(11) DEFAULT '0',
  `DSCN_ID` bigint(20) DEFAULT NULL,
  `PRI_GRP_ID` bigint(20) DEFAULT NULL,
  `PRI_ACCT_ID` bigint(20) DEFAULT NULL,
  `ADDED_BY_ID` bigint(20) DEFAULT NULL,
  `ADDED_BY_NAME` varchar(100) DEFAULT NULL,
  `UPD_BY_ID` bigint(20) DEFAULT NULL,
  `UPDATED_BY_NAME` varchar(100) DEFAULT NULL,
  `CHNG_REASON` varchar(4000) DEFAULT NULL,
  `IS_SYS` tinyint(1) DEFAULT '0',
  `RES_NAME` varchar(4000) DEFAULT NULL,
  `RES_GROUP` varchar(1024) DEFAULT NULL,
  `DESCR` varchar(4000) DEFAULT NULL,
  `RES_TYPE` int(11) DEFAULT '0',
  `ASSET_ID` bigint(20) DEFAULT NULL,
  `PARENT_ID` bigint(20) DEFAULT NULL,
  `PARENT_PATH` varchar(4000) DEFAULT NULL,
  `IS_ENCRYPT` int(11) DEFAULT '0',
  `IS_RECURSIVE` tinyint(1) NOT NULL DEFAULT '1',
  `RES_DBS` text,
  `RES_TABLES` text,
  `RES_VIEWS` text,
  `RES_UDFS` text,
  `RES_COL_FAMS` text,
  `RES_COLS` text,
  PRIMARY KEY (`H_ID`),
  KEY `X_RESOURCE_H_TOTIME` (`ID`,`H_TO_TIME`)
) ENGINE=InnoDB DEFAULT CHARSET=latin1;
/*!40101 SET character_set_client = @saved_cs_client */;

--
-- Dumping data for table `x_resource_h`
--

LOCK TABLES `x_resource_h` WRITE;
/*!40000 ALTER TABLE `x_resource_h` DISABLE KEYS */;
/*!40000 ALTER TABLE `x_resource_h` ENABLE KEYS */;
UNLOCK TABLES;

--
-- Table structure for table `x_user`
--

DROP TABLE IF EXISTS `x_user`;
/*!40101 SET @saved_cs_client     = @@character_set_client */;
/*!40101 SET character_set_client = utf8 */;
CREATE TABLE `x_user` (
  `ID` bigint(20) NOT NULL AUTO_INCREMENT,
  `GLOBAL_ID` varchar(512) NOT NULL,
  `VERSION_NUM` int(11) NOT NULL DEFAULT '0',
  `LU_TIME` timestamp NOT NULL DEFAULT CURRENT_TIMESTAMP ON UPDATE CURRENT_TIMESTAMP,
  `CREATE_TIME` datetime NOT NULL,
  `UPDATE_TIME` datetime NOT NULL,
  `COPY_OF_ID` bigint(20) DEFAULT NULL,
  `COPY_OF_VER` int(11) DEFAULT '0',
  `STATUS` int(11) NOT NULL DEFAULT '0',
  `DSCN_ID` bigint(20) DEFAULT NULL,
  `PRI_GRP_ID` bigint(20) DEFAULT NULL,
  `PRI_ACCT_ID` bigint(20) DEFAULT NULL,
  `ADDED_BY_ID` bigint(20) DEFAULT NULL,
  `ADDED_BY_NAME` varchar(100) DEFAULT NULL,
  `UPD_BY_ID` bigint(20) DEFAULT NULL,
  `UPDATED_BY_NAME` varchar(100) DEFAULT NULL,
  `CHNG_REASON` varchar(4000) DEFAULT NULL,
  `IS_SYS` tinyint(1) NOT NULL DEFAULT '0',
  `USER_NAME` varchar(1024) NOT NULL,
  `DESCR` varchar(4000) NOT NULL,
  `CRED_STORE_ID` bigint(20) DEFAULT NULL,
  PRIMARY KEY (`ID`),
  UNIQUE KEY `X_USER_UK_GLOBAL_ID` (`GLOBAL_ID`),
  KEY `X_USER_FK_DSCN_ID` (`DSCN_ID`),
  KEY `X_USER_FK_PRI_GRP_ID` (`PRI_GRP_ID`),
  KEY `X_USER_FK_PRI_ACCT_ID` (`PRI_ACCT_ID`),
  KEY `X_USER_FK_UPD_BY_ID` (`UPD_BY_ID`),
  KEY `X_USER_FK_CRED_STORE_ID` (`CRED_STORE_ID`),
  KEY `X_USER_cr_time` (`CREATE_TIME`),
  KEY `X_USER_up_time` (`UPDATE_TIME`),
  KEY `X_USER_lu_time` (`LU_TIME`),
  KEY `X_USER_own_clone` (`ADDED_BY_ID`,`COPY_OF_ID`),
  CONSTRAINT `X_USER_FK_ADDED_BY_ID` FOREIGN KEY (`ADDED_BY_ID`) REFERENCES `m_user` (`ID`),
  CONSTRAINT `X_USER_FK_CRED_STORE_ID` FOREIGN KEY (`CRED_STORE_ID`) REFERENCES `x_cred_store` (`ID`),
  CONSTRAINT `X_USER_FK_DSCN_ID` FOREIGN KEY (`DSCN_ID`) REFERENCES `m_decsn_hist` (`ID`),
  CONSTRAINT `X_USER_FK_PRI_ACCT_ID` FOREIGN KEY (`PRI_ACCT_ID`) REFERENCES `m_acct` (`ID`),
  CONSTRAINT `X_USER_FK_PRI_GRP_ID` FOREIGN KEY (`PRI_GRP_ID`) REFERENCES `m_groups` (`ID`),
  CONSTRAINT `X_USER_FK_UPD_BY_ID` FOREIGN KEY (`UPD_BY_ID`) REFERENCES `m_user` (`ID`)
) ENGINE=InnoDB AUTO_INCREMENT=19 DEFAULT CHARSET=latin1;
/*!40101 SET character_set_client = @saved_cs_client */;

--
-- Dumping data for table `x_user`
--

LOCK TABLES `x_user` WRITE;
/*!40000 ALTER TABLE `x_user` DISABLE KEYS */;
INSERT INTO `x_user` VALUES (1,'1384865595152_365_40',0,'2013-11-19 12:53:15','2013-11-19 18:23:15','2013-11-19 18:23:15',NULL,0,1,NULL,1,1,1,'System ClI',1,'System ClI',NULL,0,'ibmkt1','ibmkt1',NULL),(2,'1384865595821_257_58',0,'2013-11-19 12:53:15','2013-11-19 18:23:15','2013-11-19 18:23:15',NULL,0,1,NULL,1,1,1,'System ClI',1,'System ClI',NULL,0,'ibmkt2','ibmkt2',NULL),(3,'1384865596239_402_78',0,'2013-11-19 12:53:16','2013-11-19 18:23:16','2013-11-19 18:23:16',NULL,0,1,NULL,1,1,1,'System ClI',1,'System ClI',NULL,0,'ibmkt3','ibmkt3',NULL),(4,'1384865596731_472_100',0,'2013-11-19 12:53:16','2013-11-19 18:23:16','2013-11-19 18:23:16',NULL,0,1,NULL,1,1,1,'System ClI',1,'System ClI',NULL,0,'rfsmkt1','rfsmkt1',NULL),(5,'1384865597074_383_119',0,'2013-11-19 12:53:17','2013-11-19 18:23:17','2013-11-19 18:23:17',NULL,0,1,NULL,1,1,1,'System ClI',1,'System ClI',NULL,0,'rfsmkt2','rfsmkt2',NULL),(6,'1384865597423_716_138',0,'2013-11-19 12:53:17','2013-11-19 18:23:17','2013-11-19 18:23:17',NULL,0,1,NULL,1,1,1,'System ClI',1,'System ClI',NULL,0,'rfsmkt3','rfsmkt3',NULL),(7,'1384865597848_596_160',0,'2013-11-19 12:53:17','2013-11-19 18:23:17','2013-11-19 18:23:17',NULL,0,1,NULL,1,1,1,'System ClI',1,'System ClI',NULL,0,'amexrisk1','amexrisk1',NULL),(8,'1384865598200_344_179',0,'2013-11-19 12:53:18','2013-11-19 18:23:18','2013-11-19 18:23:18',NULL,0,1,NULL,1,1,1,'System ClI',1,'System ClI',NULL,0,'amexrisk2','amexrisk2',NULL),(9,'1384865598542_829_198',0,'2013-11-19 12:53:18','2013-11-19 18:23:18','2013-11-19 18:23:18',NULL,0,1,NULL,1,1,1,'System ClI',1,'System ClI',NULL,0,'amexrisk3','amexrisk3',NULL),(10,'1384865598965_39_220',0,'2013-11-19 12:53:18','2013-11-19 18:23:18','2013-11-19 18:23:18',NULL,0,1,NULL,1,1,1,'System ClI',1,'System ClI',NULL,0,'ibit1','ibit1',NULL),(11,'1384865599625_20_239',0,'2013-11-19 12:53:19','2013-11-19 18:23:19','2013-11-19 18:23:19',NULL,0,1,NULL,1,1,1,'System ClI',1,'System ClI',NULL,0,'ibit2','ibit2',NULL),(12,'1384865600032_636_258',0,'2013-11-19 12:53:20','2013-11-19 18:23:20','2013-11-19 18:23:20',NULL,0,1,NULL,1,1,1,'System ClI',1,'System ClI',NULL,0,'ibit3','ibit3',NULL),(13,'1384865600976_246_280',0,'2013-11-19 12:53:20','2013-11-19 18:23:20','2013-11-19 18:23:20',NULL,0,1,NULL,1,1,1,'System ClI',1,'System ClI',NULL,0,'rfsit1','rfsit1',NULL),(14,'1384865601332_178_299',0,'2013-11-19 12:53:21','2013-11-19 18:23:21','2013-11-19 18:23:21',NULL,0,1,NULL,1,1,1,'System ClI',1,'System ClI',NULL,0,'rfsit2','rfsit2',NULL),(15,'1384865601610_297_318',0,'2013-11-19 12:53:21','2013-11-19 18:23:21','2013-11-19 18:23:21',NULL,0,1,NULL,1,1,1,'System ClI',1,'System ClI',NULL,0,'rfsit3','rfsit3',NULL),(16,'1384865601948_537_340',0,'2013-11-19 12:53:21','2013-11-19 18:23:21','2013-11-19 18:23:21',NULL,0,1,NULL,1,1,1,'System ClI',1,'System ClI',NULL,0,'amexit1','amexit1',NULL),(17,'1384865602237_664_359',0,'2013-11-19 12:53:22','2013-11-19 18:23:22','2013-11-19 18:23:22',NULL,0,1,NULL,1,1,1,'System ClI',1,'System ClI',NULL,0,'amexit2','amexit2',NULL),(18,'1384865602520_463_378',0,'2013-11-19 12:53:22','2013-11-19 18:23:22','2013-11-19 18:23:22',NULL,0,1,NULL,1,1,1,'System ClI',1,'System ClI',NULL,0,'amexit3','amexit3',NULL);
/*!40000 ALTER TABLE `x_user` ENABLE KEYS */;
UNLOCK TABLES;

--
-- Table structure for table `x_user_h`
--

DROP TABLE IF EXISTS `x_user_h`;
/*!40101 SET @saved_cs_client     = @@character_set_client */;
/*!40101 SET character_set_client = utf8 */;
CREATE TABLE `x_user_h` (
  `H_ID` bigint(20) NOT NULL AUTO_INCREMENT,
  `H_FROM_TIME` datetime NOT NULL,
  `H_TO_TIME` datetime DEFAULT NULL,
  `H_STATUS` int(11) NOT NULL DEFAULT '0',
  `H_SESS_ID` bigint(20) DEFAULT NULL,
  `ID` bigint(20) DEFAULT NULL,
  `GLOBAL_ID` varchar(512) DEFAULT NULL,
  `VERSION_NUM` int(11) DEFAULT '0',
  `LU_TIME` datetime DEFAULT NULL,
  `CREATE_TIME` datetime DEFAULT NULL,
  `UPDATE_TIME` datetime DEFAULT NULL,
  `COPY_OF_ID` bigint(20) DEFAULT NULL,
  `COPY_OF_VER` int(11) DEFAULT '0',
  `STATUS` int(11) DEFAULT '0',
  `DSCN_ID` bigint(20) DEFAULT NULL,
  `PRI_GRP_ID` bigint(20) DEFAULT NULL,
  `PRI_ACCT_ID` bigint(20) DEFAULT NULL,
  `ADDED_BY_ID` bigint(20) DEFAULT NULL,
  `ADDED_BY_NAME` varchar(100) DEFAULT NULL,
  `UPD_BY_ID` bigint(20) DEFAULT NULL,
  `UPDATED_BY_NAME` varchar(100) DEFAULT NULL,
  `CHNG_REASON` varchar(4000) DEFAULT NULL,
  `IS_SYS` tinyint(1) DEFAULT '0',
  `USER_NAME` varchar(1024) DEFAULT NULL,
  `DESCR` varchar(4000) DEFAULT NULL,
  `CRED_STORE_ID` bigint(20) DEFAULT NULL,
  PRIMARY KEY (`H_ID`),
  KEY `X_USER_H_TOTIME` (`ID`,`H_TO_TIME`)
) ENGINE=InnoDB AUTO_INCREMENT=19 DEFAULT CHARSET=latin1;
/*!40101 SET character_set_client = @saved_cs_client */;

--
-- Dumping data for table `x_user_h`
--

LOCK TABLES `x_user_h` WRITE;
/*!40000 ALTER TABLE `x_user_h` DISABLE KEYS */;
INSERT INTO `x_user_h` VALUES (1,'2013-11-19 18:23:15',NULL,0,NULL,1,'1384865595152_365_40',0,NULL,'2013-11-19 18:23:15','2013-11-19 18:23:15',NULL,0,1,NULL,1,1,1,'System ClI',1,'System ClI',NULL,0,'ibmkt1','ibmkt1',NULL),(2,'2013-11-19 18:23:15',NULL,0,NULL,2,'1384865595821_257_58',0,NULL,'2013-11-19 18:23:15','2013-11-19 18:23:15',NULL,0,1,NULL,1,1,1,'System ClI',1,'System ClI',NULL,0,'ibmkt2','ibmkt2',NULL),(3,'2013-11-19 18:23:16',NULL,0,NULL,3,'1384865596239_402_78',0,NULL,'2013-11-19 18:23:16','2013-11-19 18:23:16',NULL,0,1,NULL,1,1,1,'System ClI',1,'System ClI',NULL,0,'ibmkt3','ibmkt3',NULL),(4,'2013-11-19 18:23:16',NULL,0,NULL,4,'1384865596731_472_100',0,NULL,'2013-11-19 18:23:16','2013-11-19 18:23:16',NULL,0,1,NULL,1,1,1,'System ClI',1,'System ClI',NULL,0,'rfsmkt1','rfsmkt1',NULL),(5,'2013-11-19 18:23:17',NULL,0,NULL,5,'1384865597074_383_119',0,NULL,'2013-11-19 18:23:17','2013-11-19 18:23:17',NULL,0,1,NULL,1,1,1,'System ClI',1,'System ClI',NULL,0,'rfsmkt2','rfsmkt2',NULL),(6,'2013-11-19 18:23:17',NULL,0,NULL,6,'1384865597423_716_138',0,NULL,'2013-11-19 18:23:17','2013-11-19 18:23:17',NULL,0,1,NULL,1,1,1,'System ClI',1,'System ClI',NULL,0,'rfsmkt3','rfsmkt3',NULL),(7,'2013-11-19 18:23:17',NULL,0,NULL,7,'1384865597848_596_160',0,NULL,'2013-11-19 18:23:17','2013-11-19 18:23:17',NULL,0,1,NULL,1,1,1,'System ClI',1,'System ClI',NULL,0,'amexrisk1','amexrisk1',NULL),(8,'2013-11-19 18:23:18',NULL,0,NULL,8,'1384865598200_344_179',0,NULL,'2013-11-19 18:23:18','2013-11-19 18:23:18',NULL,0,1,NULL,1,1,1,'System ClI',1,'System ClI',NULL,0,'amexrisk2','amexrisk2',NULL),(9,'2013-11-19 18:23:18',NULL,0,NULL,9,'1384865598542_829_198',0,NULL,'2013-11-19 18:23:18','2013-11-19 18:23:18',NULL,0,1,NULL,1,1,1,'System ClI',1,'System ClI',NULL,0,'amexrisk3','amexrisk3',NULL),(10,'2013-11-19 18:23:18',NULL,0,NULL,10,'1384865598965_39_220',0,NULL,'2013-11-19 18:23:18','2013-11-19 18:23:18',NULL,0,1,NULL,1,1,1,'System ClI',1,'System ClI',NULL,0,'ibit1','ibit1',NULL),(11,'2013-11-19 18:23:19',NULL,0,NULL,11,'1384865599625_20_239',0,NULL,'2013-11-19 18:23:19','2013-11-19 18:23:19',NULL,0,1,NULL,1,1,1,'System ClI',1,'System ClI',NULL,0,'ibit2','ibit2',NULL),(12,'2013-11-19 18:23:20',NULL,0,NULL,12,'1384865600032_636_258',0,NULL,'2013-11-19 18:23:20','2013-11-19 18:23:20',NULL,0,1,NULL,1,1,1,'System ClI',1,'System ClI',NULL,0,'ibit3','ibit3',NULL),(13,'2013-11-19 18:23:20',NULL,0,NULL,13,'1384865600976_246_280',0,NULL,'2013-11-19 18:23:20','2013-11-19 18:23:20',NULL,0,1,NULL,1,1,1,'System ClI',1,'System ClI',NULL,0,'rfsit1','rfsit1',NULL),(14,'2013-11-19 18:23:21',NULL,0,NULL,14,'1384865601332_178_299',0,NULL,'2013-11-19 18:23:21','2013-11-19 18:23:21',NULL,0,1,NULL,1,1,1,'System ClI',1,'System ClI',NULL,0,'rfsit2','rfsit2',NULL),(15,'2013-11-19 18:23:21',NULL,0,NULL,15,'1384865601610_297_318',0,NULL,'2013-11-19 18:23:21','2013-11-19 18:23:21',NULL,0,1,NULL,1,1,1,'System ClI',1,'System ClI',NULL,0,'rfsit3','rfsit3',NULL),(16,'2013-11-19 18:23:21',NULL,0,NULL,16,'1384865601948_537_340',0,NULL,'2013-11-19 18:23:21','2013-11-19 18:23:21',NULL,0,1,NULL,1,1,1,'System ClI',1,'System ClI',NULL,0,'amexit1','amexit1',NULL),(17,'2013-11-19 18:23:22',NULL,0,NULL,17,'1384865602237_664_359',0,NULL,'2013-11-19 18:23:22','2013-11-19 18:23:22',NULL,0,1,NULL,1,1,1,'System ClI',1,'System ClI',NULL,0,'amexit2','amexit2',NULL),(18,'2013-11-19 18:23:22',NULL,0,NULL,18,'1384865602520_463_378',0,NULL,'2013-11-19 18:23:22','2013-11-19 18:23:22',NULL,0,1,NULL,1,1,1,'System ClI',1,'System ClI',NULL,0,'amexit3','amexit3',NULL);
/*!40000 ALTER TABLE `x_user_h` ENABLE KEYS */;
UNLOCK TABLES;
/*!40103 SET TIME_ZONE=@OLD_TIME_ZONE */;

/*!40101 SET SQL_MODE=@OLD_SQL_MODE */;
/*!40014 SET FOREIGN_KEY_CHECKS=@OLD_FOREIGN_KEY_CHECKS */;
/*!40014 SET UNIQUE_CHECKS=@OLD_UNIQUE_CHECKS */;
/*!40101 SET CHARACTER_SET_CLIENT=@OLD_CHARACTER_SET_CLIENT */;
/*!40101 SET CHARACTER_SET_RESULTS=@OLD_CHARACTER_SET_RESULTS */;
/*!40101 SET COLLATION_CONNECTION=@OLD_COLLATION_CONNECTION */;
/*!40111 SET SQL_NOTES=@OLD_SQL_NOTES */;

-- Dump completed on 2014-01-20 14:59:09

